/*
 * ============================================================
 *  FUENTES DE LA BASCULA MULTIUSOS  (archivo GENERADO, no editar)
 *  Desarrollado por Tostatronic - Ing. Jorge Alvarado
 * ============================================================
 *
 *  Se genera con docs/herramientas/generar_recursos.py
 *
 *  Tipografia: Barlow, de Jeremy Tribby (The Barlow Project Authors),
 *  bajo SIL Open Font License 1.1 - ver docs/herramientas/fuentes/OFL.txt
 *
 *  Formato GFXfont de 1 bit. Rango Latin-1, con estos extras en el
 *  hueco 0x80-0x9F:  U+2248 -> 0x80, U+2022 -> 0x81, U+2026 -> 0x82
 *  FuenteNumero y FuenteTitulo usan cifras tabulares (ancho fijo) para
 *  que las cantidades no "bailen"; FuenteTexto y FuenteChica, no.
 * ============================================================
 */

#pragma once
#include <Arduino.h>
#include <gfxfont.h>

// FuenteNumero: BarlowSemiCondensed-Bold.ttf a 56 px, cifras tabulares  (3086 bytes de mapa, 27 glifos)
const uint8_t FuenteNumeroMapa[] PROGMEM = {
  0x07, 0xF8, 0x03, 0xFC, 0x01, 0xFE, 0x00, 0xFF, 0x00, 0x7F, 0x80, 0x3F, 0xC0, 0x1F, 0xC0, 0x0F,
  0xE0, 0x07, 0xF0, 0x03, 0xF8, 0x01, 0xFC, 0x00, 0xFE, 0x00, 0x7F, 0x00, 0x3F, 0x80, 0x1F, 0xC0,
  0x0F, 0xE0, 0x07, 0xF0, 0x03, 0xF8, 0x01, 0xFC, 0x00, 0xFE, 0x00, 0x7F, 0x00, 0x3F, 0x80, 0x1F,
  0xC0, 0x0F, 0xE0, 0x03, 0xF0, 0x01, 0xF8, 0x00, 0x00, 0x00, 0x00, 0x00, 0x00, 0x00, 0x00, 0x00,
  0x0F, 0x80, 0x0F, 0xE0, 0x07, 0xF8, 0x07, 0xFC, 0x03, 0xFE, 0x01, 0xFF, 0x00, 0x7F, 0x80, 0x3F,
  0x80, 0x0F, 0x80, 0x7F, 0x1F, 0xE7, 0xF0, 0xFE, 0x7F, 0x0F, 0xE7, 0xF0, 0xFE, 0x7F, 0x0F, 0xE7,
  0xF0, 0xFE, 0x7F, 0x0F, 0xE7, 0xF0, 0xFE, 0x7F, 0x0F, 0xC7, 0xF0, 0xFC, 0x7F, 0x0F, 0xC3, 0xF0,
  0xFC, 0x3F, 0x0F, 0xC0, 0x00, 0x00, 0x00, 0x00, 0x00, 0x00, 0x00, 0x00, 0x00, 0x00, 0x00, 0x00,
  0x00, 0x00, 0x00, 0x00, 0x00, 0x00, 0x00, 0x00, 0x00, 0x00, 0x00, 0x00, 0x00, 0x00, 0x00, 0x00,
  0x00, 0x00, 0x00, 0x00, 0x00, 0x00, 0x00, 0x00, 0x00, 0x00, 0x00, 0x00, 0x00, 0x00, 0x00, 0x00,
  0x00, 0x00, 0x00, 0x00, 0x00, 0x00, 0x00, 0x00, 0x00, 0x00, 0x00, 0x00, 0x00, 0x00, 0x00, 0x00,
  0x00, 0x00, 0x00, 0x00, 0x00, 0x00, 0x1F, 0x80, 0xFE, 0x00, 0x03, 0xFC, 0x0F, 0xF0, 0x00, 0x3F,
  0xC1, 0xFE, 0x00, 0x03, 0xFC, 0x1F, 0xE0, 0x00, 0x3F, 0xC1, 0xFE, 0x00, 0x07, 0xF8, 0x1F, 0xE0,
  0x00, 0x7F, 0x81, 0xFE, 0x00, 0x07, 0xF8, 0x1F, 0xE0, 0x0F, 0xFF, 0xFF, 0xFF, 0xC0, 0xFF, 0xFF,
  0xFF, 0xFC, 0x0F, 0xFF, 0xFF, 0xFF, 0xC0, 0xFF, 0xFF, 0xFF, 0xFC, 0x0F, 0xFF, 0xFF, 0xFF, 0xC0,
  0xFF, 0xFF, 0xFF, 0xFC, 0x0F, 0xFF, 0xFF, 0xFF, 0xC0, 0x0F, 0xF0, 0x7F, 0x80, 0x00, 0xFF, 0x07,
  0xF8, 0x00, 0x0F, 0xF0, 0x7F, 0x80, 0x01, 0xFE, 0x07, 0xF8, 0x00, 0x1F, 0xE0, 0x7F, 0x80, 0x01,
  0xFE, 0x07, 0xF8, 0x03, 0xFF, 0xFF, 0xFF, 0xF0, 0x3F, 0xFF, 0xFF, 0xFF, 0x03, 0xFF, 0xFF, 0xFF,
  0xF0, 0x3F, 0xFF, 0xFF, 0xFF, 0x03, 0xFF, 0xFF, 0xFF, 0xF0, 0x3F, 0xFF, 0xFF, 0xFF, 0x03, 0xFF,
  0xFF, 0xFF, 0xF0, 0x03, 0xFC, 0x1F, 0xE0, 0x00, 0x3F, 0xC1, 0xFE, 0x00, 0x03, 0xFC, 0x1F, 0xE0,
  0x00, 0x7F, 0x81, 0xFE, 0x00, 0x07, 0xF8, 0x1F, 0xE0, 0x00, 0x7F, 0x81, 0xFE, 0x00, 0x07, 0xF8,
  0x1F, 0xE0, 0x00, 0x7F, 0x83, 0xFC, 0x00, 0x00, 0x00, 0x00, 0x00, 0x00, 0x00, 0x00, 0x00, 0x00,
  0x00, 0x1F, 0x80, 0x00, 0x01, 0xF8, 0x00, 0x00, 0x1F, 0x80, 0x00, 0x01, 0xF8, 0x00, 0x00, 0x1F,
  0x80, 0x00, 0x0F, 0xFF, 0x00, 0x03, 0xFF, 0xFC, 0x00, 0x7F, 0xFF, 0xE0, 0x0F, 0xFF, 0xFF, 0x01,
  0xFF, 0xFF, 0xF8, 0x1F, 0xFF, 0xFF, 0x81, 0xFF, 0x0F, 0xFC, 0x3F, 0xC0, 0x3F, 0xC3, 0xFC, 0x03,
  0xFC, 0x3F, 0xC0, 0x1F, 0xC3, 0xFC, 0x01, 0xFC, 0x3F, 0xC0, 0x1F, 0xC3, 0xFE, 0x00, 0x00, 0x1F,
  0xF0, 0x00, 0x01, 0xFF, 0x80, 0x00, 0x0F, 0xFE, 0x00, 0x00, 0xFF, 0xF8, 0x00, 0x07, 0xFF, 0xE0,
  0x00, 0x3F, 0xFF, 0x80, 0x00, 0xFF, 0xFC, 0x00, 0x07, 0xFF, 0xE0, 0x00, 0x1F, 0xFF, 0x00, 0x00,
  0x7F, 0xF8, 0x00, 0x01, 0xFF, 0xC0, 0x00, 0x07, 0xFC, 0x00, 0x00, 0x3F, 0xE3, 0xF8, 0x01, 0xFE,
  0x3F, 0x80, 0x1F, 0xE3, 0xFC, 0x01, 0xFE, 0x3F, 0xC0, 0x1F, 0xE3, 0xFE, 0x03, 0xFC, 0x3F, 0xF0,
  0x7F, 0xC1, 0xFF, 0xFF, 0xFC, 0x1F, 0xFF, 0xFF, 0x80, 0xFF, 0xFF, 0xF8, 0x07, 0xFF, 0xFF, 0x00,
  0x3F, 0xFF, 0xE0, 0x00, 0xFF, 0xF8, 0x00, 0x01, 0xFC, 0x00, 0x00, 0x1F, 0x80, 0x00, 0x01, 0xF8,
  0x00, 0x00, 0x1F, 0x80, 0x00, 0x01, 0xF8, 0x00, 0x00, 0x7E, 0x00, 0x03, 0xE0, 0x00, 0x0F, 0xFC,
  0x00, 0x3F, 0x00, 0x00, 0xFF, 0xF0, 0x01, 0xF0, 0x00, 0x0F, 0xFF, 0xC0, 0x1F, 0x80, 0x00, 0xFC,
  0x3F, 0x00, 0xF8, 0x00, 0x07, 0xC0, 0xF8, 0x0F, 0xC0, 0x00, 0x7C, 0x03, 0xC0, 0xFC, 0x00, 0x03,
  0xC0, 0x1E, 0x07, 0xE0, 0x00, 0x1E, 0x00, 0xF8, 0x7E, 0x00, 0x00, 0xF8, 0x07, 0xC3, 0xF0, 0x00,
  0x07, 0xC0, 0x3C, 0x3F, 0x00, 0x00, 0x3F, 0x03, 0xE1, 0xF0, 0x00, 0x00, 0xFC, 0x3F, 0x1F, 0x80,
  0x00, 0x03, 0xFF, 0xF0, 0xF8, 0x00, 0x00, 0x1F, 0xFF, 0x0F, 0xC0, 0x00, 0x00, 0x3F, 0xF0, 0x7C,
  0x00, 0x00, 0x00, 0x7E, 0x07, 0xE0, 0x00, 0x00, 0x00, 0x00, 0x7E, 0x00, 0x00, 0x00, 0x00, 0x03,
  0xF0, 0x00, 0x00, 0x00, 0x00, 0x3F, 0x00, 0x00, 0x00, 0x00, 0x01, 0xF0, 0x00, 0x00, 0x00, 0x00,
  0x1F, 0x80, 0x00, 0x00, 0x00, 0x00, 0xF8, 0x0F, 0xC0, 0x00, 0x00, 0x0F, 0xC1, 0xFF, 0x80, 0x00,
  0x00, 0x7C, 0x1F, 0xFE, 0x00, 0x00, 0x07, 0xE1, 0xFF, 0xF8, 0x00, 0x00, 0x7E, 0x1F, 0x87, 0xE0,
  0x00, 0x03, 0xF0, 0xF8, 0x1F, 0x00, 0x00, 0x3F, 0x0F, 0x80, 0x7C, 0x00, 0x01, 0xF8, 0x7C, 0x03,
  0xE0, 0x00, 0x1F, 0x83, 0xE0, 0x1F, 0x00, 0x00, 0xF8, 0x1F, 0x00, 0xF8, 0x00, 0x0F, 0xC0, 0xF8,
  0x07, 0xC0, 0x00, 0x7C, 0x03, 0xE0, 0x7C, 0x00, 0x07, 0xE0, 0x1F, 0x87, 0xE0, 0x00, 0x3E, 0x00,
  0x7F, 0xFE, 0x00, 0x03, 0xF0, 0x01, 0xFF, 0xE0, 0x00, 0x3F, 0x00, 0x07, 0xFE, 0x00, 0x01, 0xF8,
  0x00, 0x0F, 0xC0, 0x00, 0x00, 0x1F, 0xE0, 0x00, 0x00, 0x03, 0xFF, 0xC0, 0x00, 0x00, 0x7F, 0xFF,
  0x80, 0x00, 0x07, 0xFF, 0xFE, 0x00, 0x00, 0x3F, 0xFF, 0xF8, 0x00, 0x03, 0xFF, 0xFF, 0xC0, 0x00,
  0x1F, 0xFF, 0xFF, 0x00, 0x01, 0xFF, 0x0F, 0xF8, 0x00, 0x0F, 0xF0, 0x3F, 0xC0, 0x00, 0x7F, 0x81,
  0xFE, 0x00, 0x03, 0xFC, 0x0F, 0xF0, 0x00, 0x1F, 0xE0, 0x7F, 0x80, 0x00, 0x7F, 0x83, 0xFC, 0x00,
  0x03, 0xFE, 0x3F, 0xE0, 0x00, 0x0F, 0xFF, 0xFE, 0x00, 0x00, 0x7F, 0xFF, 0xF0, 0x00, 0x01, 0xFF,
  0xFF, 0x00, 0x00, 0x07, 0xFF, 0xF0, 0x00, 0x00, 0x1F, 0xFF, 0x00, 0x00, 0x03, 0xFF, 0xF0, 0x00,
  0x00, 0x3F, 0xFF, 0x00, 0x00, 0x03, 0xFF, 0xFC, 0x04, 0x00, 0x3F, 0xFF, 0xE0, 0x78, 0x03, 0xFF,
  0xFF, 0x87, 0xF0, 0x1F, 0xF3, 0xFE, 0x3F, 0xC1, 0xFF, 0x0F, 0xFB, 0xFC, 0x0F, 0xF0, 0x3F, 0xFF,
  0xE0, 0x7F, 0x80, 0xFF, 0xFE, 0x03, 0xFC, 0x07, 0xFF, 0xE0, 0x1F, 0xE0, 0x1F, 0xFE, 0x00, 0xFF,
  0x00, 0x7F, 0xF0, 0x07, 0xFC, 0x0F, 0xFF, 0x00, 0x3F, 0xFF, 0xFF, 0xFC, 0x00, 0xFF, 0xFF, 0xFF,
  0xF0, 0x07, 0xFF, 0xFF, 0xFF, 0x80, 0x1F, 0xFF, 0xFF, 0xFE, 0x00, 0x7F, 0xFF, 0xEF, 0xF8, 0x01,
  0xFF, 0xFC, 0x3F, 0xE0, 0x01, 0xFF, 0x00, 0xFF, 0x00, 0x7F, 0xBF, 0xDF, 0xEF, 0xF7, 0xF3, 0xF9,
  0xFC, 0xFE, 0x7F, 0x3F, 0x9F, 0xC7, 0xE3, 0xF0, 0x00, 0x00, 0x00, 0x00, 0x00, 0x00, 0x00, 0x00,
  0x00, 0x00, 0x00, 0x00, 0x00, 0x00, 0x00, 0x00, 0x00, 0x00, 0x00, 0x00, 0x00, 0x00, 0x00, 0x00,
  0x00, 0x00, 0x00, 0x00, 0x00, 0x01, 0xFE, 0x00, 0xFF, 0x00, 0x7F, 0xC0, 0x1F, 0xE0, 0x0F, 0xF8,
  0x03, 0xFC, 0x01, 0xFF, 0x00, 0x7F, 0x80, 0x1F, 0xE0, 0x0F, 0xF8, 0x03, 0xFE, 0x00, 0xFF, 0x00,
  0x7F, 0xC0, 0x1F, 0xF0, 0x07, 0xFC, 0x01, 0xFE, 0x00, 0xFF, 0x80, 0x3F, 0xE0, 0x0F, 0xF8, 0x03,
  0xFE, 0x00, 0xFF, 0x80, 0x3F, 0xE0, 0x0F, 0xF8, 0x03, 0xFE, 0x00, 0xFF, 0x80, 0x3F, 0xE0, 0x0F,
  0xF8, 0x03, 0xFE, 0x00, 0xFF, 0x80, 0x3F, 0xE0, 0x0F, 0xF8, 0x01, 0xFE, 0x00, 0x7F, 0xC0, 0x1F,
  0xF0, 0x07, 0xFC, 0x01, 0xFF, 0x00, 0x3F, 0xE0, 0x0F, 0xF8, 0x03, 0xFE, 0x00, 0x7F, 0x80, 0x1F,
  0xF0, 0x03, 0xFC, 0x00, 0xFF, 0x80, 0x1F, 0xE0, 0x07, 0xFC, 0x00, 0xFF, 0x00, 0x1F, 0xE0, 0x0F,
  0xF0, 0x01, 0xFE, 0x00, 0x1F, 0xE0, 0x03, 0xFE, 0x00, 0x3F, 0xC0, 0x07, 0xFC, 0x00, 0xFF, 0x80,
  0x0F, 0xF8, 0x01, 0xFF, 0x00, 0x1F, 0xE0, 0x03, 0xFE, 0x00, 0x7F, 0xC0, 0x0F, 0xF8, 0x00, 0xFF,
  0x00, 0x1F, 0xF0, 0x03, 0xFE, 0x00, 0x7F, 0xC0, 0x0F, 0xF8, 0x01, 0xFF, 0x00, 0x3F, 0xE0, 0x07,
  0xFC, 0x00, 0x7F, 0x80, 0x0F, 0xF0, 0x01, 0xFE, 0x00, 0x3F, 0xC0, 0x07, 0xF8, 0x01, 0xFF, 0x00,
  0x3F, 0xE0, 0x07, 0xFC, 0x00, 0xFF, 0x80, 0x1F, 0xF0, 0x03, 0xFE, 0x00, 0x7F, 0xC0, 0x0F, 0xF0,
  0x03, 0xFE, 0x00, 0x7F, 0xC0, 0x0F, 0xF8, 0x01, 0xFE, 0x00, 0x7F, 0xC0, 0x0F, 0xF8, 0x01, 0xFE,
  0x00, 0x7F, 0xC0, 0x0F, 0xF0, 0x03, 0xFE, 0x00, 0x7F, 0x80, 0x1F, 0xE0, 0x03, 0xFC, 0x00, 0x00,
  0xF8, 0x00, 0x07, 0xC0, 0x00, 0x3E, 0x00, 0x21, 0xF0, 0x83, 0xCF, 0x9E, 0x1F, 0xFD, 0xF9, 0xFF,
  0xFF, 0xC7, 0xFF, 0xFE, 0x0F, 0xFF, 0xC0, 0x3F, 0xF8, 0x01, 0xFF, 0xC0, 0x1F, 0xFF, 0x83, 0xFF,
  0xFE, 0x3F, 0xFF, 0xF8, 0xFF, 0xEF, 0xC7, 0x9F, 0x3C, 0x10, 0xF8, 0x60, 0x07, 0xC0, 0x00, 0x3E,
  0x00, 0x01, 0xF0, 0x00, 0x00, 0x00, 0x00, 0x00, 0x00, 0x00, 0x00, 0x00, 0x00, 0x00, 0x00, 0x00,
  0x00, 0x00, 0x00, 0x00, 0x00, 0x00, 0x00, 0x00, 0x00, 0x00, 0x00, 0x00, 0x00, 0x00, 0x00, 0x00,
  0x00, 0x00, 0x00, 0x00, 0x00, 0x00, 0x00, 0x00, 0x00, 0x00, 0x00, 0x00, 0x00, 0x00, 0x00, 0x00,
  0x00, 0x00, 0x00, 0x00, 0x00, 0x00, 0x00, 0x00, 0x00, 0x00, 0x00, 0x00, 0x00, 0x00, 0x00, 0x3F,
  0x00, 0x00, 0x0F, 0xC0, 0x00, 0x03, 0xF0, 0x00, 0x00, 0xFC, 0x00, 0x00, 0x3F, 0x00, 0x00, 0x0F,
  0xC0, 0x00, 0x03, 0xF0, 0x00, 0x00, 0xFC, 0x00, 0x3F, 0xFF, 0xFF, 0x1F, 0xFF, 0xFF, 0xC7, 0xFF,
  0xFF, 0xF1, 0xFF, 0xFF, 0xFC, 0x7F, 0xFF, 0xFF, 0x1F, 0xFF, 0xFF, 0xC3, 0xFF, 0xFF, 0xF0, 0x00,
  0xFC, 0x00, 0x00, 0x3F, 0x00, 0x00, 0x0F, 0xC0, 0x00, 0x03, 0xF0, 0x00, 0x00, 0xFC, 0x00, 0x00,
  0x3F, 0x00, 0x00, 0x0F, 0xC0, 0x00, 0x03, 0xF0, 0x00, 0x00, 0x00, 0x00, 0x00, 0x00, 0x00, 0x00,
  0x00, 0x00, 0x00, 0x00, 0x00, 0x00, 0x00, 0x00, 0x00, 0x00, 0x00, 0x00, 0x00, 0x0F, 0xE0, 0xFE,
  0x07, 0xF0, 0x3F, 0x81, 0xFC, 0x0F, 0xC0, 0x7E, 0x03, 0xF0, 0x1F, 0x81, 0xF8, 0x0F, 0xC0, 0x7E,
  0x03, 0xF0, 0x1F, 0x00, 0x3F, 0xFF, 0xE3, 0xFF, 0xFF, 0x1F, 0xFF, 0xF8, 0xFF, 0xFF, 0xC7, 0xFF,
  0xFE, 0x3F, 0xFF, 0xF0, 0xFF, 0xFF, 0x80, 0x00, 0x00, 0x00, 0x00, 0x00, 0x00, 0x00, 0x00, 0x00,
  0x00, 0x00, 0x00, 0x00, 0x00, 0x00, 0x00, 0x00, 0x00, 0x00, 0x00, 0x00, 0x00, 0x00, 0x00, 0x00,
  0x00, 0x00, 0x00, 0x00, 0x00, 0x00, 0x00, 0x00, 0x00, 0x07, 0x80, 0x3F, 0x81, 0xFE, 0x07, 0xF8,
  0x1F, 0xF0, 0x7F, 0x81, 0xFE, 0x03, 0xF8, 0x07, 0x80, 0x00, 0x01, 0xFC, 0x00, 0x01, 0xFE, 0x00,
  0x00, 0xFF, 0x00, 0x00, 0x7F, 0x00, 0x00, 0x7F, 0x80, 0x00, 0x3F, 0xC0, 0x00, 0x3F, 0xC0, 0x00,
  0x1F, 0xE0, 0x00, 0x0F, 0xF0, 0x00, 0x0F, 0xF0, 0x00, 0x07, 0xF8, 0x00, 0x03, 0xFC, 0x00, 0x03,
  0xFC, 0x00, 0x01, 0xFE, 0x00, 0x00, 0xFE, 0x00, 0x00, 0xFF, 0x00, 0x00, 0x7F, 0x80, 0x00, 0x3F,
  0x80, 0x00, 0x3F, 0xC0, 0x00, 0x1F, 0xE0, 0x00, 0x1F, 0xE0, 0x00, 0x0F, 0xF0, 0x00, 0x07, 0xF8,
  0x00, 0x07, 0xF8, 0x00, 0x03, 0xFC, 0x00, 0x01, 0xFE, 0x00, 0x01, 0xFE, 0x00, 0x00, 0xFF, 0x00,
  0x00, 0x7F, 0x00, 0x00, 0x7F, 0x80, 0x00, 0x3F, 0xC0, 0x00, 0x1F, 0xC0, 0x00, 0x1F, 0xE0, 0x00,
  0x0F, 0xF0, 0x00, 0x0F, 0xF0, 0x00, 0x07, 0xF8, 0x00, 0x03, 0xFC, 0x00, 0x03, 0xFC, 0x00, 0x01,
  0xFE, 0x00, 0x00, 0x00, 0x1F, 0xE0, 0x00, 0x07, 0xFF, 0xC0, 0x00, 0xFF, 0xFF, 0x80, 0x0F, 0xFF,
  0xFE, 0x00, 0x7F, 0xFF, 0xF8, 0x07, 0xFF, 0xFF, 0xC0, 0x7F, 0xFF, 0xFF, 0x03, 0xFE, 0x0F, 0xF8,
  0x1F, 0xE0, 0x3F, 0xC0, 0xFF, 0x00, 0xFF, 0x0F, 0xF0, 0x07, 0xF8, 0x7F, 0x80, 0x3F, 0xC3, 0xFC,
  0x01, 0xFE, 0x1F, 0xE0, 0x0F, 0xF0, 0xFF, 0x00, 0x7F, 0x87, 0xF8, 0x03, 0xFC, 0x3F, 0xC0, 0x1F,
  0xE1, 0xFE, 0x00, 0xFF, 0x0F, 0xF0, 0x07, 0xF8, 0x7F, 0x80, 0x3F, 0xC3, 0xFC, 0x01, 0xFE, 0x1F,
  0xE0, 0x0F, 0xF0, 0xFF, 0x00, 0x7F, 0x87, 0xF8, 0x03, 0xFC, 0x3F, 0xC0, 0x1F, 0xE1, 0xFE, 0x00,
  0xFF, 0x0F, 0xF0, 0x07, 0xF8, 0x7F, 0x80, 0x3F, 0xC3, 0xFC, 0x01, 0xFE, 0x0F, 0xF0, 0x0F, 0xF0,
  0x7F, 0x80, 0xFF, 0x03, 0xFE, 0x0F, 0xF8, 0x1F, 0xFF, 0xFF, 0xC0, 0x7F, 0xFF, 0xFC, 0x03, 0xFF,
  0xFF, 0xE0, 0x0F, 0xFF, 0xFE, 0x00, 0x3F, 0xFF, 0xE0, 0x00, 0x7F, 0xFC, 0x00, 0x00, 0xFF, 0x80,
  0x00, 0x00, 0x07, 0xFC, 0x00, 0x01, 0xFF, 0xE0, 0x00, 0x3F, 0xFF, 0x00, 0x0F, 0xFF, 0xF8, 0x00,
  0xFF, 0xFF, 0xC0, 0x07, 0xFF, 0xFE, 0x00, 0x3F, 0xFF, 0xF0, 0x01, 0xFF, 0xFF, 0x80, 0x0F, 0xFB,
  0xFC, 0x00, 0x7E, 0x1F, 0xE0, 0x03, 0x00, 0xFF, 0x00, 0x00, 0x07, 0xF8, 0x00, 0x00, 0x3F, 0xC0,
  0x00, 0x01, 0xFE, 0x00, 0x00, 0x0F, 0xF0, 0x00, 0x00, 0x7F, 0x80, 0x00, 0x03, 0xFC, 0x00, 0x00,
  0x1F, 0xE0, 0x00, 0x00, 0xFF, 0x00, 0x00, 0x07, 0xF8, 0x00, 0x00, 0x3F, 0xC0, 0x00, 0x01, 0xFE,
  0x00, 0x00, 0x0F, 0xF0, 0x00, 0x00, 0x7F, 0x80, 0x00, 0x03, 0xFC, 0x00, 0x00, 0x1F, 0xE0, 0x00,
  0x00, 0xFF, 0x00, 0x00, 0x07, 0xF8, 0x00, 0x00, 0x3F, 0xC0, 0x00, 0x01, 0xFE, 0x00, 0x00, 0x0F,
  0xF0, 0x00, 0x00, 0x7F, 0x80, 0x00, 0x03, 0xFC, 0x00, 0x00, 0x1F, 0xE0, 0x00, 0x00, 0xFF, 0x00,
  0x00, 0x07, 0xF8, 0x00, 0x00, 0x3F, 0xC0, 0x00, 0x01, 0xFE, 0x00, 0x00, 0x0F, 0xF0, 0x00, 0x00,
  0x3F, 0xC0, 0x00, 0x07, 0xFF, 0xC0, 0x00, 0xFF, 0xFF, 0x00, 0x0F, 0xFF, 0xFE, 0x00, 0xFF, 0xFF,
  0xF0, 0x07, 0xFF, 0xFF, 0xC0, 0x7F, 0xFF, 0xFF, 0x03, 0xFE, 0x0F, 0xF8, 0x3F, 0xE0, 0x3F, 0xC1,
  0xFE, 0x01, 0xFE, 0x0F, 0xF0, 0x0F, 0xF0, 0x7F, 0x80, 0x7F, 0x83, 0xFC, 0x03, 0xFC, 0x00, 0x00,
  0x1F, 0xE0, 0x00, 0x01, 0xFF, 0x00, 0x00, 0x0F, 0xF8, 0x00, 0x00, 0xFF, 0x80, 0x00, 0x0F, 0xFC,
  0x00, 0x00, 0x7F, 0xC0, 0x00, 0x07, 0xFC, 0x00, 0x00, 0x7F, 0xE0, 0x00, 0x07, 0xFE, 0x00, 0x00,
  0x7F, 0xE0, 0x00, 0x03, 0xFE, 0x00, 0x00, 0x3F, 0xE0, 0x00, 0x03, 0xFF, 0x00, 0x00, 0x3F, 0xF0,
  0x00, 0x03, 0xFF, 0x00, 0x00, 0x3F, 0xF0, 0x00, 0x03, 0xFF, 0x00, 0x00, 0x3F, 0xF0, 0x00, 0x01,
  0xFF, 0x00, 0x00, 0x1F, 0xFF, 0xFF, 0xE0, 0xFF, 0xFF, 0xFF, 0x07, 0xFF, 0xFF, 0xF8, 0x3F, 0xFF,
  0xFF, 0xC1, 0xFF, 0xFF, 0xFE, 0x0F, 0xFF, 0xFF, 0xF0, 0x7F, 0xFF, 0xFF, 0x80, 0x1F, 0xFF, 0xFF,
  0xC0, 0xFF, 0xFF, 0xFE, 0x07, 0xFF, 0xFF, 0xF0, 0x3F, 0xFF, 0xFF, 0x81, 0xFF, 0xFF, 0xFC, 0x0F,
  0xFF, 0xFF, 0xE0, 0x7F, 0xFF, 0xFF, 0x00, 0x00, 0x3F, 0xF8, 0x00, 0x03, 0xFF, 0x80, 0x00, 0x3F,
  0xF8, 0x00, 0x03, 0xFF, 0x80, 0x00, 0x3F, 0xF8, 0x00, 0x03, 0xFF, 0x80, 0x00, 0x3F, 0xF8, 0x00,
  0x03, 0xFF, 0x80, 0x00, 0x3F, 0xFF, 0x00, 0x00, 0xFF, 0xFE, 0x00, 0x03, 0xFF, 0xF8, 0x00, 0x0F,
  0xFF, 0xE0, 0x00, 0x30, 0xFF, 0x00, 0x00, 0x03, 0xF8, 0x00, 0x00, 0x1F, 0xE0, 0x00, 0x00, 0xFF,
  0x00, 0x00, 0x03, 0xF8, 0x00, 0x00, 0x1F, 0xC0, 0x00, 0x00, 0xFE, 0x0F, 0xF0, 0x07, 0xF0, 0x7F,
  0x80, 0x3F, 0x83, 0xFC, 0x03, 0xFC, 0x1F, 0xF0, 0x1F, 0xE0, 0x7F, 0x80, 0xFF, 0x03, 0xFE, 0x0F,
  0xF8, 0x1F, 0xFF, 0xFF, 0x80, 0x7F, 0xFF, 0xFC, 0x03, 0xFF, 0xFF, 0xC0, 0x0F, 0xFF, 0xFC, 0x00,
  0x3F, 0xFF, 0xC0, 0x00, 0x7F, 0xFC, 0x00, 0x00, 0xFF, 0x00, 0x00, 0x00, 0x3F, 0xC0, 0x00, 0x03,
  0xFE, 0x00, 0x00, 0x1F, 0xE0, 0x00, 0x00, 0xFF, 0x00, 0x00, 0x0F, 0xF0, 0x00, 0x00, 0x7F, 0x80,
  0x00, 0x07, 0xFC, 0x00, 0x00, 0x3F, 0xC0, 0x00, 0x01, 0xFE, 0x00, 0x00, 0x1F, 0xF0, 0x00, 0x00,
  0xFF, 0x00, 0x00, 0x07, 0xF8, 0x00, 0x00, 0x7F, 0xC0, 0x00, 0x03, 0xFC, 0x00, 0x00, 0x3F, 0xE0,
  0x00, 0x01, 0xFE, 0x0F, 0xF0, 0x0F, 0xF0, 0x7F, 0x80, 0xFF, 0x83, 0xFC, 0x07, 0xF8, 0x1F, 0xE0,
  0x3F, 0xC0, 0xFF, 0x03, 0xFE, 0x07, 0xF8, 0x1F, 0xE0, 0x3F, 0xC1, 0xFF, 0xFF, 0xFF, 0xCF, 0xFF,
  0xFF, 0xFE, 0x7F, 0xFF, 0xFF, 0xF3, 0xFF, 0xFF, 0xFF, 0x9F, 0xFF, 0xFF, 0xFC, 0xFF, 0xFF, 0xFF,
  0xE7, 0xFF, 0xFF, 0xFF, 0x00, 0x00, 0x3F, 0xC0, 0x00, 0x01, 0xFE, 0x00, 0x00, 0x0F, 0xF0, 0x00,
  0x00, 0x7F, 0x80, 0x00, 0x03, 0xFC, 0x00, 0x00, 0x1F, 0xE0, 0x00, 0x00, 0xFF, 0x00, 0x00, 0x07,
  0xF8, 0x00, 0x00, 0x3F, 0xC0, 0x00, 0x01, 0xFE, 0x00, 0x1F, 0xFF, 0xFF, 0xC0, 0xFF, 0xFF, 0xFE,
  0x07, 0xFF, 0xFF, 0xF0, 0x3F, 0xFF, 0xFF, 0x81, 0xFF, 0xFF, 0xFC, 0x0F, 0xFF, 0xFF, 0xE0, 0x7F,
  0xFF, 0xFF, 0x03, 0xFC, 0x00, 0x00, 0x1F, 0xE0, 0x00, 0x00, 0xFF, 0x00, 0x00, 0x07, 0xF8, 0x00,
  0x00, 0x3F, 0xC0, 0x00, 0x01, 0xFE, 0x00, 0x00, 0x0F, 0xF0, 0x00, 0x00, 0x7F, 0x9F, 0xC0, 0x03,
  0xFF, 0xFF, 0x80, 0x1F, 0xFF, 0xFE, 0x00, 0xFF, 0xFF, 0xF8, 0x07, 0xFF, 0xFF, 0xE0, 0x3F, 0xFF,
  0xFF, 0x81, 0xFF, 0xFF, 0xFC, 0x0F, 0xF8, 0x3F, 0xE0, 0x7F, 0x80, 0xFF, 0x83, 0xF8, 0x03, 0xFC,
  0x00, 0x00, 0x1F, 0xE0, 0x00, 0x00, 0xFF, 0x00, 0x00, 0x07, 0xF8, 0x00, 0x00, 0x3F, 0xC1, 0xFE,
  0x01, 0xFE, 0x0F, 0xF0, 0x0F, 0xF0, 0x7F, 0x80, 0xFF, 0x83, 0xFE, 0x0F, 0xF8, 0x0F, 0xFF, 0xFF,
  0xC0, 0x7F, 0xFF, 0xFC, 0x01, 0xFF, 0xFF, 0xE0, 0x07, 0xFF, 0xFE, 0x00, 0x1F, 0xFF, 0xE0, 0x00,
  0x7F, 0xFC, 0x00, 0x00, 0x7F, 0x80, 0x00, 0x00, 0x3F, 0xE0, 0x00, 0x07, 0xFF, 0xC0, 0x00, 0xFF,
  0xFF, 0x80, 0x0F, 0xFF, 0xFE, 0x00, 0xFF, 0xFF, 0xF8, 0x07, 0xFF, 0xFF, 0xC0, 0x7F, 0xFF, 0xFF,
  0x03, 0xFE, 0x0F, 0xF8, 0x1F, 0xE0, 0x3F, 0xC0, 0xFF, 0x01, 0xFE, 0x07, 0xF8, 0x0F, 0xF0, 0x3F,
  0xC0, 0x7F, 0x81, 0xFE, 0x00, 0x00, 0x0F, 0xF0, 0x00, 0x00, 0x7F, 0x8F, 0xC0, 0x03, 0xFD, 0xFF,
  0x80, 0x1F, 0xFF, 0xFE, 0x00, 0xFF, 0xFF, 0xF8, 0x07, 0xFF, 0xFF, 0xE0, 0x3F, 0xFF, 0xFF, 0x81,
  0xFF, 0xFF, 0xFC, 0x0F, 0xF8, 0x3F, 0xE0, 0x7F, 0x80, 0xFF, 0x83, 0xFC, 0x03, 0xFC, 0x1F, 0xE0,
  0x1F, 0xE0, 0xFF, 0x00, 0xFF, 0x07, 0xF8, 0x07, 0xF8, 0x3F, 0xC0, 0x3F, 0xC1, 0xFE, 0x01, 0xFE,
  0x0F, 0xF0, 0x0F, 0xF0, 0x7F, 0x80, 0xFF, 0x83, 0xFE, 0x0F, 0xF8, 0x0F, 0xFF, 0xFF, 0xC0, 0x7F,
  0xFF, 0xFC, 0x01, 0xFF, 0xFF, 0xE0, 0x07, 0xFF, 0xFE, 0x00, 0x1F, 0xFF, 0xE0, 0x00, 0x7F, 0xFC,
  0x00, 0x00, 0x7F, 0x80, 0x00, 0x3F, 0xFF, 0xFF, 0xE1, 0xFF, 0xFF, 0xFF, 0x0F, 0xFF, 0xFF, 0xF8,
  0x7F, 0xFF, 0xFF, 0xC3, 0xFF, 0xFF, 0xFE, 0x1F, 0xFF, 0xFF, 0xF0, 0xFF, 0xFF, 0xFF, 0x87, 0xF0,
  0x03, 0xFC, 0x3F, 0x80, 0x3F, 0xE1, 0xFC, 0x01, 0xFE, 0x00, 0x00, 0x0F, 0xF0, 0x00, 0x00, 0xFF,
  0x00, 0x00, 0x07, 0xF8, 0x00, 0x00, 0x7F, 0xC0, 0x00, 0x03, 0xFC, 0x00, 0x00, 0x1F, 0xE0, 0x00,
  0x01, 0xFF, 0x00, 0x00, 0x0F, 0xF0, 0x00, 0x00, 0x7F, 0x80, 0x00, 0x07, 0xFC, 0x00, 0x00, 0x3F,
  0xC0, 0x00, 0x03, 0xFE, 0x00, 0x00, 0x1F, 0xE0, 0x00, 0x00, 0xFF, 0x00, 0x00, 0x0F, 0xF8, 0x00,
  0x00, 0x7F, 0x80, 0x00, 0x03, 0xFC, 0x00, 0x00, 0x3F, 0xE0, 0x00, 0x01, 0xFE, 0x00, 0x00, 0x1F,
  0xF0, 0x00, 0x00, 0xFF, 0x00, 0x00, 0x07, 0xF8, 0x00, 0x00, 0x7F, 0xC0, 0x00, 0x03, 0xFC, 0x00,
  0x00, 0x1F, 0xE0, 0x00, 0x01, 0xFF, 0x00, 0x00, 0x0F, 0xF0, 0x00, 0x00, 0x7F, 0x80, 0x00, 0x07,
  0xFC, 0x00, 0x00, 0x00, 0x1F, 0xE0, 0x00, 0x07, 0xFF, 0xC0, 0x00, 0xFF, 0xFF, 0x80, 0x0F, 0xFF,
  0xFE, 0x00, 0x7F, 0xFF, 0xF8, 0x07, 0xFF, 0xFF, 0xC0, 0x7F, 0xFF, 0xFF, 0x03, 0xFE, 0x0F, 0xF8,
  0x1F, 0xE0, 0x3F, 0xC0, 0xFF, 0x00, 0xFF, 0x07, 0xF0, 0x07, 0xF8, 0x3F, 0xC0, 0x3F, 0x81, 0xFE,
  0x03, 0xFC, 0x0F, 0xF0, 0x1F, 0xE0, 0x3F, 0xC1, 0xFF, 0x01, 0xFF, 0xFF, 0xF0, 0x07, 0xFF, 0xFF,
  0x00, 0x1F, 0xFF, 0xF0, 0x00, 0xFF, 0xFF, 0x80, 0x0F, 0xFF, 0xFE, 0x00, 0xFF, 0xFF, 0xF8, 0x07,
  0xFC, 0x3F, 0xC0, 0x7F, 0xC0, 0xFF, 0x03, 0xFC, 0x07, 0xF8, 0x1F, 0xE0, 0x1F, 0xC0, 0xFE, 0x00,
  0xFF, 0x0F, 0xF0, 0x07, 0xF8, 0x7F, 0x80, 0x3F, 0xC1, 0xFE, 0x01, 0xFE, 0x0F, 0xF0, 0x1F, 0xE0,
  0x7F, 0x80, 0xFF, 0x03, 0xFE, 0x0F, 0xF8, 0x0F, 0xFF, 0xFF, 0xC0, 0x7F, 0xFF, 0xFC, 0x01, 0xFF,
  0xFF, 0xC0, 0x07, 0xFF, 0xFE, 0x00, 0x1F, 0xFF, 0xE0, 0x00, 0x7F, 0xFC, 0x00, 0x00, 0x7F, 0x00,
  0x00, 0x00, 0x3F, 0xC0, 0x00, 0x0F, 0xFF, 0xC0, 0x00, 0xFF, 0xFF, 0x00, 0x0F, 0xFF, 0xFC, 0x00,
  0xFF, 0xFF, 0xF0, 0x0F, 0xFF, 0xFF, 0xC0, 0x7F, 0xFF, 0xFE, 0x03, 0xFE, 0x0F, 0xF8, 0x3F, 0xE0,
  0x3F, 0xC1, 0xFE, 0x01, 0xFE, 0x0F, 0xF0, 0x0F, 0xF0, 0x7F, 0x80, 0x7F, 0x83, 0xFC, 0x03, 0xFC,
  0x1F, 0xE0, 0x1F, 0xE0, 0xFF, 0x00, 0xFF, 0x07, 0xF8, 0x07, 0xF8, 0x1F, 0xE0, 0x7F, 0xC0, 0xFF,
  0x87, 0xFE, 0x07, 0xFF, 0xFF, 0xF0, 0x1F, 0xFF, 0xFF, 0x80, 0xFF, 0xFF, 0xFC, 0x03, 0xFF, 0xFF,
  0xE0, 0x07, 0xFE, 0xFF, 0x00, 0x0F, 0xC7, 0xF8, 0x00, 0x00, 0x3F, 0xC0, 0x00, 0x01, 0xFE, 0x00,
  0x00, 0x0F, 0xF0, 0x3F, 0xC0, 0x7F, 0x81, 0xFE, 0x03, 0xFC, 0x0F, 0xF0, 0x1F, 0xE0, 0x7F, 0x80,
  0xFF, 0x03, 0xFE, 0x0F, 0xF8, 0x1F, 0xFF, 0xFF, 0xC0, 0x7F, 0xFF, 0xFC, 0x03, 0xFF, 0xFF, 0xE0,
  0x0F, 0xFF, 0xFE, 0x00, 0x3F, 0xFF, 0xE0, 0x00, 0x7F, 0xFC, 0x00, 0x00, 0xFF, 0x80, 0x00, 0x01,
  0xE0, 0x00, 0xFE, 0x00, 0x7F, 0x80, 0x1F, 0xE0, 0x07, 0xFC, 0x01, 0xFE, 0x00, 0x7F, 0x80, 0x0F,
  0xE0, 0x01, 0xE0, 0x00, 0x00, 0x00, 0x00, 0x00, 0x00, 0x00, 0x00, 0x00, 0x00, 0x00, 0x00, 0x00,
  0x00, 0x00, 0x00, 0x00, 0x00, 0x00, 0x00, 0x00, 0x00, 0x00, 0x07, 0x80, 0x03, 0xF8, 0x01, 0xFE,
  0x00, 0x7F, 0x80, 0x1F, 0xF0, 0x07, 0xF8, 0x01, 0xFE, 0x00, 0x3F, 0x80, 0x07, 0x80,
};
const GFXglyph FuenteNumeroGlifos[] PROGMEM = {
  {     0,   0,   0,  11,    0,    0 },   // 0x20
  {     0,  17,  39,  17,    0,  -39 },   // 0x21
  {    83,  20,  39,  20,    0,  -39 },   // 0x22
  {   181,  36,  38,  36,    0,  -38 },   // 0x23
  {   352,  28,  48,  28,    0,  -44 },   // 0x24
  {   520,  45,  39,  45,    0,  -39 },   // 0x25
  {   740,  37,  39,  37,    0,  -39 },   // 0x26
  {   921,   9,  39,   9,    0,  -39 },   // 0x27
  {   965,  18,  47,  18,    0,  -42 },   // 0x28
  {  1071,  19,  47,  18,    0,  -42 },   // 0x29
  {  1183,  21,  42,  21,    0,  -42 },   // 0x2A
  {  1294,  26,  29,  26,    0,  -29 },   // 0x2B
  {  1389,  13,  14,  13,    0,   -9 },   // 0x2C
  {  1412,  21,  20,  21,    0,  -20 },   // 0x2D
  {  1465,  14,   9,  14,    0,   -9 },   // 0x2E
  {  1481,  25,  39,  25,    0,  -39 },   // 0x2F
  {  1603,  29,  39,  29,    0,  -39 },   // 0x30
  {  1745,  29,  39,  29,    0,  -39 },   // 0x31
  {  1887,  29,  39,  29,    0,  -39 },   // 0x32
  {  2029,  29,  39,  29,    0,  -39 },   // 0x33
  {  2171,  29,  39,  29,    0,  -39 },   // 0x34
  {  2313,  29,  39,  29,    0,  -39 },   // 0x35
  {  2455,  29,  39,  29,    0,  -39 },   // 0x36
  {  2597,  29,  39,  29,    0,  -39 },   // 0x37
  {  2739,  29,  39,  29,    0,  -39 },   // 0x38
  {  2881,  29,  39,  29,    0,  -39 },   // 0x39
  {  3023,  18,  28,  18,    0,  -28 },   // 0x3A
};
const GFXfont FuenteNumero PROGMEM = { (uint8_t*)FuenteNumeroMapa, (GFXglyph*)FuenteNumeroGlifos, 0x20, 0x3A, 68 };
const uint8_t FuenteNumeroAltoMayus = 39;

// FuenteTitulo: Barlow-SemiBold.ttf a 24 px, cifras tabulares  (5421 bytes de mapa, 224 glifos)
const uint8_t FuenteTituloMapa[] PROGMEM = {
  0x18, 0x18, 0x18, 0x18, 0x18, 0x18, 0x18, 0x18, 0x18, 0x18, 0x18, 0x18, 0x00, 0x00, 0x18, 0x3C,
  0x3C, 0x18, 0xE6, 0x66, 0x66, 0x66, 0x66, 0x66, 0x00, 0x00, 0x00, 0x00, 0x00, 0x00, 0x00, 0x00,
  0x00, 0x00, 0x00, 0x00, 0x07, 0x1C, 0x07, 0x18, 0x06, 0x38, 0x0E, 0x38, 0x3F, 0xFE, 0x3F, 0xFE,
  0x1F, 0xFE, 0x0E, 0x38, 0x0C, 0x30, 0x3F, 0xFC, 0x7F, 0xFC, 0x7F, 0xFC, 0x1C, 0x70, 0x1C, 0x70,
  0x1C, 0x60, 0x18, 0xE0, 0x00, 0x00, 0x07, 0x00, 0x0C, 0x00, 0x70, 0x07, 0xF0, 0x3F, 0xE0, 0xE3,
  0xC7, 0x07, 0x1C, 0x0C, 0x70, 0x00, 0xF0, 0x01, 0xF0, 0x03, 0xF0, 0x03, 0xE0, 0x03, 0xC0, 0x03,
  0x1C, 0x0E, 0x70, 0x31, 0xE1, 0xC3, 0xFE, 0x07, 0xF0, 0x03, 0x00, 0x0C, 0x00, 0x0E, 0x07, 0x01,
  0xF0, 0x60, 0x31, 0x8C, 0x02, 0x18, 0xC0, 0x31, 0x98, 0x03, 0x19, 0x80, 0x1F, 0x30, 0x00, 0xE3,
  0x00, 0x00, 0x60, 0x00, 0x06, 0x00, 0x00, 0xC7, 0x00, 0x0C, 0xF8, 0x01, 0x98, 0xC0, 0x19, 0x84,
  0x03, 0x18, 0x40, 0x31, 0x8C, 0x06, 0x0F, 0xC0, 0xE0, 0x78, 0x07, 0x80, 0x0F, 0xF0, 0x07, 0xF8,
  0x07, 0x0E, 0x03, 0x87, 0x01, 0xC7, 0x00, 0x73, 0x80, 0x1F, 0x80, 0x0F, 0x80, 0x0F, 0xC0, 0x0F,
  0xE1, 0x0F, 0x39, 0xC7, 0x0F, 0xC3, 0x83, 0xE1, 0xC1, 0xE0, 0xFF, 0xF8, 0x3F, 0xFC, 0x0F, 0xC7,
  0x00, 0xE6, 0x66, 0x66, 0x00, 0x00, 0x00, 0x00, 0x00, 0x00, 0x1C, 0x1C, 0x0E, 0x0E, 0x07, 0x03,
  0x83, 0x81, 0xC0, 0xE0, 0x70, 0x38, 0x1C, 0x0E, 0x07, 0x03, 0x81, 0xE0, 0x70, 0x38, 0x0E, 0x07,
  0x01, 0xC0, 0x38, 0x1C, 0x1C, 0x1C, 0x0E, 0x0E, 0x0E, 0x0E, 0x0F, 0x0F, 0x07, 0x0F, 0x0F, 0x0E,
  0x0E, 0x0E, 0x0E, 0x1C, 0x1C, 0x18, 0x38, 0x0C, 0x03, 0x06, 0xF9, 0xFC, 0x1E, 0x1F, 0xC6, 0xF8,
  0x30, 0x0C, 0x00, 0x00, 0x00, 0x00, 0x00, 0x00, 0x00, 0x00, 0x00, 0x00, 0x00, 0x00, 0x00, 0x06,
  0x00, 0x60, 0x06, 0x00, 0x60, 0x7F, 0xE7, 0xFE, 0x7F, 0xE0, 0x60, 0x06, 0x00, 0x60, 0x06, 0x00,
  0x00, 0x00, 0x00, 0x38, 0xC3, 0x0C, 0x61, 0x80, 0x7F, 0x9F, 0xE7, 0xF8, 0x00, 0x00, 0x00, 0x00,
  0x00, 0x00, 0x00, 0x00, 0x30, 0xF1, 0xE1, 0x80, 0x00, 0x03, 0x80, 0x70, 0x0E, 0x03, 0x80, 0x70,
  0x0E, 0x03, 0x80, 0x70, 0x0E, 0x03, 0x80, 0x70, 0x0E, 0x03, 0x80, 0x70, 0x0E, 0x03, 0x80, 0x70,
  0x0C, 0x00, 0x0F, 0x80, 0xFE, 0x0F, 0xF8, 0xE1, 0xE7, 0x07, 0x38, 0x39, 0xC1, 0xCE, 0x0E, 0x70,
  0x73, 0x83, 0x9C, 0x1C, 0xE0, 0xE7, 0x07, 0x38, 0x39, 0xC3, 0x87, 0xFC, 0x1F, 0xC0, 0x7C, 0x00,
  0x03, 0xC0, 0xFE, 0x0F, 0xF0, 0x7B, 0x82, 0x1C, 0x00, 0xE0, 0x07, 0x00, 0x38, 0x01, 0xC0, 0x0E,
  0x00, 0x70, 0x03, 0x80, 0x1C, 0x00, 0xE0, 0x07, 0x00, 0x38, 0x01, 0xC0, 0x0E, 0x00, 0x0F, 0x81,
  0xFE, 0x0F, 0xF8, 0xE1, 0xC7, 0x07, 0x38, 0x30, 0x03, 0x80, 0x1C, 0x01, 0xC0, 0x1E, 0x01, 0xE0,
  0x0E, 0x00, 0xE0, 0x0F, 0x00, 0xF0, 0x0F, 0xFE, 0x7F, 0xF3, 0xFF, 0x80, 0x7F, 0xF3, 0xFF, 0x8F,
  0xFC, 0x03, 0xC0, 0x3C, 0x03, 0xC0, 0x3C, 0x01, 0xF8, 0x0F, 0xE0, 0x07, 0x00, 0x1C, 0x00, 0xE7,
  0x07, 0x38, 0x39, 0xC3, 0x87, 0xFC, 0x1F, 0xC0, 0x7C, 0x00, 0x07, 0x00, 0x70, 0x03, 0x80, 0x1C,
  0x01, 0xC0, 0x0E, 0x00, 0x60, 0x07, 0x1C, 0x38, 0xE3, 0x87, 0x1C, 0x38, 0xFF, 0xE7, 0xFF, 0x3F,
  0xF8, 0x03, 0x80, 0x1C, 0x00, 0xE0, 0x07, 0x00, 0x7F, 0xE3, 0xFF, 0x1F, 0xF8, 0xE0, 0x07, 0x00,
  0x38, 0x01, 0xC8, 0x0F, 0xF8, 0x7F, 0xE3, 0xC7, 0x9C, 0x1C, 0x00, 0xE0, 0x07, 0x38, 0x38, 0xE3,
  0xC7, 0xFC, 0x1F, 0xC0, 0x7C, 0x00, 0x0F, 0x81, 0xFE, 0x0F, 0xF8, 0xE1, 0xC7, 0x07, 0x38, 0x01,
  0xC0, 0x0E, 0xF0, 0x7F, 0xE3, 0xFF, 0x1E, 0x1C, 0xE0, 0xE7, 0x07, 0x38, 0x38, 0xE1, 0xC7, 0xFC,
  0x1F, 0xC0, 0x7C, 0x00, 0x7F, 0xF3, 0xFF, 0x9F, 0xFC, 0xC0, 0xE0, 0x06, 0x00, 0x70, 0x03, 0x80,
  0x38, 0x01, 0xC0, 0x0E, 0x00, 0xE0, 0x07, 0x00, 0x70, 0x03, 0x80, 0x1C, 0x01, 0xC0, 0x0E, 0x00,
  0xF0, 0x00, 0x0F, 0x80, 0xFE, 0x0F, 0xF8, 0xE1, 0xC7, 0x07, 0x38, 0x39, 0xE3, 0x87, 0xFC, 0x1F,
  0xC1, 0xFF, 0x0E, 0x38, 0xE0, 0xE7, 0x07, 0x38, 0x39, 0xC3, 0xC7, 0xFC, 0x3F, 0xC0, 0x7C, 0x00,
  0x0F, 0x80, 0xFE, 0x0F, 0xF8, 0xE1, 0xC7, 0x07, 0x38, 0x39, 0xC1, 0xCE, 0x0E, 0x78, 0xF1, 0xFF,
  0x87, 0xFC, 0x08, 0xE0, 0x07, 0x38, 0x39, 0xC3, 0x87, 0xFC, 0x3F, 0xC0, 0x7C, 0x00, 0x18, 0x1E,
  0x0F, 0x03, 0x00, 0x00, 0x00, 0x00, 0x00, 0x18, 0x1E, 0x0F, 0x03, 0x00, 0x00, 0x18, 0x3C, 0x3C,
  0x38, 0x00, 0x00, 0x00, 0x00, 0x18, 0x38, 0x38, 0x30, 0x30, 0x30, 0x00, 0x60, 0x1E, 0x07, 0xE3,
  0xF0, 0x7C, 0x07, 0x00, 0x7C, 0x01, 0xF8, 0x07, 0xE0, 0x1E, 0x00, 0x60, 0x00, 0x00, 0x00, 0x7F,
  0xE7, 0xFE, 0x00, 0x00, 0x00, 0x7F, 0xE7, 0xFE, 0x00, 0x00, 0x00, 0x00, 0x00, 0x00, 0x00, 0x00,
  0x60, 0x07, 0x80, 0x7E, 0x01, 0xF8, 0x03, 0xE0, 0x0E, 0x03, 0xE1, 0xF8, 0x7E, 0x07, 0x80, 0x60,
  0x00, 0x00, 0x00, 0x00, 0x1F, 0x83, 0xFC, 0x7F, 0xE7, 0x0E, 0x70, 0xE0, 0x0E, 0x01, 0xE0, 0x3C,
  0x07, 0x80, 0xF0, 0x0E, 0x00, 0xE0, 0x00, 0x00, 0x00, 0x0E, 0x00, 0xE0, 0x0E, 0x00, 0xE0, 0x00,
  0xFC, 0x00, 0x3F, 0xF0, 0x0F, 0xFF, 0x81, 0xE0, 0x3C, 0x18, 0xED, 0xC3, 0x1F, 0x8C, 0x33, 0x98,
  0xE6, 0x31, 0x8E, 0x63, 0x18, 0xC6, 0x31, 0x8C, 0x63, 0x18, 0xC6, 0x33, 0x9C, 0x73, 0xFF, 0x83,
  0x1C, 0xF0, 0x38, 0x00, 0x01, 0xFF, 0xC0, 0x0F, 0xF8, 0x00, 0x3E, 0x00, 0x03, 0xC0, 0x03, 0xC0,
  0x07, 0xC0, 0x07, 0xE0, 0x07, 0xE0, 0x0E, 0xE0, 0x0E, 0xE0, 0x0E, 0x70, 0x1C, 0x70, 0x1C, 0x70,
  0x1C, 0x38, 0x1C, 0x38, 0x38, 0x38, 0x3F, 0xFC, 0x3F, 0xFC, 0x70, 0x1C, 0x70, 0x1C, 0x70, 0x0E,
  0x3F, 0xE0, 0x7F, 0xE0, 0xFF, 0xE1, 0xC1, 0xC3, 0x81, 0x87, 0x03, 0x0E, 0x0E, 0x1C, 0x1C, 0x3F,
  0xE0, 0x7F, 0xE0, 0xFF, 0xE1, 0xC1, 0xC3, 0x81, 0xC7, 0x03, 0x8E, 0x0E, 0x1F, 0xFC, 0x3F, 0xF0,
  0x7F, 0xC0, 0x07, 0xC0, 0x3F, 0xE0, 0xFF, 0xE1, 0xC1, 0xC7, 0x03, 0x8E, 0x03, 0x1C, 0x00, 0x38,
  0x00, 0x70, 0x00, 0xE0, 0x01, 0xC0, 0x03, 0x80, 0x07, 0x01, 0x8E, 0x07, 0x0E, 0x0E, 0x1F, 0xFC,
  0x1F, 0xF0, 0x0F, 0x80, 0x3F, 0xE0, 0x7F, 0xE0, 0xFF, 0xE1, 0xC1, 0xC3, 0x81, 0xC7, 0x03, 0x8E,
  0x07, 0x1C, 0x0E, 0x38, 0x1C, 0x70, 0x38, 0xE0, 0x71, 0xC0, 0xE3, 0x81, 0xC7, 0x03, 0x8E, 0x0E,
  0x1F, 0xFC, 0x3F, 0xF0, 0x7F, 0xC0, 0x3F, 0xF8, 0xFF, 0xE3, 0xFF, 0x8E, 0x00, 0x38, 0x00, 0xE0,
  0x03, 0x80, 0x0E, 0x00, 0x3F, 0xC0, 0xFF, 0x03, 0xFC, 0x0E, 0x00, 0x38, 0x00, 0xE0, 0x03, 0x80,
  0x0F, 0xFE, 0x3F, 0xF8, 0xFF, 0xE0, 0x3F, 0xF8, 0xFF, 0xE3, 0xFF, 0x8E, 0x00, 0x38, 0x00, 0xE0,
  0x03, 0x80, 0x0E, 0x00, 0x3F, 0xC0, 0xFF, 0x03, 0xFC, 0x0E, 0x00, 0x38, 0x00, 0xE0, 0x03, 0x80,
  0x0E, 0x00, 0x38, 0x00, 0xE0, 0x00, 0x07, 0xC0, 0x3F, 0xE0, 0xFF, 0xC1, 0xC1, 0xC7, 0x03, 0x8E,
  0x03, 0x1C, 0x00, 0x38, 0x00, 0x71, 0xF8, 0xE3, 0xF1, 0xC7, 0xE3, 0x80, 0xC7, 0x01, 0x8E, 0x07,
  0x0E, 0x0E, 0x1F, 0xF8, 0x1F, 0xF0, 0x0F, 0x80, 0x38, 0x1C, 0x70, 0x38, 0xE0, 0x71, 0xC0, 0xE3,
  0x81, 0xC7, 0x03, 0x8E, 0x07, 0x1C, 0x0E, 0x3F, 0xFC, 0x7F, 0xF8, 0xFF, 0xF1, 0xC0, 0xE3, 0x81,
  0xC7, 0x03, 0x8E, 0x07, 0x1C, 0x0E, 0x38, 0x1C, 0x70, 0x38, 0x38, 0xE3, 0x8E, 0x38, 0xE3, 0x8E,
  0x38, 0xE3, 0x8E, 0x38, 0xE3, 0x8E, 0x38, 0xE0, 0x00, 0x70, 0x01, 0xC0, 0x07, 0x00, 0x1C, 0x00,
  0x70, 0x01, 0xC0, 0x07, 0x00, 0x1C, 0x00, 0x70, 0x01, 0xC6, 0x07, 0x18, 0x1C, 0x60, 0x71, 0x81,
  0xC7, 0x07, 0x1F, 0xF8, 0x3F, 0xE0, 0x3E, 0x00, 0x38, 0x1C, 0x70, 0x70, 0xE1, 0xC1, 0xC7, 0x83,
  0x8E, 0x07, 0x38, 0x0E, 0xE0, 0x1F, 0xC0, 0x3F, 0x80, 0x7F, 0x00, 0xF7, 0x01, 0xCF, 0x03, 0x8E,
  0x07, 0x0E, 0x0E, 0x1C, 0x1C, 0x1C, 0x38, 0x3C, 0x70, 0x38, 0x38, 0x00, 0xE0, 0x03, 0x80, 0x0E,
  0x00, 0x38, 0x00, 0xE0, 0x03, 0x80, 0x0E, 0x00, 0x38, 0x00, 0xE0, 0x03, 0x80, 0x0E, 0x00, 0x38,
  0x00, 0xE0, 0x03, 0x80, 0x0F, 0xFE, 0x3F, 0xF8, 0xFF, 0xE0, 0x38, 0x0E, 0x1C, 0x07, 0x0F, 0x07,
  0x87, 0xC3, 0xC3, 0xE3, 0xE1, 0xFB, 0xB0, 0xFD, 0xD8, 0x77, 0xCC, 0x39, 0xE6, 0x1C, 0xE3, 0x0E,
  0x21, 0x87, 0x00, 0xC3, 0x80, 0x61, 0xC0, 0x30, 0xE0, 0x18, 0x70, 0x0C, 0x38, 0x06, 0x1C, 0x03,
  0x00, 0x38, 0x0C, 0x38, 0x0C, 0x3C, 0x0C, 0x3C, 0x0C, 0x3E, 0x0C, 0x3F, 0x0C, 0x37, 0x0C, 0x33,
  0x8C, 0x33, 0x8C, 0x31, 0xCC, 0x39, 0xCC, 0x38, 0xEC, 0x38, 0xFC, 0x38, 0x7C, 0x38, 0x3C, 0x38,
  0x3C, 0x38, 0x1C, 0x38, 0x1C, 0x07, 0xC0, 0x3F, 0xE0, 0xFF, 0xE1, 0xC1, 0xC3, 0x03, 0x8E, 0x03,
  0x9C, 0x07, 0x38, 0x0E, 0x70, 0x1C, 0xE0, 0x39, 0xC0, 0x73, 0x80, 0xE7, 0x01, 0xC6, 0x07, 0x0E,
  0x0E, 0x1F, 0xFC, 0x1F, 0xF0, 0x0F, 0x80, 0x3F, 0xE0, 0xFF, 0xC3, 0xFF, 0x8C, 0x0E, 0x30, 0x1C,
  0xC0, 0x73, 0x01, 0xCC, 0x0E, 0x3F, 0xF8, 0xFF, 0xC3, 0xFE, 0x0C, 0x00, 0x30, 0x00, 0xC0, 0x03,
  0x00, 0x0C, 0x00, 0x30, 0x00, 0xC0, 0x00, 0x0F, 0xC0, 0x7F, 0x83, 0xFF, 0x0E, 0x1E, 0x70, 0x39,
  0xC0, 0xE7, 0x03, 0x9C, 0x0E, 0x70, 0x39, 0xC0, 0xE7, 0x03, 0x9C, 0x0E, 0x70, 0x39, 0xC0, 0xE3,
  0x87, 0x0F, 0xFC, 0x1F, 0xE0, 0x0E, 0x00, 0x30, 0x00, 0xC0, 0x3F, 0xE0, 0x7F, 0xE0, 0xFF, 0xE1,
  0xC1, 0xC3, 0x81, 0xC7, 0x03, 0x8E, 0x07, 0x1C, 0x1C, 0x3F, 0xF8, 0x7F, 0xE0, 0xFF, 0x01, 0xC7,
  0x03, 0x86, 0x07, 0x0E, 0x0E, 0x1C, 0x1C, 0x1C, 0x38, 0x38, 0x70, 0x38, 0x0F, 0xC0, 0x7F, 0x83,
  0xFF, 0x1C, 0x1E, 0x70, 0x39, 0xC0, 0xE3, 0x80, 0x0F, 0x80, 0x1F, 0xC0, 0x1F, 0x80, 0x0F, 0x00,
  0x1E, 0x70, 0x39, 0xC0, 0xE7, 0x03, 0x8F, 0xFE, 0x1F, 0xF0, 0x3F, 0x00, 0x7F, 0xF9, 0xFF, 0xE7,
  0xFF, 0x81, 0xC0, 0x07, 0x00, 0x1C, 0x00, 0x70, 0x01, 0xC0, 0x07, 0x00, 0x1C, 0x00, 0x70, 0x01,
  0xC0, 0x07, 0x00, 0x1C, 0x00, 0x70, 0x01, 0xC0, 0x07, 0x00, 0x1C, 0x00, 0x30, 0x1C, 0x60, 0x38,
  0xC0, 0x71, 0x80, 0xE3, 0x01, 0xC6, 0x03, 0x8C, 0x07, 0x18, 0x0E, 0x30, 0x1C, 0x60, 0x38, 0xC0,
  0x71, 0x80, 0xE3, 0x01, 0xC7, 0x03, 0x8E, 0x0E, 0x0F, 0xFC, 0x1F, 0xF0, 0x0F, 0x80, 0x70, 0x1C,
  0xE0, 0x39, 0xC0, 0xE1, 0xC1, 0xC3, 0x83, 0x87, 0x06, 0x06, 0x1C, 0x0E, 0x38, 0x1C, 0x70, 0x38,
  0xC0, 0x33, 0x80, 0x77, 0x00, 0xEC, 0x00, 0xF8, 0x01, 0xF0, 0x03, 0xC0, 0x07, 0x80, 0x07, 0x00,
  0x70, 0x70, 0x33, 0x83, 0x83, 0x9C, 0x1E, 0x1C, 0xE1, 0xF0, 0xE3, 0x8F, 0x86, 0x1C, 0x7C, 0x70,
  0xE3, 0x63, 0x87, 0x3B, 0x9C, 0x19, 0xDC, 0xE0, 0xEE, 0xEE, 0x07, 0x63, 0x70, 0x3B, 0x1F, 0x80,
  0xF8, 0xFC, 0x07, 0xC7, 0xC0, 0x3E, 0x1E, 0x01, 0xE0, 0xF0, 0x07, 0x07, 0x80, 0x38, 0x38, 0x00,
  0x70, 0x1C, 0xF0, 0x70, 0xE0, 0xE0, 0xE3, 0x81, 0xCF, 0x01, 0xDC, 0x03, 0xF8, 0x03, 0xE0, 0x07,
  0x80, 0x0F, 0x00, 0x1F, 0x00, 0x7E, 0x00, 0xEE, 0x03, 0x9E, 0x07, 0x1C, 0x1C, 0x1C, 0x78, 0x38,
  0xE0, 0x38, 0x70, 0x3D, 0xC0, 0xE3, 0x83, 0x8E, 0x1C, 0x1C, 0x70, 0x73, 0x80, 0xEE, 0x03, 0xF0,
  0x07, 0xC0, 0x1E, 0x00, 0x38, 0x00, 0xE0, 0x03, 0x80, 0x0E, 0x00, 0x38, 0x00, 0xE0, 0x03, 0x80,
  0x0E, 0x00, 0x7F, 0xF3, 0xFF, 0x9F, 0xFC, 0x00, 0xE0, 0x0E, 0x00, 0xE0, 0x07, 0x00, 0x70, 0x07,
  0x00, 0x38, 0x03, 0x80, 0x3C, 0x01, 0xC0, 0x1C, 0x01, 0xE0, 0x0F, 0xFE, 0x7F, 0xF3, 0xFF, 0x80,
  0x7E, 0x1F, 0x87, 0xC1, 0xC0, 0x70, 0x1C, 0x07, 0x01, 0xC0, 0x70, 0x1C, 0x07, 0x01, 0xC0, 0x70,
  0x1C, 0x07, 0x01, 0xC0, 0x70, 0x1C, 0x07, 0x01, 0xC0, 0x7C, 0x1F, 0x87, 0xE0, 0x70, 0x07, 0x00,
  0xE0, 0x0C, 0x01, 0xC0, 0x38, 0x03, 0x00, 0x70, 0x0E, 0x00, 0xC0, 0x1C, 0x03, 0x80, 0x30, 0x07,
  0x00, 0xE0, 0x0C, 0x01, 0xC0, 0x38, 0x1F, 0x87, 0xE1, 0xF8, 0x0E, 0x03, 0x80, 0xE0, 0x38, 0x0E,
  0x03, 0x80, 0xE0, 0x38, 0x0E, 0x03, 0x80, 0xE0, 0x38, 0x0E, 0x03, 0x80, 0xE0, 0x38, 0x0E, 0x1F,
  0x87, 0xE1, 0xF8, 0x0E, 0x01, 0xC0, 0x7C, 0x0D, 0x81, 0xB0, 0x77, 0x0C, 0x61, 0x8C, 0x71, 0xCC,
  0x18, 0x00, 0x00, 0x00, 0x00, 0x00, 0x00, 0x00, 0x00, 0x00, 0x00, 0x00, 0x7F, 0xE7, 0xFF, 0x7F,
  0xF0, 0x61, 0x8E, 0x00, 0x00, 0x00, 0x00, 0x00, 0x00, 0x00, 0x00, 0x00, 0x0F, 0x81, 0xFE, 0x1F,
  0xF8, 0xE1, 0xC0, 0x0E, 0x0F, 0xF0, 0xFF, 0x8F, 0xFC, 0x70, 0xE3, 0x87, 0x1F, 0xF8, 0xFF, 0xC1,
  0xEE, 0x00, 0x30, 0x01, 0x80, 0x0C, 0x00, 0x60, 0x03, 0x00, 0x1B, 0xC0, 0xFF, 0x87, 0xFC, 0x38,
  0x71, 0xC3, 0x8C, 0x1C, 0x60, 0xE3, 0x07, 0x1C, 0x38, 0xE1, 0xC7, 0xFC, 0x3F, 0xE1, 0xBC, 0x00,
  0x0F, 0x80, 0xFF, 0x0F, 0xF8, 0x70, 0xE7, 0x07, 0x38, 0x01, 0xC0, 0x0E, 0x00, 0x70, 0x61, 0xC3,
  0x8F, 0xF8, 0x3F, 0xC0, 0xF8, 0x00, 0x00, 0x70, 0x03, 0x80, 0x1C, 0x00, 0xE0, 0x07, 0x07, 0xB8,
  0x7F, 0xC7, 0xFE, 0x38, 0xF3, 0x83, 0x9C, 0x1C, 0xE0, 0xE7, 0x07, 0x38, 0x38, 0xE3, 0xC7, 0xFE,
  0x1F, 0xF0, 0x7B, 0x80, 0x0F, 0x80, 0xFE, 0x0F, 0xF8, 0x60, 0xE7, 0x07, 0x3F, 0xF9, 0xFF, 0xCF,
  0xFE, 0x70, 0x01, 0xC3, 0x0F, 0xFC, 0x3F, 0xC0, 0xF8, 0x00, 0x0F, 0x0F, 0x87, 0xC3, 0x01, 0x83,
  0xF9, 0xFC, 0xFE, 0x18, 0x0C, 0x06, 0x03, 0x01, 0x80, 0xC0, 0x60, 0x30, 0x18, 0x0C, 0x00, 0x0F,
  0x70, 0xFF, 0x8F, 0xFC, 0xF1, 0xE7, 0x07, 0x38, 0x39, 0xC1, 0xCE, 0x0E, 0x70, 0x73, 0xC7, 0x8F,
  0xFC, 0x7F, 0xE0, 0xF7, 0x00, 0x38, 0x03, 0x81, 0xFC, 0x0F, 0xC0, 0x78, 0x00, 0x70, 0x03, 0x80,
  0x1C, 0x00, 0xE0, 0x07, 0x00, 0x3B, 0xE1, 0xFF, 0x8F, 0xFC, 0x78, 0xF3, 0x83, 0x9C, 0x1C, 0xE0,
  0xE7, 0x07, 0x38, 0x39, 0xC1, 0xCE, 0x0E, 0x70, 0x73, 0x83, 0x80, 0x10, 0xE7, 0x8E, 0x10, 0x03,
  0x0C, 0x30, 0xC3, 0x0C, 0x30, 0xC3, 0x0C, 0x30, 0xC3, 0x00, 0x10, 0x38, 0x3C, 0x38, 0x10, 0x00,
  0x18, 0x18, 0x18, 0x18, 0x18, 0x18, 0x18, 0x18, 0x18, 0x18, 0x18, 0x18, 0x18, 0x18, 0x38, 0xF8,
  0xF8, 0xE0, 0x70, 0x03, 0x80, 0x1C, 0x00, 0xE0, 0x07, 0x00, 0x38, 0x71, 0xC7, 0x8E, 0x78, 0x77,
  0x83, 0xB8, 0x1F, 0xE0, 0xFF, 0x07, 0x9C, 0x38, 0xE1, 0xC3, 0x8E, 0x1C, 0x70, 0xE3, 0x83, 0x80,
  0x71, 0xC7, 0x1C, 0x71, 0xC7, 0x1C, 0x71, 0xC7, 0x1C, 0x71, 0xC7, 0x1C, 0x71, 0xC0, 0x77, 0xCF,
  0x87, 0xFF, 0xFC, 0x7F, 0xFF, 0xC7, 0x8F, 0x1C, 0x70, 0x60, 0xE7, 0x06, 0x0E, 0x70, 0x60, 0xE7,
  0x06, 0x0E, 0x70, 0x60, 0xE7, 0x06, 0x0E, 0x70, 0x60, 0xE7, 0x06, 0x0E, 0x70, 0x60, 0xE0, 0x77,
  0xC3, 0xFF, 0x1F, 0xF8, 0xF1, 0xE7, 0x07, 0x38, 0x39, 0xC1, 0xCE, 0x0E, 0x70, 0x73, 0x83, 0x9C,
  0x1C, 0xE0, 0xE7, 0x07, 0x00, 0x0F, 0x80, 0xFF, 0x0F, 0xF8, 0x70, 0xE7, 0x07, 0x38, 0x39, 0xC1,
  0xCE, 0x0E, 0x70, 0x71, 0xC3, 0x8F, 0xF8, 0x3F, 0x80, 0xF8, 0x00, 0x37, 0xC0, 0xFF, 0x83, 0xFE,
  0x0E, 0x1C, 0x38, 0x70, 0xE1, 0xC3, 0x07, 0x0C, 0x1C, 0x38, 0x70, 0xE1, 0xC3, 0xFE, 0x0F, 0xF8,
  0x37, 0xC0, 0xC0, 0x03, 0x00, 0x0C, 0x00, 0x30, 0x00, 0xC0, 0x00, 0x0F, 0x70, 0x7F, 0xC3, 0xFF,
  0x0E, 0x3C, 0x70, 0x71, 0xC1, 0xC7, 0x07, 0x1C, 0x1C, 0x70, 0x70, 0xE3, 0xC3, 0xFF, 0x07, 0xFC,
  0x0F, 0x70, 0x01, 0xC0, 0x07, 0x00, 0x1C, 0x00, 0x70, 0x01, 0xC0, 0x77, 0xBF, 0xDF, 0xCF, 0x07,
  0x03, 0x81, 0xC0, 0xE0, 0x70, 0x38, 0x1C, 0x0E, 0x07, 0x00, 0x1F, 0x03, 0xFC, 0x7F, 0xE7, 0x0E,
  0x70, 0x03, 0xE0, 0x1F, 0x80, 0x7C, 0x00, 0xE7, 0x0E, 0x7F, 0xE3, 0xFC, 0x1F, 0x80, 0x38, 0x1C,
  0x0E, 0x0F, 0xE7, 0xF3, 0xF8, 0xE0, 0x70, 0x38, 0x1C, 0x0E, 0x07, 0x03, 0x81, 0xF8, 0x7C, 0x1E,
  0x70, 0x73, 0x83, 0x9C, 0x1C, 0xE0, 0xE7, 0x07, 0x38, 0x39, 0xC1, 0xCE, 0x0E, 0x70, 0x73, 0xC7,
  0x8F, 0xFC, 0x7F, 0xE1, 0xF7, 0x00, 0x70, 0xE7, 0x0E, 0x70, 0xE3, 0x8E, 0x39, 0xC3, 0x9C, 0x19,
  0xC1, 0xF8, 0x1F, 0x81, 0xF8, 0x0F, 0x00, 0xF0, 0x0F, 0x00, 0x70, 0xC1, 0xDC, 0x78, 0xE7, 0x1E,
  0x39, 0xC7, 0x8E, 0x31, 0xE3, 0x0E, 0xFD, 0xC3, 0xBF, 0x70, 0x6C, 0xDC, 0x1B, 0x36, 0x07, 0xCF,
  0x81, 0xF1, 0xE0, 0x38, 0x78, 0x0E, 0x1C, 0x00, 0x70, 0xF7, 0x0E, 0x39, 0xC1, 0xDC, 0x1F, 0x80,
  0xF0, 0x07, 0x00, 0xF0, 0x1F, 0x81, 0xDC, 0x39, 0xC7, 0x8E, 0x70, 0x70, 0xF0, 0xE7, 0x0E, 0x70,
  0xE3, 0x1C, 0x39, 0xC3, 0x9C, 0x39, 0x81, 0xB8, 0x1F, 0x81, 0xF0, 0x0F, 0x00, 0xF0, 0x0E, 0x00,
  0xE0, 0x0E, 0x03, 0xC0, 0x7C, 0x07, 0x80, 0x7F, 0xCF, 0xF9, 0xFF, 0x01, 0xC0, 0x78, 0x1E, 0x03,
  0x80, 0xE0, 0x38, 0x0F, 0x01, 0xFF, 0x3F, 0xE7, 0xFC, 0x1F, 0x1F, 0x3E, 0x38, 0x38, 0x38, 0x38,
  0x38, 0x38, 0x38, 0x78, 0x70, 0x78, 0x38, 0x38, 0x38, 0x38, 0x38, 0x38, 0x38, 0x3E, 0x1F, 0x1F,
  0x73, 0x9C, 0xE7, 0x39, 0xCE, 0x73, 0x9C, 0xE7, 0x39, 0xCE, 0x73, 0x9C, 0xE7, 0x00, 0x78, 0x7C,
  0x7C, 0x1C, 0x1C, 0x1C, 0x1C, 0x1C, 0x1C, 0x1C, 0x0F, 0x0F, 0x1E, 0x1C, 0x1C, 0x1C, 0x1C, 0x1C,
  0x1C, 0x1C, 0x7C, 0x7C, 0x78, 0x3C, 0x43, 0xFF, 0x9F, 0xF8, 0x43, 0x80, 0x00, 0x00, 0x00, 0x00,
  0x00, 0x00, 0x00, 0x00, 0x3C, 0x43, 0xFF, 0x9F, 0xF8, 0x43, 0x80, 0x00, 0x1E, 0x21, 0xFF, 0xCF,
  0xFC, 0x21, 0xC0, 0x00, 0x00, 0x00, 0x00, 0x00, 0x38, 0x7C, 0x7E, 0x7E, 0x7C, 0x38, 0x00, 0x00,
  0x00, 0x00, 0x30, 0x61, 0xC7, 0x8F, 0x1C, 0x78, 0xF1, 0xC3, 0x06, 0x1C, 0x00, 0x00, 0x00, 0x18,
  0x3C, 0x3C, 0x18, 0x00, 0x00, 0x18, 0x18, 0x18, 0x18, 0x18, 0x18, 0x18, 0x18, 0x18, 0x18, 0x18,
  0x18, 0x07, 0x00, 0x38, 0x01, 0xC0, 0x3F, 0x83, 0xFE, 0x1C, 0x79, 0xC1, 0xCE, 0x00, 0x70, 0x03,
  0x80, 0x1C, 0x00, 0xE0, 0xE3, 0x8F, 0x1F, 0xF0, 0x7F, 0x00, 0xE0, 0x07, 0x00, 0x38, 0x00, 0x03,
  0xE0, 0x0F, 0xF0, 0x3F, 0xE0, 0x70, 0xE0, 0xE0, 0x01, 0xC0, 0x03, 0x80, 0x07, 0x00, 0x3F, 0xE0,
  0x7F, 0xC0, 0xFF, 0x80, 0x70, 0x00, 0xE0, 0x01, 0xC0, 0x07, 0x00, 0x0F, 0xFE, 0x3F, 0xFC, 0x7F,
  0xF8, 0x20, 0x13, 0xFD, 0xDF, 0xFC, 0x7F, 0xC3, 0x06, 0x18, 0x39, 0xC1, 0xC6, 0x0E, 0x38, 0xE1,
  0xFF, 0x1F, 0xFE, 0xC4, 0x60, 0x00, 0x00, 0x00, 0x38, 0x0E, 0x38, 0x1C, 0x1C, 0x1C, 0x1C, 0x38,
  0x0E, 0x38, 0x0E, 0x70, 0x07, 0x70, 0x07, 0xE0, 0x03, 0xE0, 0x1F, 0xF8, 0x1F, 0xF8, 0x01, 0xC0,
  0x01, 0xC0, 0x1F, 0xF8, 0x1F, 0xF8, 0x01, 0xC0, 0x01, 0xC0, 0x01, 0xC0, 0x73, 0x9C, 0xE7, 0x39,
  0xCE, 0x70, 0x00, 0x07, 0x39, 0xCE, 0x73, 0x9C, 0xE7, 0x00, 0x1F, 0x03, 0xF8, 0x7F, 0xC7, 0x1C,
  0x71, 0xC7, 0x00, 0x3C, 0x01, 0xF0, 0x3F, 0x83, 0xFC, 0x71, 0xC7, 0x0C, 0x71, 0xC7, 0xBC, 0x3F,
  0x81, 0xF8, 0x03, 0xC0, 0x1C, 0x70, 0xC7, 0x1C, 0x7F, 0xC3, 0xF8, 0x1F, 0x00, 0x77, 0x3B, 0x9D,
  0xCE, 0xE0, 0x00, 0x00, 0x00, 0x00, 0x00, 0x00, 0x00, 0x00, 0x00, 0x00, 0x00, 0x00, 0x00, 0x00,
  0x00, 0x00, 0x00, 0x01, 0xF8, 0x00, 0x7F, 0xE0, 0x0E, 0x07, 0x01, 0xC0, 0x38, 0x38, 0x01, 0xC3,
  0x0F, 0x0C, 0x31, 0x98, 0xC6, 0x18, 0x86, 0x61, 0x80, 0x66, 0x18, 0x06, 0x61, 0x80, 0x63, 0x19,
  0x8C, 0x30, 0xF0, 0xC3, 0x80, 0x1C, 0x1C, 0x03, 0x80, 0xE0, 0x70, 0x07, 0xFE, 0x00, 0x1F, 0x80,
  0x3C, 0x66, 0x06, 0x3E, 0x66, 0xC6, 0xC6, 0x7E, 0x00, 0xFE, 0xFE, 0x00, 0x00, 0x00, 0x00, 0x00,
  0x00, 0x00, 0x0E, 0xE1, 0xDC, 0x19, 0x83, 0xB8, 0x77, 0x03, 0xB8, 0x19, 0x81, 0xDC, 0x0E, 0xE0,
  0x00, 0x00, 0x00, 0x00, 0x7F, 0xE7, 0xFE, 0x7F, 0xE0, 0x06, 0x00, 0x60, 0x06, 0x00, 0x00, 0x00,
  0x00, 0x00, 0x7F, 0x9F, 0xE7, 0xF8, 0x00, 0x00, 0x00, 0x00, 0x00, 0x00, 0x00, 0x00, 0x1E, 0x06,
  0x31, 0x83, 0x27, 0x24, 0xA4, 0x9C, 0x92, 0x93, 0x56, 0x31, 0x83, 0xE0, 0x00, 0x00, 0x00, 0x00,
  0x00, 0x00, 0x00, 0x00, 0x00, 0x00, 0x00, 0xFF, 0xFF, 0xF8, 0x00, 0x00, 0x00, 0x00, 0x00, 0x00,
  0x00, 0x00, 0x00, 0x00, 0x00, 0x00, 0x00, 0x08, 0x1F, 0x1F, 0xCC, 0x64, 0x1B, 0x19, 0xFC, 0xFE,
  0x1C, 0x00, 0x00, 0x00, 0x00, 0x00, 0x00, 0x00, 0x00, 0x00, 0x00, 0x00, 0x00, 0x00, 0x00, 0x06,
  0x00, 0x60, 0x06, 0x00, 0x60, 0x7F, 0xE7, 0xFE, 0x7F, 0xE0, 0x60, 0x06, 0x00, 0x60, 0x06, 0x00,
  0x00, 0x00, 0x07, 0xFE, 0x7F, 0xE0, 0x3C, 0x7E, 0x66, 0x66, 0x06, 0x0C, 0x1C, 0x38, 0x30, 0x7E,
  0x7E, 0x00, 0x00, 0x00, 0x00, 0x00, 0x00, 0x00, 0x00, 0x00, 0x00, 0x7E, 0x7E, 0x0C, 0x18, 0x3C,
  0x06, 0x06, 0x46, 0x66, 0x7E, 0x3C, 0x00, 0x00, 0x00, 0x00, 0x00, 0x00, 0x00, 0x00, 0x00, 0x00,
  0x3B, 0x98, 0x00, 0x00, 0x00, 0x00, 0x00, 0x00, 0x00, 0x00, 0x00, 0x70, 0x73, 0x83, 0x9C, 0x1C,
  0xE0, 0xE7, 0x07, 0x38, 0x39, 0xC1, 0xCE, 0x0E, 0x70, 0x73, 0xC7, 0x9F, 0xFC, 0xFF, 0xE7, 0xF7,
  0x38, 0x01, 0xC0, 0x0E, 0x00, 0x70, 0x03, 0x80, 0x00, 0x0F, 0xF8, 0x7F, 0xF0, 0xFF, 0xE3, 0xF8,
  0xC7, 0xF1, 0x8F, 0xE3, 0x1F, 0xC6, 0x3F, 0x8C, 0x7F, 0x18, 0x7E, 0x30, 0x7C, 0x60, 0x38, 0xC0,
  0x31, 0x80, 0x63, 0x00, 0xC6, 0x01, 0x8C, 0x03, 0x18, 0x06, 0x30, 0x0C, 0x60, 0x18, 0xC0, 0x31,
  0x80, 0x63, 0x00, 0xC6, 0x00, 0x33, 0xDE, 0x60, 0x00, 0x00, 0x00, 0x00, 0x46, 0x3F, 0xE0, 0x73,
  0x8C, 0x63, 0x18, 0xC6, 0x31, 0x8C, 0x00, 0x00, 0x00, 0x00, 0x00, 0x00, 0x00, 0x08, 0x1F, 0x19,
  0x8C, 0x66, 0x33, 0x19, 0x8C, 0xFC, 0x1C, 0x00, 0x1F, 0xCF, 0xE0, 0x00, 0x00, 0x00, 0x00, 0x00,
  0x00, 0x00, 0x3B, 0x81, 0x98, 0x1D, 0xC0, 0xEE, 0x06, 0x60, 0xEE, 0x1D, 0xC1, 0x98, 0x3B, 0x80,
  0x00, 0x00, 0x00, 0x00, 0x70, 0x0C, 0x07, 0x00, 0xC0, 0x30, 0x18, 0x03, 0x03, 0x80, 0x30, 0x30,
  0x03, 0x06, 0x00, 0x30, 0x60, 0x03, 0x0C, 0x30, 0x30, 0xC3, 0x03, 0x18, 0x60, 0x31, 0x86, 0x00,
  0x30, 0xCC, 0x07, 0x0C, 0xC0, 0x60, 0xFE, 0x0C, 0x1F, 0xE0, 0xC0, 0x0C, 0x18, 0x00, 0xC3, 0x80,
  0x0C, 0x70, 0x0C, 0x0E, 0x01, 0x80, 0xC0, 0x60, 0x18, 0x1C, 0x03, 0x03, 0x00, 0x60, 0xC0, 0x0C,
  0x18, 0x01, 0x86, 0x3C, 0x30, 0xCF, 0xC6, 0x31, 0x98, 0xC6, 0x33, 0x01, 0x80, 0x60, 0x70, 0x18,
  0x0C, 0x06, 0x03, 0x01, 0xC0, 0x60, 0x70, 0x18, 0x0F, 0xC7, 0x01, 0xF8, 0x7E, 0x03, 0x81, 0xF8,
  0x0C, 0x00, 0xC0, 0x60, 0x06, 0x01, 0x80, 0x3C, 0x0C, 0x00, 0x18, 0x30, 0x00, 0x61, 0x80, 0x11,
  0x8E, 0x10, 0x66, 0x30, 0xC1, 0xF9, 0x83, 0x03, 0xC6, 0x18, 0x00, 0x30, 0x6C, 0x00, 0xC3, 0x30,
  0x06, 0x0F, 0xE0, 0x18, 0x3F, 0x80, 0xC0, 0x0C, 0x07, 0x00, 0x30, 0x18, 0x00, 0xC0, 0x07, 0x00,
  0x70, 0x07, 0x00, 0x70, 0x00, 0x00, 0x00, 0x07, 0x00, 0x70, 0x0F, 0x01, 0xE0, 0x3C, 0x07, 0x00,
  0x70, 0x67, 0x0E, 0x70, 0xE7, 0xFE, 0x3F, 0xC1, 0xF0, 0x07, 0x00, 0x03, 0x00, 0x03, 0x80, 0x00,
  0x00, 0x03, 0xC0, 0x03, 0xC0, 0x07, 0xC0, 0x07, 0xE0, 0x07, 0xE0, 0x0E, 0xE0, 0x0E, 0xE0, 0x0E,
  0x70, 0x1C, 0x70, 0x1C, 0x70, 0x1C, 0x38, 0x1C, 0x38, 0x38, 0x38, 0x3F, 0xFC, 0x3F, 0xFC, 0x70,
  0x1C, 0x70, 0x1C, 0x70, 0x0E, 0x00, 0xE0, 0x01, 0xC0, 0x01, 0x80, 0x00, 0x00, 0x03, 0xC0, 0x03,
  0xC0, 0x07, 0xC0, 0x07, 0xE0, 0x07, 0xE0, 0x0E, 0xE0, 0x0E, 0xE0, 0x0E, 0x70, 0x1C, 0x70, 0x1C,
  0x70, 0x1C, 0x38, 0x1C, 0x38, 0x38, 0x38, 0x3F, 0xFC, 0x3F, 0xFC, 0x70, 0x1C, 0x70, 0x1C, 0x70,
  0x0E, 0x03, 0xC0, 0x07, 0xC0, 0x0E, 0x60, 0x00, 0x00, 0x03, 0xC0, 0x03, 0xC0, 0x07, 0xC0, 0x07,
  0xE0, 0x07, 0xE0, 0x0E, 0xE0, 0x0E, 0xE0, 0x0E, 0x70, 0x1C, 0x70, 0x1C, 0x70, 0x1C, 0x38, 0x1C,
  0x38, 0x38, 0x38, 0x3F, 0xFC, 0x3F, 0xFC, 0x70, 0x1C, 0x70, 0x1C, 0x70, 0x0E, 0x07, 0x20, 0x0F,
  0xF0, 0x07, 0xE0, 0x00, 0x00, 0x00, 0x00, 0x03, 0xC0, 0x03, 0xC0, 0x07, 0xC0, 0x07, 0xE0, 0x07,
  0xE0, 0x0E, 0xE0, 0x0E, 0xE0, 0x0E, 0x70, 0x1C, 0x70, 0x1C, 0x70, 0x1C, 0x38, 0x1C, 0x38, 0x38,
  0x38, 0x3F, 0xFC, 0x3F, 0xFC, 0x70, 0x1C, 0x70, 0x1C, 0x70, 0x0E, 0x06, 0x60, 0x0F, 0xF0, 0x0F,
  0xF0, 0x06, 0x60, 0x00, 0x00, 0x00, 0x00, 0x03, 0xC0, 0x03, 0xC0, 0x07, 0xC0, 0x07, 0xE0, 0x07,
  0xE0, 0x0E, 0xE0, 0x0E, 0xE0, 0x0E, 0x70, 0x1C, 0x70, 0x1C, 0x70, 0x1C, 0x38, 0x1C, 0x38, 0x38,
  0x38, 0x3F, 0xFC, 0x3F, 0xFC, 0x70, 0x1C, 0x70, 0x1C, 0x70, 0x0E, 0x03, 0x80, 0x07, 0xC0, 0x04,
  0x40, 0x04, 0x40, 0x07, 0xC0, 0x03, 0x80, 0x00, 0x00, 0x03, 0xC0, 0x03, 0xC0, 0x07, 0xC0, 0x07,
  0xE0, 0x07, 0xE0, 0x0E, 0xE0, 0x0E, 0xE0, 0x0E, 0x70, 0x1C, 0x70, 0x1C, 0x70, 0x1C, 0x38, 0x1C,
  0x38, 0x38, 0x38, 0x3F, 0xFC, 0x3F, 0xFC, 0x70, 0x1C, 0x70, 0x1C, 0x70, 0x0E, 0x00, 0x7F, 0xFC,
  0x00, 0xFF, 0xF8, 0x03, 0xFF, 0xE0, 0x07, 0xC0, 0x00, 0x1D, 0x80, 0x00, 0x3B, 0x00, 0x00, 0xE6,
  0x00, 0x01, 0xCC, 0x00, 0x07, 0x1F, 0xE0, 0x0E, 0x3F, 0xC0, 0x38, 0x7F, 0x80, 0x70, 0xC0, 0x01,
  0xFF, 0x80, 0x03, 0xFF, 0x00, 0x0F, 0xFE, 0x00, 0x1C, 0x0F, 0xFC, 0x70, 0x1F, 0xFC, 0xE0, 0x3F,
  0xF8, 0x07, 0xC0, 0x3F, 0xE0, 0xFF, 0xC1, 0xC1, 0xC7, 0x03, 0x8E, 0x03, 0x1C, 0x00, 0x38, 0x00,
  0x70, 0x00, 0xE0, 0x01, 0xC0, 0x03, 0x80, 0x07, 0x01, 0x8E, 0x07, 0x0E, 0x0E, 0x1E, 0x3C, 0x1F,
  0xF0, 0x1F, 0xC0, 0x0C, 0x00, 0x0C, 0x00, 0x18, 0x00, 0xF0, 0x01, 0xC0, 0x00, 0x07, 0x00, 0x0C,
  0x00, 0x38, 0x00, 0x00, 0x3F, 0xF8, 0xFF, 0xE3, 0xFF, 0x8E, 0x00, 0x38, 0x00, 0xE0, 0x03, 0x80,
  0x0E, 0x00, 0x3F, 0xC0, 0xFF, 0x03, 0xFC, 0x0E, 0x00, 0x38, 0x00, 0xE0, 0x03, 0x80, 0x0F, 0xFE,
  0x3F, 0xF8, 0xFF, 0xE0, 0x01, 0xC0, 0x0E, 0x00, 0x30, 0x00, 0x00, 0x3F, 0xF8, 0xFF, 0xE3, 0xFF,
  0x8E, 0x00, 0x38, 0x00, 0xE0, 0x03, 0x80, 0x0E, 0x00, 0x3F, 0xC0, 0xFF, 0x03, 0xFC, 0x0E, 0x00,
  0x38, 0x00, 0xE0, 0x03, 0x80, 0x0F, 0xFE, 0x3F, 0xF8, 0xFF, 0xE0, 0x03, 0xC0, 0x1F, 0x00, 0xE6,
  0x00, 0x00, 0x3F, 0xF8, 0xFF, 0xE3, 0xFF, 0x8E, 0x00, 0x38, 0x00, 0xE0, 0x03, 0x80, 0x0E, 0x00,
  0x3F, 0xC0, 0xFF, 0x03, 0xFC, 0x0E, 0x00, 0x38, 0x00, 0xE0, 0x03, 0x80, 0x0F, 0xFE, 0x3F, 0xF8,
  0xFF, 0xE0, 0x0C, 0xC0, 0x7F, 0x81, 0xFE, 0x03, 0x30, 0x00, 0x00, 0x00, 0x03, 0xFF, 0x8F, 0xFE,
  0x3F, 0xF8, 0xE0, 0x03, 0x80, 0x0E, 0x00, 0x38, 0x00, 0xE0, 0x03, 0xFC, 0x0F, 0xF0, 0x3F, 0xC0,
  0xE0, 0x03, 0x80, 0x0E, 0x00, 0x38, 0x00, 0xFF, 0xE3, 0xFF, 0x8F, 0xFE, 0xC3, 0x0E, 0x00, 0x71,
  0xC7, 0x1C, 0x71, 0xC7, 0x1C, 0x71, 0xC7, 0x1C, 0x71, 0xC7, 0x1C, 0x71, 0xC0, 0x1C, 0xE3, 0x00,
  0x38, 0xE3, 0x8E, 0x38, 0xE3, 0x8E, 0x38, 0xE3, 0x8E, 0x38, 0xE3, 0x8E, 0x38, 0xE0, 0x3C, 0x7C,
  0xE6, 0x00, 0x1C, 0x1C, 0x1C, 0x1C, 0x1C, 0x1C, 0x1C, 0x1C, 0x1C, 0x1C, 0x1C, 0x1C, 0x1C, 0x1C,
  0x1C, 0x1C, 0x1C, 0x1C, 0x66, 0x7F, 0xBF, 0xCC, 0xC0, 0x00, 0x00, 0x70, 0x38, 0x1C, 0x0E, 0x07,
  0x03, 0x81, 0xC0, 0xE0, 0x70, 0x38, 0x1C, 0x0E, 0x07, 0x03, 0x81, 0xC0, 0xE0, 0x70, 0x38, 0x1F,
  0xF0, 0x1F, 0xF8, 0x1F, 0xFC, 0x1C, 0x1E, 0x1C, 0x0E, 0x1C, 0x0E, 0x1C, 0x0E, 0x3F, 0x0E, 0x3F,
  0x8E, 0x3F, 0x8E, 0x1C, 0x0E, 0x1C, 0x0E, 0x1C, 0x0E, 0x1C, 0x0E, 0x1C, 0x1E, 0x1F, 0xFC, 0x1F,
  0xF8, 0x1F, 0xF0, 0x07, 0x20, 0x0F, 0xF0, 0x07, 0xE0, 0x00, 0x00, 0x00, 0x00, 0x38, 0x0C, 0x38,
  0x0C, 0x3C, 0x0C, 0x3C, 0x0C, 0x3E, 0x0C, 0x3F, 0x0C, 0x37, 0x0C, 0x33, 0x8C, 0x33, 0x8C, 0x31,
  0xCC, 0x39, 0xCC, 0x38, 0xEC, 0x38, 0xFC, 0x38, 0x7C, 0x38, 0x3C, 0x38, 0x3C, 0x38, 0x1C, 0x38,
  0x1C, 0x07, 0x00, 0x06, 0x00, 0x0E, 0x00, 0x00, 0x00, 0x7C, 0x03, 0xFE, 0x0F, 0xFE, 0x1C, 0x1C,
  0x30, 0x38, 0xE0, 0x39, 0xC0, 0x73, 0x80, 0xE7, 0x01, 0xCE, 0x03, 0x9C, 0x07, 0x38, 0x0E, 0x70,
  0x1C, 0x60, 0x70, 0xE0, 0xE1, 0xFF, 0xC1, 0xFF, 0x00, 0xF8, 0x00, 0x01, 0xC0, 0x07, 0x00, 0x0C,
  0x00, 0x00, 0x00, 0x7C, 0x03, 0xFE, 0x0F, 0xFE, 0x1C, 0x1C, 0x30, 0x38, 0xE0, 0x39, 0xC0, 0x73,
  0x80, 0xE7, 0x01, 0xCE, 0x03, 0x9C, 0x07, 0x38, 0x0E, 0x70, 0x1C, 0x60, 0x70, 0xE0, 0xE1, 0xFF,
  0xC1, 0xFF, 0x00, 0xF8, 0x00, 0x03, 0xC0, 0x0F, 0x80, 0x39, 0x80, 0x00, 0x00, 0x7C, 0x03, 0xFE,
  0x0F, 0xFE, 0x1C, 0x1C, 0x30, 0x38, 0xE0, 0x39, 0xC0, 0x73, 0x80, 0xE7, 0x01, 0xCE, 0x03, 0x9C,
  0x07, 0x38, 0x0E, 0x70, 0x1C, 0x60, 0x70, 0xE0, 0xE1, 0xFF, 0xC1, 0xFF, 0x00, 0xF8, 0x00, 0x0E,
  0x40, 0x3F, 0xC0, 0x3F, 0x00, 0x00, 0x00, 0x00, 0x00, 0xF8, 0x07, 0xFC, 0x1F, 0xFC, 0x38, 0x38,
  0x60, 0x71, 0xC0, 0x73, 0x80, 0xE7, 0x01, 0xCE, 0x03, 0x9C, 0x07, 0x38, 0x0E, 0x70, 0x1C, 0xE0,
  0x38, 0xC0, 0xE1, 0xC1, 0xC3, 0xFF, 0x83, 0xFE, 0x01, 0xF0, 0x00, 0x0C, 0xC0, 0x3F, 0xC0, 0x7F,
  0x80, 0x66, 0x00, 0x00, 0x00, 0x00, 0x01, 0xF0, 0x0F, 0xF8, 0x3F, 0xF8, 0x70, 0x70, 0xC0, 0xE3,
  0x80, 0xE7, 0x01, 0xCE, 0x03, 0x9C, 0x07, 0x38, 0x0E, 0x70, 0x1C, 0xE0, 0x39, 0xC0, 0x71, 0x81,
  0xC3, 0x83, 0x87, 0xFF, 0x07, 0xFC, 0x03, 0xE0, 0x20, 0x9C, 0x73, 0xB8, 0x7C, 0x1E, 0x07, 0xC3,
  0xB9, 0xC7, 0x21, 0x00, 0x00, 0x00, 0x00, 0x00, 0x08, 0x0F, 0xB8, 0x7F, 0xF1, 0xFF, 0xC3, 0x87,
  0x86, 0x0F, 0x1C, 0x3F, 0x38, 0x7E, 0x71, 0xDC, 0xE7, 0x39, 0xCE, 0x73, 0xB8, 0xE7, 0xE1, 0xCF,
  0xC3, 0x8F, 0x06, 0x1E, 0x1C, 0x3F, 0xF8, 0xFF, 0xE1, 0xDF, 0x01, 0x00, 0x00, 0x07, 0x00, 0x06,
  0x00, 0x0E, 0x00, 0x00, 0x03, 0x01, 0xC6, 0x03, 0x8C, 0x07, 0x18, 0x0E, 0x30, 0x1C, 0x60, 0x38,
  0xC0, 0x71, 0x80, 0xE3, 0x01, 0xC6, 0x03, 0x8C, 0x07, 0x18, 0x0E, 0x30, 0x1C, 0x70, 0x38, 0xE0,
  0xE0, 0xFF, 0xC1, 0xFF, 0x00, 0xF8, 0x00, 0x01, 0xC0, 0x07, 0x00, 0x0C, 0x00, 0x00, 0x03, 0x01,
  0xC6, 0x03, 0x8C, 0x07, 0x18, 0x0E, 0x30, 0x1C, 0x60, 0x38, 0xC0, 0x71, 0x80, 0xE3, 0x01, 0xC6,
  0x03, 0x8C, 0x07, 0x18, 0x0E, 0x30, 0x1C, 0x70, 0x38, 0xE0, 0xE0, 0xFF, 0xC1, 0xFF, 0x00, 0xF8,
  0x00, 0x03, 0xC0, 0x0F, 0x80, 0x39, 0x80, 0x00, 0x03, 0x01, 0xC6, 0x03, 0x8C, 0x07, 0x18, 0x0E,
  0x30, 0x1C, 0x60, 0x38, 0xC0, 0x71, 0x80, 0xE3, 0x01, 0xC6, 0x03, 0x8C, 0x07, 0x18, 0x0E, 0x30,
  0x1C, 0x70, 0x38, 0xE0, 0xE0, 0xFF, 0xC1, 0xFF, 0x00, 0xF8, 0x00, 0x06, 0x60, 0x1F, 0xE0, 0x3F,
  0xC0, 0x33, 0x00, 0x00, 0x00, 0x00, 0x0C, 0x07, 0x18, 0x0E, 0x30, 0x1C, 0x60, 0x38, 0xC0, 0x71,
  0x80, 0xE3, 0x01, 0xC6, 0x03, 0x8C, 0x07, 0x18, 0x0E, 0x30, 0x1C, 0x60, 0x38, 0xC0, 0x71, 0xC0,
  0xE3, 0x83, 0x83, 0xFF, 0x07, 0xFC, 0x03, 0xE0, 0x01, 0xC0, 0x0E, 0x00, 0x30, 0x00, 0x00, 0x70,
  0x3D, 0xC0, 0xE3, 0x83, 0x8E, 0x1C, 0x1C, 0x70, 0x73, 0x80, 0xEE, 0x03, 0xF0, 0x07, 0xC0, 0x1E,
  0x00, 0x38, 0x00, 0xE0, 0x03, 0x80, 0x0E, 0x00, 0x38, 0x00, 0xE0, 0x03, 0x80, 0x0E, 0x00, 0x30,
  0x00, 0xC0, 0x03, 0x00, 0x0C, 0x00, 0x3F, 0xC0, 0xFF, 0xC3, 0xFF, 0x0C, 0x0E, 0x30, 0x38, 0xC0,
  0xE3, 0x03, 0x8C, 0x1E, 0x3F, 0xF0, 0xFF, 0x83, 0xF0, 0x0C, 0x00, 0x30, 0x00, 0xC0, 0x00, 0x0F,
  0xC0, 0x7F, 0x83, 0xFF, 0x0E, 0x1C, 0x30, 0x70, 0xC1, 0xC3, 0x07, 0x0C, 0xF8, 0x33, 0xC0, 0xCF,
  0xC3, 0x07, 0x0C, 0x1C, 0x30, 0x38, 0xC0, 0xC3, 0x07, 0x0C, 0xFC, 0x37, 0xE0, 0xDF, 0x00, 0x1C,
  0x00, 0x70, 0x01, 0x80, 0x00, 0x00, 0xF8, 0x1F, 0xE1, 0xFF, 0x8E, 0x1C, 0x00, 0xE0, 0xFF, 0x0F,
  0xF8, 0xFF, 0xC7, 0x0E, 0x38, 0x71, 0xFF, 0x8F, 0xFC, 0x1E, 0xE0, 0x03, 0x80, 0x18, 0x01, 0x80,
  0x00, 0x00, 0xF8, 0x1F, 0xE1, 0xFF, 0x8E, 0x1C, 0x00, 0xE0, 0xFF, 0x0F, 0xF8, 0xFF, 0xC7, 0x0E,
  0x38, 0x71, 0xFF, 0x8F, 0xFC, 0x1E, 0xE0, 0x0F, 0x00, 0x6C, 0x06, 0x70, 0x00, 0x00, 0xF8, 0x1F,
  0xE1, 0xFF, 0x8E, 0x1C, 0x00, 0xE0, 0xFF, 0x0F, 0xF8, 0xFF, 0xC7, 0x0E, 0x38, 0x71, 0xFF, 0x8F,
  0xFC, 0x1E, 0xE0, 0x1C, 0x41, 0xFE, 0x07, 0xE0, 0x00, 0x00, 0x00, 0x07, 0xC0, 0xFF, 0x0F, 0xFC,
  0x70, 0xE0, 0x07, 0x07, 0xF8, 0x7F, 0xC7, 0xFE, 0x38, 0x71, 0xC3, 0x8F, 0xFC, 0x7F, 0xE0, 0xF7,
  0x00, 0x1D, 0xC0, 0xEE, 0x07, 0x70, 0x3B, 0x80, 0x00, 0x00, 0x00, 0x3E, 0x07, 0xF8, 0x7F, 0xE3,
  0x87, 0x00, 0x38, 0x3F, 0xC3, 0xFE, 0x3F, 0xF1, 0xC3, 0x8E, 0x1C, 0x7F, 0xE3, 0xFF, 0x07, 0xB8,
  0x07, 0x00, 0x7C, 0x06, 0x60, 0x33, 0x00, 0xF8, 0x03, 0x80, 0x00, 0x01, 0xF0, 0x3F, 0xC3, 0xFF,
  0x1C, 0x38, 0x01, 0xC1, 0xFE, 0x1F, 0xF1, 0xFF, 0x8E, 0x1C, 0x70, 0xE3, 0xFF, 0x1F, 0xF8, 0x3D,
  0xC0, 0x0F, 0x0F, 0x03, 0xFF, 0xF8, 0x7F, 0xFF, 0xC7, 0x0F, 0x0E, 0x00, 0xE0, 0xE1, 0xFF, 0xFE,
  0x3F, 0xFF, 0xE7, 0xFF, 0xFE, 0x70, 0xE0, 0x07, 0x0F, 0x04, 0x7F, 0xFF, 0xE7, 0xFB, 0xFC, 0x1F,
  0x0F, 0x00, 0x0F, 0x80, 0xFE, 0x0F, 0xF8, 0x70, 0xE7, 0x07, 0x38, 0x01, 0xC0, 0x0E, 0x00, 0x70,
  0x03, 0x83, 0x8E, 0x3C, 0x7F, 0xC1, 0xFC, 0x01, 0x80, 0x0C, 0x00, 0x30, 0x07, 0x80, 0x38, 0x00,
  0x0C, 0x00, 0x70, 0x01, 0xC0, 0x00, 0x00, 0xF8, 0x0F, 0xE0, 0xFF, 0x86, 0x0E, 0x70, 0x73, 0xFF,
  0x9F, 0xFC, 0xFF, 0xE7, 0x00, 0x1C, 0x30, 0xFF, 0xC3, 0xFC, 0x0F, 0x80, 0x03, 0x80, 0x18, 0x01,
  0x80, 0x00, 0x00, 0xF8, 0x0F, 0xE0, 0xFF, 0x86, 0x0E, 0x70, 0x73, 0xFF, 0x9F, 0xFC, 0xFF, 0xE7,
  0x00, 0x1C, 0x30, 0xFF, 0xC3, 0xFC, 0x0F, 0x80, 0x07, 0x00, 0x6C, 0x07, 0x70, 0x00, 0x00, 0xF8,
  0x0F, 0xE0, 0xFF, 0x86, 0x0E, 0x70, 0x73, 0xFF, 0x9F, 0xFC, 0xFF, 0xE7, 0x00, 0x1C, 0x30, 0xFF,
  0xC3, 0xFC, 0x0F, 0x80, 0x1D, 0xC0, 0xEE, 0x07, 0x70, 0x3B, 0x80, 0x00, 0x00, 0x00, 0x3E, 0x03,
  0xF8, 0x3F, 0xE1, 0x83, 0x9C, 0x1C, 0xFF, 0xE7, 0xFF, 0x3F, 0xF9, 0xC0, 0x07, 0x0C, 0x3F, 0xF0,
  0xFF, 0x03, 0xE0, 0xE1, 0x87, 0x00, 0x71, 0xC7, 0x1C, 0x71, 0xC7, 0x1C, 0x71, 0xC7, 0x1C, 0x70,
  0x18, 0xC7, 0x00, 0x71, 0xC7, 0x1C, 0x71, 0xC7, 0x1C, 0x71, 0xC7, 0x1C, 0x70, 0x3C, 0x6C, 0xE6,
  0x00, 0x38, 0x38, 0x38, 0x38, 0x38, 0x38, 0x38, 0x38, 0x38, 0x38, 0x38, 0x38, 0x38, 0x33, 0x3B,
  0x9F, 0xE6, 0x60, 0x00, 0x00, 0x70, 0x38, 0x1C, 0x0E, 0x07, 0x03, 0x81, 0xC0, 0xE0, 0x70, 0x38,
  0x1C, 0x0E, 0x07, 0x00, 0x0E, 0x00, 0x3B, 0x00, 0xF8, 0x1F, 0x80, 0x9C, 0x00, 0x70, 0x3F, 0x87,
  0xFC, 0x38, 0xE3, 0x83, 0x9C, 0x1C, 0xE0, 0xE7, 0x07, 0x38, 0x39, 0xE3, 0x87, 0xFC, 0x1F, 0xC0,
  0x7C, 0x00, 0x0E, 0x40, 0xFF, 0x07, 0xF0, 0x00, 0x00, 0x00, 0x3B, 0xE1, 0xFF, 0x8F, 0xFC, 0x78,
  0xF3, 0x83, 0x9C, 0x1C, 0xE0, 0xE7, 0x07, 0x38, 0x39, 0xC1, 0xCE, 0x0E, 0x70, 0x73, 0x83, 0x80,
  0x0C, 0x00, 0x30, 0x01, 0xC0, 0x00, 0x00, 0xF8, 0x0F, 0xF0, 0xFF, 0x87, 0x0E, 0x70, 0x73, 0x83,
  0x9C, 0x1C, 0xE0, 0xE7, 0x07, 0x1C, 0x38, 0xFF, 0x83, 0xF8, 0x0F, 0x80, 0x03, 0x80, 0x18, 0x01,
  0xC0, 0x00, 0x00, 0xF8, 0x0F, 0xF0, 0xFF, 0x87, 0x0E, 0x70, 0x73, 0x83, 0x9C, 0x1C, 0xE0, 0xE7,
  0x07, 0x1C, 0x38, 0xFF, 0x83, 0xF8, 0x0F, 0x80, 0x07, 0x00, 0x6C, 0x07, 0x30, 0x00, 0x00, 0xF8,
  0x0F, 0xF0, 0xFF, 0x87, 0x0E, 0x70, 0x73, 0x83, 0x9C, 0x1C, 0xE0, 0xE7, 0x07, 0x1C, 0x38, 0xFF,
  0x83, 0xF8, 0x0F, 0x80, 0x0E, 0x40, 0xFE, 0x07, 0xF0, 0x00, 0x00, 0x00, 0x07, 0xC0, 0x7F, 0x87,
  0xFC, 0x38, 0x73, 0x83, 0x9C, 0x1C, 0xE0, 0xE7, 0x07, 0x38, 0x38, 0xE1, 0xC7, 0xFC, 0x1F, 0xC0,
  0x7C, 0x00, 0x1D, 0xC0, 0xEE, 0x07, 0x70, 0x3B, 0x80, 0x00, 0x00, 0x00, 0x3E, 0x03, 0xFC, 0x3F,
  0xE1, 0xC3, 0x9C, 0x1C, 0xE0, 0xE7, 0x07, 0x38, 0x39, 0xC1, 0xC7, 0x0E, 0x3F, 0xE0, 0xFE, 0x03,
  0xE0, 0x06, 0x00, 0xE0, 0x06, 0x00, 0x00, 0x7F, 0xE7, 0xFE, 0x7F, 0xE0, 0x00, 0x06, 0x00, 0xE0,
  0x06, 0x00, 0x00, 0x00, 0x00, 0x00, 0x20, 0x7F, 0x87, 0xF8, 0x7F, 0xC7, 0x1E, 0x39, 0xF9, 0xDF,
  0xCE, 0xEE, 0x7E, 0x73, 0xF3, 0x9F, 0x38, 0x7F, 0xC7, 0xFC, 0x3F, 0xC0, 0x80, 0x00, 0x00, 0x0C,
  0x00, 0x70, 0x01, 0xC0, 0x00, 0x07, 0x07, 0x38, 0x39, 0xC1, 0xCE, 0x0E, 0x70, 0x73, 0x83, 0x9C,
  0x1C, 0xE0, 0xE7, 0x07, 0x3C, 0x78, 0xFF, 0xC7, 0xFE, 0x1F, 0x70, 0x03, 0x80, 0x18, 0x01, 0xC0,
  0x00, 0x07, 0x07, 0x38, 0x39, 0xC1, 0xCE, 0x0E, 0x70, 0x73, 0x83, 0x9C, 0x1C, 0xE0, 0xE7, 0x07,
  0x3C, 0x78, 0xFF, 0xC7, 0xFE, 0x1F, 0x70, 0x07, 0x00, 0x6C, 0x07, 0x70, 0x00, 0x07, 0x07, 0x38,
  0x39, 0xC1, 0xCE, 0x0E, 0x70, 0x73, 0x83, 0x9C, 0x1C, 0xE0, 0xE7, 0x07, 0x3C, 0x78, 0xFF, 0xC7,
  0xFE, 0x1F, 0x70, 0x1D, 0xC0, 0xEE, 0x07, 0x70, 0x3B, 0x80, 0x00, 0x00, 0x01, 0xC1, 0xCE, 0x0E,
  0x70, 0x73, 0x83, 0x9C, 0x1C, 0xE0, 0xE7, 0x07, 0x38, 0x39, 0xC1, 0xCF, 0x1E, 0x3F, 0xF1, 0xFF,
  0x87, 0xDC, 0x03, 0x80, 0x70, 0x06, 0x00, 0x00, 0xF0, 0xE7, 0x0E, 0x70, 0xE3, 0x1C, 0x39, 0xC3,
  0x9C, 0x39, 0x81, 0xB8, 0x1F, 0x81, 0xF0, 0x0F, 0x00, 0xF0, 0x0E, 0x00, 0xE0, 0x0E, 0x03, 0xC0,
  0x7C, 0x07, 0x80, 0x70, 0x03, 0x80, 0x1C, 0x00, 0xE0, 0x07, 0x00, 0x3B, 0xC1, 0xFF, 0x8F, 0xFC,
  0x78, 0xF3, 0x83, 0x9C, 0x1C, 0xE0, 0xE7, 0x07, 0x38, 0x39, 0xE3, 0xCF, 0xFC, 0x7F, 0xE3, 0xBC,
  0x1C, 0x00, 0xE0, 0x07, 0x00, 0x38, 0x01, 0xC0, 0x00, 0x19, 0x83, 0xFC, 0x3F, 0xC1, 0x98, 0x00,
  0x00, 0x00, 0xF0, 0xE7, 0x0E, 0x70, 0xE3, 0x1C, 0x39, 0xC3, 0x9C, 0x39, 0x81, 0xB8, 0x1F, 0x81,
  0xF0, 0x0F, 0x00, 0xF0, 0x0E, 0x00, 0xE0, 0x0E, 0x03, 0xC0, 0x7C, 0x07, 0x80,
};
const GFXglyph FuenteTituloGlifos[] PROGMEM = {
  {     0,   0,   0,   5,    0,    0 },   // 0x20
  {     0,   8,  18,   8,    0,  -18 },   // 0x21
  {    18,   8,  18,   8,    0,  -18 },   // 0x22
  {    36,  16,  17,  16,    0,  -17 },   // 0x23
  {    70,  14,  22,  14,    0,  -20 },   // 0x24
  {   109,  20,  18,  20,    0,  -18 },   // 0x25
  {   154,  17,  18,  17,    0,  -18 },   // 0x26
  {   193,   4,  18,   4,    0,  -18 },   // 0x27
  {   202,   9,  21,   8,   -1,  -19 },   // 0x28
  {   226,   8,  21,   8,    0,  -19 },   // 0x29
  {   247,  10,  19,  10,    0,  -19 },   // 0x2A
  {   271,  12,  13,  12,    0,  -13 },   // 0x2B
  {   291,   6,   6,   6,    0,   -4 },   // 0x2C
  {   296,  10,   9,  10,    0,   -9 },   // 0x2D
  {   308,   7,   5,   7,    0,   -5 },   // 0x2E
  {   313,  11,  18,  11,    0,  -18 },   // 0x2F
  {   338,  13,  18,  13,    0,  -18 },   // 0x30
  {   368,  13,  18,  13,    0,  -18 },   // 0x31
  {   398,  13,  18,  13,    0,  -18 },   // 0x32
  {   428,  13,  18,  13,    0,  -18 },   // 0x33
  {   458,  13,  18,  13,    0,  -18 },   // 0x34
  {   488,  13,  18,  13,    0,  -18 },   // 0x35
  {   518,  13,  18,  13,    0,  -18 },   // 0x36
  {   548,  13,  18,  13,    0,  -18 },   // 0x37
  {   578,  13,  18,  13,    0,  -18 },   // 0x38
  {   608,  13,  18,  13,    0,  -18 },   // 0x39
  {   638,   9,  13,   9,    0,  -13 },   // 0x3A
  {   653,   8,  14,   8,    0,  -12 },   // 0x3B
  {   667,  12,  13,  12,    0,  -13 },   // 0x3C
  {   687,  12,  11,  12,    0,  -11 },   // 0x3D
  {   704,  12,  13,  12,    0,  -13 },   // 0x3E
  {   724,  12,  18,  12,    0,  -18 },   // 0x3F
  {   751,  20,  18,  20,    0,  -16 },   // 0x40
  {   796,  16,  18,  16,    0,  -18 },   // 0x41
  {   832,  15,  18,  15,    0,  -18 },   // 0x42
  {   866,  15,  18,  15,    0,  -18 },   // 0x43
  {   900,  15,  18,  15,    0,  -18 },   // 0x44
  {   934,  14,  18,  14,    0,  -18 },   // 0x45
  {   966,  14,  18,  14,    0,  -18 },   // 0x46
  {   998,  15,  18,  15,    0,  -18 },   // 0x47
  {  1032,  15,  18,  15,    0,  -18 },   // 0x48
  {  1066,   6,  18,   6,    0,  -18 },   // 0x49
  {  1080,  14,  18,  14,    0,  -18 },   // 0x4A
  {  1112,  15,  18,  15,    0,  -18 },   // 0x4B
  {  1146,  14,  18,  14,    0,  -18 },   // 0x4C
  {  1178,  17,  18,  17,    0,  -18 },   // 0x4D
  {  1217,  16,  18,  16,    0,  -18 },   // 0x4E
  {  1253,  15,  18,  15,    0,  -18 },   // 0x4F
  {  1287,  14,  18,  14,    0,  -18 },   // 0x50
  {  1319,  14,  20,  14,    0,  -18 },   // 0x51
  {  1354,  15,  18,  15,    0,  -18 },   // 0x52
  {  1388,  14,  18,  14,    0,  -18 },   // 0x53
  {  1420,  14,  18,  14,    0,  -18 },   // 0x54
  {  1452,  15,  18,  15,    0,  -18 },   // 0x55
  {  1486,  15,  18,  15,    0,  -18 },   // 0x56
  {  1520,  21,  18,  21,    0,  -18 },   // 0x57
  {  1568,  15,  18,  15,    0,  -18 },   // 0x58
  {  1602,  14,  18,  14,    0,  -18 },   // 0x59
  {  1634,  13,  18,  13,    0,  -18 },   // 0x5A
  {  1664,  10,  23,  10,    0,  -20 },   // 0x5B
  {  1693,  11,  18,  11,    0,  -18 },   // 0x5C
  {  1718,  10,  23,  10,    0,  -20 },   // 0x5D
  {  1747,  11,  18,  11,    0,  -18 },   // 0x5E
  {  1772,  12,   3,  12,    0,   -3 },   // 0x5F
  {  1777,   5,  17,   5,    0,  -17 },   // 0x60
  {  1788,  13,  13,  13,    0,  -13 },   // 0x61
  {  1810,  13,  18,  13,    0,  -18 },   // 0x62
  {  1840,  13,  13,  13,    0,  -13 },   // 0x63
  {  1862,  13,  18,  13,    0,  -18 },   // 0x64
  {  1892,  13,  13,  13,    0,  -13 },   // 0x65
  {  1914,   9,  18,   9,    0,  -18 },   // 0x66
  {  1935,  13,  18,  13,    0,  -13 },   // 0x67
  {  1965,  13,  18,  13,    0,  -18 },   // 0x68
  {  1995,   6,  19,   6,    0,  -19 },   // 0x69
  {  2010,   8,  24,   6,   -2,  -19 },   // 0x6A
  {  2034,  13,  18,  13,    0,  -18 },   // 0x6B
  {  2064,   6,  18,   6,    0,  -18 },   // 0x6C
  {  2078,  20,  13,  20,    0,  -13 },   // 0x6D
  {  2111,  13,  13,  13,    0,  -13 },   // 0x6E
  {  2133,  13,  13,  13,    0,  -13 },   // 0x6F
  {  2155,  14,  18,  14,    0,  -13 },   // 0x70
  {  2187,  14,  18,  14,    0,  -13 },   // 0x71
  {  2219,   9,  13,   9,    0,  -13 },   // 0x72
  {  2234,  12,  13,  12,    0,  -13 },   // 0x73
  {  2254,   9,  16,   9,    0,  -16 },   // 0x74
  {  2272,  13,  13,  13,    0,  -13 },   // 0x75
  {  2294,  12,  13,  12,    0,  -13 },   // 0x76
  {  2314,  18,  13,  18,    0,  -13 },   // 0x77
  {  2344,  12,  13,  12,    0,  -13 },   // 0x78
  {  2364,  12,  18,  12,    0,  -13 },   // 0x79
  {  2391,  11,  13,  11,    0,  -13 },   // 0x7A
  {  2409,   8,  23,   8,    0,  -20 },   // 0x7B
  {  2432,   5,  21,   5,    0,  -19 },   // 0x7C
  {  2446,   8,  23,   8,    0,  -20 },   // 0x7D
  {  2469,  13,   9,  13,    0,   -9 },   // 0x7E
  {  2484,   0,   0,   0,    0,    0 },   // 0x7F
  {  2484,  13,  12,  13,    0,  -12 },   // 0x80
  {  2504,   8,  10,   8,    0,  -10 },   // 0x81
  {  2514,  20,   5,  20,    0,   -5 },   // 0x82
  {  2527,   0,   0,   0,    0,    0 },   // 0x83
  {  2527,   0,   0,   0,    0,    0 },   // 0x84
  {  2527,   0,   0,   0,    0,    0 },   // 0x85
  {  2527,   0,   0,   0,    0,    0 },   // 0x86
  {  2527,   0,   0,   0,    0,    0 },   // 0x87
  {  2527,   0,   0,   0,    0,    0 },   // 0x88
  {  2527,   0,   0,   0,    0,    0 },   // 0x89
  {  2527,   0,   0,   0,    0,    0 },   // 0x8A
  {  2527,   0,   0,   0,    0,    0 },   // 0x8B
  {  2527,   0,   0,   0,    0,    0 },   // 0x8C
  {  2527,   0,   0,   0,    0,    0 },   // 0x8D
  {  2527,   0,   0,   0,    0,    0 },   // 0x8E
  {  2527,   0,   0,   0,    0,    0 },   // 0x8F
  {  2527,   0,   0,   0,    0,    0 },   // 0x90
  {  2527,   0,   0,   0,    0,    0 },   // 0x91
  {  2527,   0,   0,   0,    0,    0 },   // 0x92
  {  2527,   0,   0,   0,    0,    0 },   // 0x93
  {  2527,   0,   0,   0,    0,    0 },   // 0x94
  {  2527,   0,   0,   0,    0,    0 },   // 0x95
  {  2527,   0,   0,   0,    0,    0 },   // 0x96
  {  2527,   0,   0,   0,    0,    0 },   // 0x97
  {  2527,   0,   0,   0,    0,    0 },   // 0x98
  {  2527,   0,   0,   0,    0,    0 },   // 0x99
  {  2527,   0,   0,   0,    0,    0 },   // 0x9A
  {  2527,   0,   0,   0,    0,    0 },   // 0x9B
  {  2527,   0,   0,   0,    0,    0 },   // 0x9C
  {  2527,   0,   0,   0,    0,    0 },   // 0x9D
  {  2527,   0,   0,   0,    0,    0 },   // 0x9E
  {  2527,   0,   0,   0,    0,    0 },   // 0x9F
  {  2527,   0,   0,   5,    0,    0 },   // 0xA0
  {  2527,   8,  18,   8,    0,  -18 },   // 0xA1
  {  2545,  13,  18,  13,    0,  -18 },   // 0xA2
  {  2575,  15,  18,  15,    0,  -18 },   // 0xA3
  {  2609,  13,  14,  13,    0,  -14 },   // 0xA4
  {  2632,  16,  18,  16,    0,  -18 },   // 0xA5
  {  2668,   5,  21,   5,    0,  -19 },   // 0xA6
  {  2682,  12,  23,  12,    0,  -18 },   // 0xA7
  {  2717,   9,  19,   9,    0,  -19 },   // 0xA8
  {  2739,  20,  18,  20,    0,  -18 },   // 0xA9
  {  2784,   8,  18,   8,    0,  -18 },   // 0xAA
  {  2802,  12,  12,  12,    0,  -12 },   // 0xAB
  {  2820,  12,   9,  12,    0,   -9 },   // 0xAC
  {  2834,  10,   9,  10,    0,   -9 },   // 0xAD
  {  2846,  11,  18,  11,    0,  -18 },   // 0xAE
  {  2871,   7,  18,   7,    0,  -18 },   // 0xAF
  {  2887,   9,  21,   9,    0,  -21 },   // 0xB0
  {  2911,  12,  15,  12,    0,  -15 },   // 0xB1
  {  2934,   8,  21,  13,    2,  -21 },   // 0xB2
  {  2955,   8,  21,  13,    2,  -21 },   // 0xB3
  {  2976,   5,  17,   5,    0,  -17 },   // 0xB4
  {  2987,  13,  18,  13,    0,  -13 },   // 0xB5
  {  3017,  15,  23,  15,    0,  -18 },   // 0xB6
  {  3061,   5,  10,   5,    0,  -10 },   // 0xB7
  {  3068,   4,   5,   4,    0,    0 },   // 0xB8
  {  3071,   5,  21,  13,    4,  -21 },   // 0xB9
  {  3085,   9,  18,   9,    0,  -18 },   // 0xBA
  {  3106,  12,  12,  12,    0,  -12 },   // 0xBB
  {  3124,  20,  18,  20,    0,  -18 },   // 0xBC
  {  3169,  19,  18,  19,    0,  -18 },   // 0xBD
  {  3212,  22,  18,  22,    0,  -18 },   // 0xBE
  {  3262,  12,  18,  12,    0,  -13 },   // 0xBF
  {  3289,  16,  22,  16,    0,  -22 },   // 0xC0
  {  3333,  16,  22,  16,    0,  -22 },   // 0xC1
  {  3377,  16,  22,  16,    0,  -22 },   // 0xC2
  {  3421,  16,  23,  16,    0,  -23 },   // 0xC3
  {  3467,  16,  24,  16,    0,  -24 },   // 0xC4
  {  3515,  16,  25,  16,    0,  -25 },   // 0xC5
  {  3565,  23,  18,  23,    0,  -18 },   // 0xC6
  {  3617,  15,  23,  15,    0,  -18 },   // 0xC7
  {  3661,  14,  22,  14,    0,  -22 },   // 0xC8
  {  3700,  14,  22,  14,    0,  -22 },   // 0xC9
  {  3739,  14,  22,  14,    0,  -22 },   // 0xCA
  {  3778,  14,  24,  14,    0,  -24 },   // 0xCB
  {  3820,   6,  22,   6,    0,  -22 },   // 0xCC
  {  3837,   6,  22,   6,    0,  -22 },   // 0xCD
  {  3854,   8,  22,   6,   -1,  -22 },   // 0xCE
  {  3876,   9,  24,   6,   -1,  -24 },   // 0xCF
  {  3903,  16,  18,  16,    0,  -18 },   // 0xD0
  {  3939,  16,  23,  16,    0,  -23 },   // 0xD1
  {  3985,  15,  22,  15,    0,  -22 },   // 0xD2
  {  4027,  15,  22,  15,    0,  -22 },   // 0xD3
  {  4069,  15,  22,  15,    0,  -22 },   // 0xD4
  {  4111,  15,  23,  15,    0,  -23 },   // 0xD5
  {  4155,  15,  24,  15,    0,  -24 },   // 0xD6
  {  4200,  10,  12,  10,    0,  -12 },   // 0xD7
  {  4215,  15,  20,  15,    0,  -19 },   // 0xD8
  {  4253,  15,  22,  15,    0,  -22 },   // 0xD9
  {  4295,  15,  22,  15,    0,  -22 },   // 0xDA
  {  4337,  15,  22,  15,    0,  -22 },   // 0xDB
  {  4379,  15,  24,  15,    0,  -24 },   // 0xDC
  {  4424,  14,  22,  14,    0,  -22 },   // 0xDD
  {  4463,  14,  18,  14,    0,  -18 },   // 0xDE
  {  4495,  14,  18,  14,    0,  -18 },   // 0xDF
  {  4527,  13,  17,  13,    0,  -17 },   // 0xE0
  {  4555,  13,  17,  13,    0,  -17 },   // 0xE1
  {  4583,  13,  17,  13,    0,  -17 },   // 0xE2
  {  4611,  13,  18,  13,    0,  -18 },   // 0xE3
  {  4641,  13,  19,  13,    0,  -19 },   // 0xE4
  {  4672,  13,  20,  13,    0,  -20 },   // 0xE5
  {  4705,  20,  13,  20,    0,  -13 },   // 0xE6
  {  4738,  13,  18,  13,    0,  -13 },   // 0xE7
  {  4768,  13,  17,  13,    0,  -17 },   // 0xE8
  {  4796,  13,  17,  13,    0,  -17 },   // 0xE9
  {  4824,  13,  17,  13,    0,  -17 },   // 0xEA
  {  4852,  13,  19,  13,    0,  -19 },   // 0xEB
  {  4883,   6,  17,   5,   -1,  -17 },   // 0xEC
  {  4896,   6,  17,   5,    0,  -17 },   // 0xED
  {  4909,   8,  17,   5,   -1,  -17 },   // 0xEE
  {  4926,   9,  19,   5,   -2,  -19 },   // 0xEF
  {  4948,  13,  18,  13,    0,  -18 },   // 0xF0
  {  4978,  13,  18,  13,    0,  -18 },   // 0xF1
  {  5008,  13,  17,  13,    0,  -17 },   // 0xF2
  {  5036,  13,  17,  13,    0,  -17 },   // 0xF3
  {  5064,  13,  17,  13,    0,  -17 },   // 0xF4
  {  5092,  13,  18,  13,    0,  -18 },   // 0xF5
  {  5122,  13,  19,  13,    0,  -19 },   // 0xF6
  {  5153,  12,  13,  12,    0,  -13 },   // 0xF7
  {  5173,  13,  16,  13,    0,  -15 },   // 0xF8
  {  5199,  13,  17,  13,    0,  -17 },   // 0xF9
  {  5227,  13,  17,  13,    0,  -17 },   // 0xFA
  {  5255,  13,  17,  13,    0,  -17 },   // 0xFB
  {  5283,  13,  19,  13,    0,  -19 },   // 0xFC
  {  5314,  12,  22,  12,    0,  -17 },   // 0xFD
  {  5347,  13,  23,  13,    0,  -18 },   // 0xFE
  {  5385,  12,  24,  12,    0,  -19 },   // 0xFF
};
const GFXfont FuenteTitulo PROGMEM = { (uint8_t*)FuenteTituloMapa, (GFXglyph*)FuenteTituloGlifos, 0x20, 0xFF, 29 };
const uint8_t FuenteTituloAltoMayus = 18;

// FuenteTexto: Barlow-Medium.ttf a 18 px  (2783 bytes de mapa, 224 glifos)
const uint8_t FuenteTextoMapa[] PROGMEM = {
  0x30, 0xC3, 0x0C, 0x30, 0xC3, 0x0C, 0x00, 0x03, 0x0C, 0xDA, 0xD6, 0xB0, 0x00, 0x00, 0x00, 0x00,
  0x00, 0x0C, 0xC0, 0x8C, 0x18, 0xC3, 0xFE, 0x19, 0x81, 0x98, 0x19, 0x81, 0x98, 0x7F, 0xC3, 0x18,
  0x31, 0x03, 0x30, 0x0C, 0x03, 0x03, 0xF1, 0x86, 0x61, 0x98, 0x03, 0x80, 0x78, 0x03, 0x80, 0x64,
  0x09, 0x86, 0x3F, 0x03, 0x00, 0xC0, 0x1C, 0x30, 0x6C, 0x41, 0x89, 0x01, 0x36, 0x03, 0xC8, 0x00,
  0x20, 0x00, 0x40, 0x01, 0x3C, 0x06, 0x4C, 0x09, 0x08, 0x31, 0xA0, 0xC3, 0xC0, 0x1E, 0x03, 0xB0,
  0x31, 0x03, 0x10, 0x1F, 0x01, 0xE0, 0x3C, 0x07, 0x66, 0x63, 0xC6, 0x1C, 0x77, 0xC3, 0xE6, 0xC9,
  0x20, 0x00, 0x00, 0x00, 0x31, 0x86, 0x30, 0xC3, 0x0C, 0x30, 0xC3, 0x0C, 0x30, 0x61, 0x83, 0x00,
  0x60, 0xC1, 0x06, 0x18, 0x61, 0x86, 0x18, 0x61, 0x86, 0x10, 0xC6, 0x00, 0x10, 0xAC, 0xF1, 0xE5,
  0x62, 0x00, 0x00, 0x00, 0x00, 0x00, 0x00, 0x00, 0x08, 0x04, 0x02, 0x0F, 0xE0, 0x80, 0x40, 0x20,
  0x00, 0x00, 0x00, 0x21, 0x18, 0x80, 0x7E, 0x00, 0x00, 0x00, 0x00, 0x00, 0x00, 0x31, 0x80, 0x04,
  0x0C, 0x0C, 0x08, 0x18, 0x18, 0x30, 0x30, 0x20, 0x60, 0x60, 0x40, 0x1E, 0x0E, 0xC6, 0x19, 0x86,
  0x61, 0x98, 0x66, 0x19, 0x86, 0x61, 0x98, 0x63, 0xB0, 0x78, 0x39, 0xE1, 0x86, 0x18, 0x61, 0x86,
  0x18, 0x61, 0x86, 0x1E, 0x1D, 0xC6, 0x11, 0x86, 0x03, 0x00, 0xC0, 0x60, 0x30, 0x18, 0x0C, 0x06,
  0x01, 0xFE, 0x7F, 0x01, 0x81, 0x81, 0x81, 0xC0, 0xB8, 0x0C, 0x02, 0x61, 0x31, 0x9D, 0xC3, 0xC0,
  0x0C, 0x03, 0x01, 0x80, 0x60, 0x33, 0x0C, 0xC6, 0x31, 0xFE, 0x7F, 0x80, 0xC0, 0x30, 0x0C, 0x7F,
  0x30, 0x18, 0x0C, 0x07, 0xE3, 0x99, 0x84, 0x03, 0x01, 0xB0, 0x8D, 0xC3, 0xC0, 0x1E, 0x3B, 0x98,
  0x4C, 0x07, 0xE3, 0x99, 0x84, 0xC3, 0x61, 0xB0, 0x8D, 0xC3, 0xC0, 0x7F, 0x21, 0x80, 0xC0, 0x60,
  0x60, 0x30, 0x30, 0x18, 0x0C, 0x0C, 0x06, 0x06, 0x00, 0x1E, 0x1B, 0x98, 0x4C, 0x26, 0x31, 0xF1,
  0xCC, 0xC2, 0x61, 0xB0, 0x9D, 0xC3, 0xC0, 0x3E, 0x3B, 0x98, 0xCC, 0x26, 0x13, 0x18, 0xFC, 0x02,
  0x61, 0x30, 0x8D, 0xC3, 0xC0, 0x30, 0xC0, 0x00, 0x00, 0x03, 0x0C, 0x00, 0x30, 0xC0, 0x00, 0x00,
  0xC2, 0x08, 0x20, 0x00, 0x01, 0x03, 0x8F, 0x0E, 0x06, 0x01, 0xE0, 0x3C, 0x06, 0x00, 0x00, 0x00,
  0x7F, 0x00, 0x00, 0x00, 0x07, 0xF0, 0x00, 0x00, 0x00, 0x40, 0x38, 0x07, 0x00, 0xE0, 0x30, 0xF1,
  0xE0, 0xC0, 0x00, 0x00, 0x00, 0x3E, 0x3B, 0x90, 0xC8, 0x60, 0x30, 0x70, 0x60, 0x30, 0x18, 0x00,
  0x06, 0x03, 0x00, 0x07, 0xE0, 0x38, 0x60, 0xC0, 0x21, 0x1E, 0x66, 0x6C, 0x48, 0x88, 0x93, 0x33,
  0x26, 0x64, 0x67, 0x78, 0x40, 0x00, 0xE1, 0x00, 0xFE, 0x00, 0x00, 0x00, 0x00, 0x00, 0x0E, 0x01,
  0xC0, 0x2C, 0x0D, 0x81, 0xB0, 0x33, 0x0C, 0x61, 0x8C, 0x30, 0xCF, 0xF9, 0x83, 0x30, 0x30, 0x7F,
  0x0C, 0x39, 0x83, 0x30, 0x66, 0x0C, 0xFF, 0x18, 0x63, 0x06, 0x60, 0xCC, 0x19, 0x87, 0x3F, 0x80,
  0x1F, 0x07, 0x71, 0x83, 0x30, 0x66, 0x00, 0xC0, 0x18, 0x03, 0x00, 0x60, 0xCC, 0x18, 0xEE, 0x0F,
  0x80, 0x7F, 0x0C, 0x39, 0x83, 0x30, 0x66, 0x0C, 0xC1, 0x98, 0x33, 0x06, 0x60, 0xCC, 0x19, 0x87,
  0x3F, 0x80, 0x7F, 0xCC, 0x01, 0x80, 0x30, 0x06, 0x00, 0xFE, 0x18, 0x03, 0x00, 0x60, 0x0C, 0x01,
  0x80, 0x3F, 0xE0, 0x7F, 0xD8, 0x06, 0x01, 0x80, 0x60, 0x1F, 0xC6, 0x01, 0x80, 0x60, 0x18, 0x06,
  0x01, 0x80, 0x1F, 0x07, 0x71, 0x83, 0x30, 0x66, 0x00, 0xC0, 0x19, 0xF3, 0x06, 0x60, 0xCC, 0x18,
  0xEE, 0x0F, 0x80, 0x60, 0xC6, 0x0C, 0x60, 0xC6, 0x0C, 0x60, 0xC7, 0xFC, 0x60, 0xC6, 0x0C, 0x60,
  0xC6, 0x0C, 0x60, 0xC6, 0x0C, 0x63, 0x18, 0xC6, 0x31, 0x8C, 0x63, 0x18, 0xC0, 0x01, 0x80, 0x60,
  0x18, 0x06, 0x01, 0x80, 0x60, 0x1B, 0x06, 0xC1, 0x90, 0x67, 0x70, 0xF8, 0x60, 0xCC, 0x31, 0x8C,
  0x33, 0x06, 0xE0, 0xF8, 0x1F, 0x83, 0x98, 0x63, 0x0C, 0x31, 0x83, 0x30, 0x70, 0x60, 0x18, 0x06,
  0x01, 0x80, 0x60, 0x18, 0x06, 0x01, 0x80, 0x60, 0x18, 0x06, 0x01, 0xFF, 0x70, 0x63, 0x83, 0x1E,
  0x38, 0xDB, 0x46, 0xDA, 0x33, 0x91, 0x88, 0x8C, 0x04, 0x60, 0x23, 0x01, 0x18, 0x08, 0xC0, 0x40,
  0x60, 0x67, 0x06, 0x78, 0x66, 0x86, 0x6C, 0x66, 0x66, 0x66, 0x66, 0x36, 0x61, 0xE6, 0x1E, 0x60,
  0xE6, 0x06, 0x1F, 0x07, 0x71, 0x83, 0x30, 0x66, 0x0C, 0xC1, 0x98, 0x33, 0x06, 0x60, 0xCC, 0x18,
  0xEE, 0x0F, 0x80, 0x7F, 0x0C, 0x31, 0x83, 0x30, 0x66, 0x0C, 0xC3, 0x9F, 0xE3, 0x00, 0x60, 0x0C,
  0x01, 0x80, 0x30, 0x00, 0x1E, 0x0E, 0xE6, 0x19, 0x83, 0x60, 0xD8, 0x36, 0x0D, 0x83, 0x60, 0xD8,
  0x27, 0x18, 0xFC, 0x0C, 0x03, 0x00, 0x7F, 0x8C, 0x39, 0x83, 0x30, 0x66, 0x0C, 0xFF, 0x18, 0xC3,
  0x18, 0x61, 0x8C, 0x31, 0x83, 0x30, 0x60, 0x1F, 0x06, 0x71, 0x83, 0x30, 0x67, 0x00, 0x38, 0x01,
  0xC0, 0x0C, 0x60, 0xCC, 0x19, 0xEE, 0x0F, 0x80, 0x7F, 0xC3, 0x00, 0xC0, 0x30, 0x0C, 0x03, 0x00,
  0xC0, 0x30, 0x0C, 0x03, 0x00, 0xC0, 0x30, 0x60, 0xC6, 0x0C, 0x60, 0xC6, 0x0C, 0x60, 0xC6, 0x0C,
  0x60, 0xC6, 0x0C, 0x60, 0xC2, 0x0C, 0x3B, 0x81, 0xF0, 0x60, 0xCC, 0x19, 0x82, 0x10, 0xC3, 0x18,
  0x62, 0x04, 0xC0, 0xD8, 0x1A, 0x01, 0x40, 0x38, 0x06, 0x00, 0xC1, 0x86, 0x61, 0x86, 0x63, 0x86,
  0x63, 0xC4, 0x22, 0xCC, 0x32, 0x4C, 0x36, 0x6C, 0x16, 0x68, 0x1C, 0x78, 0x1C, 0x38, 0x1C, 0x30,
  0x0C, 0x30, 0x60, 0xCC, 0x10, 0xC6, 0x0D, 0x81, 0xA0, 0x1C, 0x03, 0x80, 0xD0, 0x1B, 0x06, 0x31,
  0x82, 0x30, 0x60, 0x60, 0xCC, 0x30, 0xC6, 0x19, 0x81, 0xA0, 0x1C, 0x03, 0x00, 0x60, 0x0C, 0x01,
  0x80, 0x30, 0x06, 0x00, 0x7F, 0x80, 0x60, 0x30, 0x0C, 0x06, 0x03, 0x00, 0xC0, 0x60, 0x30, 0x18,
  0x06, 0x01, 0xFE, 0x78, 0x81, 0x02, 0x04, 0x08, 0x10, 0x20, 0x40, 0x81, 0x02, 0x04, 0x08, 0x1E,
  0x00, 0x00, 0x60, 0x20, 0x30, 0x30, 0x10, 0x18, 0x18, 0x0C, 0x0C, 0x04, 0x06, 0x06, 0x3C, 0x08,
  0x10, 0x20, 0x40, 0x81, 0x02, 0x04, 0x08, 0x10, 0x20, 0x40, 0x8F, 0x00, 0x00, 0x18, 0x18, 0x3C,
  0x24, 0x26, 0x62, 0x43, 0x00, 0x00, 0x00, 0x00, 0x00, 0xFF, 0x80, 0x00, 0x00, 0x42, 0x00, 0x00,
  0x00, 0x00, 0x00, 0x3E, 0x3B, 0x98, 0xC0, 0x63, 0xF3, 0x19, 0x0C, 0xEE, 0x3F, 0x00, 0x60, 0x18,
  0x06, 0x01, 0xB8, 0x7B, 0x18, 0x66, 0x19, 0x86, 0x61, 0x98, 0x67, 0xB1, 0xB8, 0x1E, 0x1B, 0x98,
  0x6C, 0x06, 0x03, 0x01, 0x86, 0x6E, 0x1E, 0x00, 0x01, 0x80, 0x60, 0x18, 0x76, 0x37, 0x98, 0x66,
  0x19, 0x86, 0x61, 0x98, 0x63, 0x78, 0x76, 0x1E, 0x0D, 0xC6, 0x11, 0x86, 0x7F, 0x98, 0x06, 0x10,
  0xEE, 0x1E, 0x00, 0x1C, 0x70, 0xC3, 0xE3, 0x06, 0x0C, 0x18, 0x30, 0x60, 0xC1, 0x80, 0x1D, 0x8D,
  0xE6, 0x19, 0x86, 0x61, 0x98, 0x66, 0x18, 0xDE, 0x1D, 0x80, 0x40, 0x70, 0x78, 0x60, 0x18, 0x06,
  0x01, 0xB8, 0x77, 0x18, 0x66, 0x19, 0x86, 0x61, 0x98, 0x66, 0x19, 0x86, 0x63, 0x00, 0xC6, 0x31,
  0x8C, 0x63, 0x18, 0xC0, 0x31, 0x80, 0x63, 0x18, 0xC6, 0x31, 0x8C, 0x63, 0x3B, 0x80, 0x60, 0x30,
  0x18, 0x0C, 0x66, 0x63, 0x61, 0xF0, 0xEC, 0x66, 0x31, 0x98, 0xCC, 0x30, 0x66, 0x66, 0x66, 0x66,
  0x66, 0x66, 0x6E, 0x78, 0xEF, 0xB1, 0x8C, 0x33, 0x08, 0x66, 0x10, 0xCC, 0x21, 0x98, 0x43, 0x30,
  0x86, 0x61, 0x0C, 0x6E, 0x1D, 0xC6, 0x19, 0x86, 0x61, 0x98, 0x66, 0x19, 0x86, 0x61, 0x80, 0x1E,
  0x0D, 0xC6, 0x19, 0x86, 0x61, 0x98, 0x66, 0x18, 0xDC, 0x1E, 0x00, 0x6E, 0x1E, 0xC6, 0x19, 0x86,
  0x61, 0x98, 0x66, 0x19, 0xEC, 0x6E, 0x18, 0x06, 0x01, 0x80, 0x1D, 0x8D, 0xE6, 0x19, 0x86, 0x61,
  0x98, 0x66, 0x18, 0xDE, 0x1D, 0x80, 0x60, 0x18, 0x06, 0x6C, 0xE9, 0x83, 0x06, 0x0C, 0x18, 0x30,
  0x60, 0x3E, 0x3B, 0x98, 0xCE, 0x03, 0xE0, 0x39, 0x8C, 0xEE, 0x3E, 0x00, 0x30, 0x61, 0xF1, 0x83,
  0x06, 0x0C, 0x18, 0x30, 0x60, 0x70, 0x61, 0x18, 0x46, 0x11, 0x84, 0x61, 0x18, 0x46, 0x11, 0xDC,
  0x3D, 0x00, 0xE3, 0x31, 0x98, 0xC4, 0xC3, 0x61, 0xB0, 0x70, 0x38, 0x1C, 0x00, 0xC3, 0x1B, 0x38,
  0x99, 0xCC, 0xCA, 0x62, 0x5B, 0x1E, 0xD0, 0xF3, 0x83, 0x1C, 0x18, 0xC0, 0xE3, 0xB1, 0x8D, 0x83,
  0x81, 0xC0, 0xE0, 0xD8, 0xC6, 0xE3, 0x80, 0xC3, 0x31, 0x98, 0x84, 0xC3, 0x61, 0xA0, 0x70, 0x38,
  0x18, 0x0C, 0x0C, 0x0E, 0x00, 0x7E, 0x06, 0x06, 0x0C, 0x18, 0x30, 0x60, 0x60, 0x7F, 0x38, 0xC3,
  0x0C, 0x30, 0xC6, 0x18, 0x60, 0xC3, 0x0C, 0x30, 0xC3, 0x80, 0x00, 0x49, 0x24, 0x92, 0x49, 0x24,
  0x90, 0x70, 0xC3, 0x0C, 0x30, 0xC1, 0x06, 0x10, 0xC3, 0x0C, 0x30, 0xC7, 0x00, 0x00, 0x79, 0xA7,
  0x80, 0x00, 0x00, 0x00, 0x00, 0x00, 0x79, 0xA7, 0x80, 0x00, 0x07, 0x9A, 0x78, 0x00, 0x00, 0x00,
  0x00, 0x71, 0xE7, 0x9C, 0x00, 0x00, 0x00, 0x33, 0x9C, 0x63, 0x30, 0x00, 0x00, 0x30, 0xC0, 0x00,
  0x30, 0xC3, 0x0C, 0x30, 0xC3, 0x0C, 0x0C, 0x06, 0x0F, 0xCC, 0x66, 0x1B, 0x01, 0x80, 0xC3, 0x63,
  0x1F, 0x83, 0x01, 0x80, 0x07, 0x83, 0xB8, 0x61, 0x0C, 0x01, 0x80, 0xFE, 0x06, 0x00, 0xC0, 0x18,
  0x03, 0x00, 0xC0, 0x1F, 0xE0, 0x40, 0xBF, 0xE3, 0x71, 0x84, 0x61, 0x98, 0x43, 0x31, 0xFE, 0x40,
  0x80, 0x00, 0x30, 0x63, 0x0C, 0x18, 0xC0, 0x98, 0x0F, 0x00, 0x70, 0x1F, 0xC0, 0x60, 0x1F, 0xC0,
  0x60, 0x06, 0x00, 0x60, 0x49, 0x24, 0x80, 0x49, 0x24, 0x80, 0x3C, 0x76, 0x62, 0x60, 0x30, 0x3E,
  0x66, 0x63, 0x62, 0x3E, 0x0E, 0x02, 0x62, 0x76, 0x3C, 0x6C, 0xD8, 0x00, 0x00, 0x00, 0x00, 0x00,
  0x00, 0x00, 0x00, 0x00, 0x00, 0x07, 0xC0, 0x38, 0x60, 0xC0, 0x61, 0x1C, 0x66, 0x2C, 0x48, 0x40,
  0x90, 0x81, 0x31, 0x22, 0x23, 0x8C, 0x60, 0x10, 0x60, 0xC0, 0x3F, 0x00, 0x00, 0x00, 0x71, 0x27,
  0xB2, 0x89, 0xE0, 0x3E, 0x00, 0x00, 0x00, 0x00, 0x1B, 0x0D, 0x82, 0xC1, 0xB0, 0x36, 0x06, 0xC0,
  0x00, 0x00, 0x7F, 0x00, 0x80, 0x40, 0x00, 0x00, 0x00, 0x00, 0x7E, 0x00, 0x00, 0x00, 0x00, 0x00,
  0x00, 0x3C, 0x42, 0x59, 0x99, 0x59, 0x42, 0x3C, 0x00, 0x00, 0x00, 0x00, 0x00, 0xF8, 0x00, 0x00,
  0x00, 0x00, 0x00, 0x00, 0x00, 0x78, 0x9B, 0x12, 0x27, 0xC0, 0x00, 0x00, 0x00, 0x00, 0x00, 0x00,
  0x00, 0x00, 0x00, 0x08, 0x04, 0x02, 0x0F, 0xE0, 0x80, 0x40, 0x20, 0x00, 0x00, 0x3F, 0x80, 0x00,
  0x79, 0x24, 0x82, 0x10, 0x84, 0x1E, 0x00, 0x00, 0x00, 0x00, 0x00, 0x00, 0x00, 0x78, 0x63, 0x02,
  0x49, 0x67, 0x80, 0x00, 0x00, 0x00, 0x00, 0x00, 0x00, 0x64, 0x00, 0x00, 0x00, 0x00, 0x00, 0x00,
  0x61, 0x98, 0x66, 0x19, 0x86, 0x61, 0x98, 0x66, 0x19, 0xDE, 0x7D, 0x98, 0x06, 0x01, 0x80, 0x1F,
  0x8F, 0x91, 0xF2, 0x3E, 0x47, 0xC8, 0xF9, 0x0F, 0x20, 0xE4, 0x0C, 0x81, 0x90, 0x32, 0x06, 0x40,
  0xC8, 0x19, 0x03, 0x20, 0x33, 0x00, 0x00, 0x49, 0xE0, 0xED, 0xB6, 0xD8, 0x00, 0x00, 0x00, 0x39,
  0x24, 0x51, 0x48, 0xE0, 0x3F, 0x00, 0x00, 0x00, 0x00, 0x36, 0x04, 0x81, 0xB0, 0x6C, 0x12, 0x0D,
  0x80, 0x00, 0x00, 0xE0, 0x60, 0xC0, 0x81, 0x82, 0x03, 0x0C, 0x06, 0x11, 0x0C, 0x46, 0x19, 0x88,
  0x02, 0x34, 0x08, 0x48, 0x30, 0xF8, 0x40, 0x21, 0x00, 0x40, 0xE0, 0x61, 0x81, 0x06, 0x08, 0x18,
  0x60, 0x61, 0x79, 0x89, 0x26, 0x64, 0x81, 0x02, 0x08, 0x10, 0x60, 0x81, 0x04, 0x08, 0x1F, 0x78,
  0x10, 0x18, 0x30, 0x30, 0x20, 0x08, 0x40, 0x48, 0xC4, 0x58, 0x88, 0x79, 0x08, 0x03, 0x12, 0x02,
  0x12, 0x04, 0x3F, 0x0C, 0x02, 0x08, 0x02, 0x00, 0x00, 0x0C, 0x06, 0x00, 0x01, 0x00, 0xC0, 0xC0,
  0xC0, 0xC0, 0x43, 0x31, 0x9F, 0xC7, 0x80, 0x18, 0x01, 0x80, 0x00, 0x07, 0x00, 0xE0, 0x16, 0x06,
  0xC0, 0xD8, 0x19, 0x86, 0x30, 0xC6, 0x18, 0x67, 0xFC, 0xC1, 0x98, 0x18, 0x06, 0x01, 0x80, 0x00,
  0x07, 0x00, 0xE0, 0x16, 0x06, 0xC0, 0xD8, 0x19, 0x86, 0x30, 0xC6, 0x18, 0x67, 0xFC, 0xC1, 0x98,
  0x18, 0x00, 0x06, 0x03, 0x20, 0x00, 0x07, 0x00, 0xE0, 0x16, 0x06, 0xC0, 0xD8, 0x19, 0x86, 0x30,
  0xC6, 0x18, 0x67, 0xFC, 0xC1, 0x98, 0x18, 0x0C, 0x83, 0x70, 0x00, 0x07, 0x00, 0xE0, 0x16, 0x06,
  0xC0, 0xD8, 0x19, 0x86, 0x30, 0xC6, 0x18, 0x67, 0xFC, 0xC1, 0x98, 0x18, 0x00, 0x1B, 0x03, 0x60,
  0x00, 0x07, 0x00, 0xE0, 0x16, 0x06, 0xC0, 0xD8, 0x19, 0x86, 0x30, 0xC6, 0x18, 0x67, 0xFC, 0xC1,
  0x98, 0x18, 0x00, 0x07, 0x01, 0x20, 0x24, 0x03, 0x80, 0x00, 0x1C, 0x03, 0x80, 0x58, 0x1B, 0x03,
  0x60, 0x66, 0x18, 0xC3, 0x18, 0x61, 0x9F, 0xF3, 0x06, 0x60, 0x60, 0x00, 0x01, 0xFF, 0x01, 0xE0,
  0x00, 0xF0, 0x00, 0xD8, 0x00, 0x4C, 0x00, 0x67, 0xE0, 0x23, 0x00, 0x31, 0x80, 0x3F, 0xC0, 0x18,
  0x60, 0x18, 0x30, 0x0C, 0x1F, 0xE0, 0x1F, 0x07, 0x71, 0x83, 0x30, 0x66, 0x00, 0xC0, 0x18, 0x03,
  0x00, 0x60, 0xC4, 0x18, 0xEE, 0x07, 0x80, 0x40, 0x1C, 0x03, 0x00, 0x18, 0x01, 0x80, 0x00, 0x3F,
  0xE6, 0x00, 0xC0, 0x18, 0x03, 0x00, 0x7F, 0x0C, 0x01, 0x80, 0x30, 0x06, 0x00, 0xC0, 0x1F, 0xF0,
  0x06, 0x01, 0x80, 0x00, 0x3F, 0xE6, 0x00, 0xC0, 0x18, 0x03, 0x00, 0x7F, 0x0C, 0x01, 0x80, 0x30,
  0x06, 0x00, 0xC0, 0x1F, 0xF0, 0x00, 0x06, 0x03, 0x20, 0x00, 0x3F, 0xE6, 0x00, 0xC0, 0x18, 0x03,
  0x00, 0x7F, 0x0C, 0x01, 0x80, 0x30, 0x06, 0x00, 0xC0, 0x1F, 0xF0, 0x1B, 0x03, 0x60, 0x00, 0x3F,
  0xE6, 0x00, 0xC0, 0x18, 0x03, 0x00, 0x7F, 0x0C, 0x01, 0x80, 0x30, 0x06, 0x00, 0xC0, 0x1F, 0xF0,
  0x00, 0xC3, 0x00, 0xC6, 0x31, 0x8C, 0x63, 0x18, 0xC6, 0x31, 0x80, 0x33, 0x00, 0xC6, 0x31, 0x8C,
  0x63, 0x18, 0xC6, 0x31, 0x80, 0x33, 0x20, 0x0C, 0x30, 0xC3, 0x0C, 0x30, 0xC3, 0x0C, 0x30, 0xC3,
  0x00, 0xD9, 0xB0, 0x03, 0x06, 0x0C, 0x18, 0x30, 0x60, 0xC1, 0x83, 0x06, 0x0C, 0x18, 0x00, 0x1F,
  0x81, 0x0E, 0x10, 0x61, 0x06, 0x10, 0x67, 0xC6, 0x10, 0x61, 0x06, 0x10, 0x61, 0x06, 0x10, 0xE1,
  0xF8, 0x0C, 0x81, 0xB8, 0x00, 0x06, 0x06, 0x70, 0x67, 0x86, 0x68, 0x66, 0xC6, 0x66, 0x66, 0x66,
  0x63, 0x66, 0x1E, 0x61, 0xE6, 0x0E, 0x60, 0x60, 0x00, 0x18, 0x01, 0x80, 0x00, 0x0F, 0x83, 0xB8,
  0xC1, 0x98, 0x33, 0x06, 0x60, 0xCC, 0x19, 0x83, 0x30, 0x66, 0x0C, 0x77, 0x07, 0xC0, 0x06, 0x01,
  0x80, 0x00, 0x0F, 0x83, 0xB8, 0xC1, 0x98, 0x33, 0x06, 0x60, 0xCC, 0x19, 0x83, 0x30, 0x66, 0x0C,
  0x77, 0x07, 0xC0, 0x00, 0x06, 0x03, 0x20, 0x00, 0x0F, 0x83, 0xB8, 0xC1, 0x98, 0x33, 0x06, 0x60,
  0xCC, 0x19, 0x83, 0x30, 0x66, 0x0C, 0x77, 0x07, 0xC0, 0x0C, 0x83, 0x70, 0x00, 0x0F, 0x83, 0xB8,
  0xC1, 0x98, 0x33, 0x06, 0x60, 0xCC, 0x19, 0x83, 0x30, 0x66, 0x0C, 0x77, 0x07, 0xC0, 0x00, 0x1B,
  0x03, 0x60, 0x00, 0x0F, 0x83, 0xB8, 0xC1, 0x98, 0x33, 0x06, 0x60, 0xCC, 0x19, 0x83, 0x30, 0x66,
  0x0C, 0x77, 0x07, 0xC0, 0x00, 0x42, 0x66, 0x3C, 0x18, 0x3C, 0x66, 0x00, 0x00, 0x00, 0x1F, 0x47,
  0x79, 0x87, 0x30, 0xE6, 0x3C, 0xCD, 0x9B, 0x33, 0x66, 0x78, 0xCE, 0x19, 0xEE, 0x3F, 0x80, 0x00,
  0x00, 0x00, 0x0C, 0x00, 0x60, 0x00, 0x06, 0x0C, 0x60, 0xC6, 0x0C, 0x60, 0xC6, 0x0C, 0x60, 0xC6,
  0x0C, 0x60, 0xC6, 0x0C, 0x20, 0xC3, 0xB8, 0x1F, 0x00, 0x03, 0x00, 0x60, 0x00, 0x06, 0x0C, 0x60,
  0xC6, 0x0C, 0x60, 0xC6, 0x0C, 0x60, 0xC6, 0x0C, 0x60, 0xC6, 0x0C, 0x20, 0xC3, 0xB8, 0x1F, 0x00,
  0x00, 0x06, 0x01, 0x90, 0x00, 0x06, 0x0C, 0x60, 0xC6, 0x0C, 0x60, 0xC6, 0x0C, 0x60, 0xC6, 0x0C,
  0x60, 0xC6, 0x0C, 0x20, 0xC3, 0xB8, 0x1F, 0x00, 0x0D, 0x80, 0xD8, 0x00, 0x06, 0x0C, 0x60, 0xC6,
  0x0C, 0x60, 0xC6, 0x0C, 0x60, 0xC6, 0x0C, 0x60, 0xC6, 0x0C, 0x20, 0xC3, 0xB8, 0x1F, 0x00, 0x00,
  0x06, 0x01, 0x80, 0x00, 0x30, 0x66, 0x18, 0x63, 0x0C, 0xC0, 0xD0, 0x0E, 0x01, 0x80, 0x30, 0x06,
  0x00, 0xC0, 0x18, 0x03, 0x00, 0x00, 0x60, 0x18, 0x06, 0x01, 0xFC, 0x61, 0x98, 0x36, 0x0D, 0x86,
  0x7F, 0x98, 0x06, 0x01, 0x80, 0x1E, 0x0E, 0xE6, 0x19, 0x86, 0x61, 0x9B, 0xC6, 0x39, 0x86, 0x61,
  0x98, 0x66, 0x39, 0xB8, 0x10, 0x04, 0x00, 0x07, 0xC7, 0x73, 0x18, 0x0C, 0x7E, 0x63, 0x21, 0x9D,
  0xC7, 0xE0, 0x04, 0x04, 0x00, 0x07, 0xC7, 0x73, 0x18, 0x0C, 0x7E, 0x63, 0x21, 0x9D, 0xC7, 0xE0,
  0x00, 0x1C, 0x1B, 0x00, 0x07, 0xC7, 0x73, 0x18, 0x0C, 0x7E, 0x63, 0x21, 0x9D, 0xC7, 0xE0, 0x3A,
  0x17, 0x00, 0x07, 0xC7, 0x73, 0x18, 0x0C, 0x7E, 0x63, 0x21, 0x9D, 0xC7, 0xE0, 0x00, 0x36, 0x1B,
  0x00, 0x07, 0xC7, 0x73, 0x18, 0x0C, 0x7E, 0x63, 0x21, 0x9D, 0xC7, 0xE0, 0x00, 0x1C, 0x0B, 0x04,
  0x83, 0x80, 0x01, 0xF1, 0xDC, 0xC6, 0x03, 0x1F, 0x98, 0xC8, 0x67, 0x71, 0xF8, 0x00, 0x3C, 0x70,
  0xEF, 0xB1, 0x8E, 0x30, 0x18, 0x63, 0xFF, 0xCC, 0x60, 0x10, 0xC2, 0x3B, 0xEE, 0x3C, 0xF8, 0x1E,
  0x1B, 0x98, 0x6C, 0x06, 0x03, 0x01, 0x86, 0x6E, 0x1E, 0x02, 0x01, 0x01, 0x80, 0x18, 0x03, 0x00,
  0x00, 0x78, 0x37, 0x18, 0x46, 0x19, 0xFE, 0x60, 0x18, 0x43, 0xB8, 0x78, 0x06, 0x02, 0x00, 0x00,
  0x78, 0x37, 0x18, 0x46, 0x19, 0xFE, 0x60, 0x18, 0x43, 0xB8, 0x78, 0x00, 0x00, 0x1C, 0x0C, 0x80,
  0x00, 0x78, 0x37, 0x18, 0x46, 0x19, 0xFE, 0x60, 0x18, 0x43, 0xB8, 0x78, 0x3F, 0x0D, 0x80, 0x00,
  0x78, 0x37, 0x18, 0x46, 0x19, 0xFE, 0x60, 0x18, 0x43, 0xB8, 0x78, 0x00, 0x00, 0xC6, 0x06, 0x66,
  0x66, 0x66, 0x66, 0x36, 0x06, 0x66, 0x66, 0x66, 0x66, 0x00, 0x31, 0x20, 0x0C, 0x30, 0xC3, 0x0C,
  0x30, 0xC3, 0x0C, 0xFD, 0x20, 0x0C, 0x30, 0xC3, 0x0C, 0x30, 0xC3, 0x0C, 0x00, 0x18, 0x03, 0xC1,
  0xE0, 0x0C, 0x3F, 0x1C, 0xC6, 0x19, 0x86, 0x61, 0x98, 0x43, 0x70, 0x78, 0x19, 0x09, 0xC0, 0x01,
  0xB8, 0x77, 0x18, 0x66, 0x19, 0x86, 0x61, 0x98, 0x66, 0x19, 0x86, 0x00, 0x00, 0x18, 0x03, 0x00,
  0x00, 0x78, 0x37, 0x18, 0x66, 0x19, 0x86, 0x61, 0x98, 0x63, 0x70, 0x78, 0x06, 0x03, 0x00, 0x00,
  0x78, 0x37, 0x18, 0x66, 0x19, 0x86, 0x61, 0x98, 0x63, 0x70, 0x78, 0x00, 0x00, 0x0C, 0x0C, 0x80,
  0x00, 0x78, 0x37, 0x18, 0x66, 0x19, 0x86, 0x61, 0x98, 0x63, 0x70, 0x78, 0x19, 0x0B, 0x80, 0x00,
  0x78, 0x37, 0x18, 0x66, 0x19, 0x86, 0x61, 0x98, 0x63, 0x70, 0x78, 0x00, 0x00, 0x3F, 0x0D, 0x80,
  0x00, 0x78, 0x37, 0x18, 0x66, 0x19, 0x86, 0x61, 0x98, 0x63, 0x70, 0x78, 0x00, 0x00, 0x18, 0x00,
  0x00, 0x0F, 0xE0, 0x00, 0x00, 0x60, 0x00, 0x00, 0x00, 0x00, 0x01, 0x07, 0xE3, 0x71, 0x9E, 0x65,
  0x9B, 0x67, 0x99, 0xC6, 0x37, 0x1F, 0x84, 0x00, 0x18, 0x03, 0x00, 0x01, 0x84, 0x61, 0x18, 0x46,
  0x11, 0x84, 0x61, 0x18, 0x47, 0x70, 0xF4, 0x06, 0x03, 0x00, 0x01, 0x84, 0x61, 0x18, 0x46, 0x11,
  0x84, 0x61, 0x18, 0x47, 0x70, 0xF4, 0x00, 0x00, 0x0C, 0x0C, 0x80, 0x01, 0x84, 0x61, 0x18, 0x46,
  0x11, 0x84, 0x61, 0x18, 0x47, 0x70, 0xF4, 0x3F, 0x0D, 0x80, 0x01, 0x84, 0x61, 0x18, 0x46, 0x11,
  0x84, 0x61, 0x18, 0x47, 0x70, 0xF4, 0x00, 0x00, 0x0C, 0x0C, 0x00, 0x18, 0x66, 0x33, 0x10, 0x98,
  0x6C, 0x34, 0x0E, 0x07, 0x03, 0x01, 0x81, 0x81, 0xC0, 0x00, 0x60, 0x18, 0x06, 0x01, 0xB8, 0x77,
  0x18, 0x66, 0x19, 0x86, 0x61, 0x98, 0x67, 0x71, 0xB8, 0x60, 0x18, 0x06, 0x00, 0x36, 0x1B, 0x00,
  0x18, 0x66, 0x33, 0x10, 0x98, 0x6C, 0x34, 0x0E, 0x07, 0x03, 0x01, 0x81, 0x81, 0xC0, 0x00,
};
const GFXglyph FuenteTextoGlifos[] PROGMEM = {
  {     0,   0,   0,   4,    0,    0 },   // 0x20
  {     0,   6,  12,   6,    0,  -12 },   // 0x21
  {     9,   5,  12,   5,    0,  -12 },   // 0x22
  {    17,  12,  12,  12,    0,  -12 },   // 0x23
  {    35,  10,  15,  10,    0,  -13 },   // 0x24
  {    54,  15,  12,  15,    0,  -12 },   // 0x25
  {    77,  12,  12,  12,    0,  -12 },   // 0x26
  {    95,   3,  12,   3,    0,  -12 },   // 0x27
  {   100,   6,  15,   5,   -1,  -13 },   // 0x28
  {   112,   6,  15,   5,    0,  -13 },   // 0x29
  {   124,   7,  13,   7,    0,  -13 },   // 0x2A
  {   136,   9,   9,   9,    0,   -9 },   // 0x2B
  {   147,   5,   4,   5,    0,   -3 },   // 0x2C
  {   150,   7,   7,   7,    0,   -7 },   // 0x2D
  {   157,   5,   3,   5,    0,   -2 },   // 0x2E
  {   159,   8,  12,   8,    0,  -12 },   // 0x2F
  {   171,  10,  12,  10,    0,  -12 },   // 0x30
  {   186,   6,  12,   6,    0,  -12 },   // 0x31
  {   195,  10,  12,  10,    0,  -12 },   // 0x32
  {   210,   9,  12,   9,    0,  -12 },   // 0x33
  {   224,  10,  12,  10,    0,  -12 },   // 0x34
  {   239,   9,  12,   9,    0,  -12 },   // 0x35
  {   253,   9,  12,   9,    0,  -12 },   // 0x36
  {   267,   9,  12,   9,    0,  -12 },   // 0x37
  {   281,   9,  12,   9,    0,  -12 },   // 0x38
  {   295,   9,  12,   9,    0,  -12 },   // 0x39
  {   309,   6,   9,   6,    0,   -9 },   // 0x3A
  {   316,   6,  10,   6,    0,   -9 },   // 0x3B
  {   324,   9,  10,   9,    0,  -10 },   // 0x3C
  {   336,   9,   8,   9,    0,   -8 },   // 0x3D
  {   345,   9,  10,   9,    0,  -10 },   // 0x3E
  {   357,   9,  12,   9,    0,  -12 },   // 0x3F
  {   371,  15,  14,  15,    0,  -12 },   // 0x40
  {   398,  11,  12,  11,    0,  -12 },   // 0x41
  {   415,  11,  12,  11,    0,  -12 },   // 0x42
  {   432,  11,  12,  11,    0,  -12 },   // 0x43
  {   449,  11,  12,  11,    0,  -12 },   // 0x44
  {   466,  11,  12,  11,    0,  -12 },   // 0x45
  {   483,  10,  12,  10,    0,  -12 },   // 0x46
  {   498,  11,  12,  11,    0,  -12 },   // 0x47
  {   515,  12,  12,  12,    0,  -12 },   // 0x48
  {   533,   5,  12,   5,    0,  -12 },   // 0x49
  {   541,  10,  12,  10,    0,  -12 },   // 0x4A
  {   556,  11,  12,  11,    0,  -12 },   // 0x4B
  {   573,  10,  12,  10,    0,  -12 },   // 0x4C
  {   588,  13,  12,  13,    0,  -12 },   // 0x4D
  {   608,  12,  12,  12,    0,  -12 },   // 0x4E
  {   626,  11,  12,  11,    0,  -12 },   // 0x4F
  {   643,  11,  12,  11,    0,  -12 },   // 0x50
  {   660,  10,  14,  10,    0,  -12 },   // 0x51
  {   678,  11,  12,  11,    0,  -12 },   // 0x52
  {   695,  11,  12,  11,    0,  -12 },   // 0x53
  {   712,  10,  12,  10,    0,  -12 },   // 0x54
  {   727,  12,  12,  12,    0,  -12 },   // 0x55
  {   745,  11,  12,  11,    0,  -12 },   // 0x56
  {   762,  16,  12,  16,    0,  -12 },   // 0x57
  {   786,  11,  12,  11,    0,  -12 },   // 0x58
  {   803,  11,  12,  11,    0,  -12 },   // 0x59
  {   820,  10,  12,  10,    0,  -12 },   // 0x5A
  {   835,   7,  17,   7,    0,  -14 },   // 0x5B
  {   850,   8,  12,   8,    0,  -12 },   // 0x5C
  {   862,   7,  17,   7,    0,  -14 },   // 0x5D
  {   877,   8,  12,   8,    0,  -12 },   // 0x5E
  {   889,   9,   3,   9,    0,   -2 },   // 0x5F
  {   893,   4,  12,   4,    0,  -12 },   // 0x60
  {   899,   9,   9,   9,    0,   -9 },   // 0x61
  {   910,  10,  12,  10,    0,  -12 },   // 0x62
  {   925,   9,   9,   9,    0,   -9 },   // 0x63
  {   936,  10,  12,  10,    0,  -12 },   // 0x64
  {   951,  10,   9,  10,    0,   -9 },   // 0x65
  {   963,   7,  12,   7,    0,  -12 },   // 0x66
  {   974,  10,  12,  10,    0,   -9 },   // 0x67
  {   989,  10,  12,  10,    0,  -12 },   // 0x68
  {  1004,   5,  12,   5,    0,  -12 },   // 0x69
  {  1012,   5,  15,   4,   -1,  -12 },   // 0x6A
  {  1022,   9,  12,   9,    0,  -12 },   // 0x6B
  {  1036,   4,  12,   4,    0,  -12 },   // 0x6C
  {  1042,  15,   9,  15,    0,   -9 },   // 0x6D
  {  1059,  10,   9,  10,    0,   -9 },   // 0x6E
  {  1071,  10,   9,  10,    0,   -9 },   // 0x6F
  {  1083,  10,  12,  10,    0,   -9 },   // 0x70
  {  1098,  10,  12,  10,    0,   -9 },   // 0x71
  {  1113,   7,   9,   7,    0,   -9 },   // 0x72
  {  1121,   9,   9,   9,    0,   -9 },   // 0x73
  {  1132,   7,  11,   7,    0,  -11 },   // 0x74
  {  1142,  10,   9,  10,    0,   -9 },   // 0x75
  {  1154,   9,   9,   9,    0,   -9 },   // 0x76
  {  1165,  13,   9,  13,    0,   -9 },   // 0x77
  {  1180,   9,   9,   9,    0,   -9 },   // 0x78
  {  1191,   9,  12,   9,    0,   -9 },   // 0x79
  {  1205,   8,   9,   8,    0,   -9 },   // 0x7A
  {  1214,   6,  17,   6,    0,  -14 },   // 0x7B
  {  1227,   3,  15,   3,    0,  -14 },   // 0x7C
  {  1233,   6,  17,   6,    0,  -14 },   // 0x7D
  {  1246,   9,   7,   9,    0,   -7 },   // 0x7E
  {  1254,   0,   0,   0,    0,    0 },   // 0x7F
  {  1254,   9,   9,   9,    0,   -9 },   // 0x80
  {  1265,   6,   7,   6,    0,   -7 },   // 0x81
  {  1271,  15,   3,  15,    0,   -2 },   // 0x82
  {  1277,   0,   0,   0,    0,    0 },   // 0x83
  {  1277,   0,   0,   0,    0,    0 },   // 0x84
  {  1277,   0,   0,   0,    0,    0 },   // 0x85
  {  1277,   0,   0,   0,    0,    0 },   // 0x86
  {  1277,   0,   0,   0,    0,    0 },   // 0x87
  {  1277,   0,   0,   0,    0,    0 },   // 0x88
  {  1277,   0,   0,   0,    0,    0 },   // 0x89
  {  1277,   0,   0,   0,    0,    0 },   // 0x8A
  {  1277,   0,   0,   0,    0,    0 },   // 0x8B
  {  1277,   0,   0,   0,    0,    0 },   // 0x8C
  {  1277,   0,   0,   0,    0,    0 },   // 0x8D
  {  1277,   0,   0,   0,    0,    0 },   // 0x8E
  {  1277,   0,   0,   0,    0,    0 },   // 0x8F
  {  1277,   0,   0,   0,    0,    0 },   // 0x90
  {  1277,   0,   0,   0,    0,    0 },   // 0x91
  {  1277,   0,   0,   0,    0,    0 },   // 0x92
  {  1277,   0,   0,   0,    0,    0 },   // 0x93
  {  1277,   0,   0,   0,    0,    0 },   // 0x94
  {  1277,   0,   0,   0,    0,    0 },   // 0x95
  {  1277,   0,   0,   0,    0,    0 },   // 0x96
  {  1277,   0,   0,   0,    0,    0 },   // 0x97
  {  1277,   0,   0,   0,    0,    0 },   // 0x98
  {  1277,   0,   0,   0,    0,    0 },   // 0x99
  {  1277,   0,   0,   0,    0,    0 },   // 0x9A
  {  1277,   0,   0,   0,    0,    0 },   // 0x9B
  {  1277,   0,   0,   0,    0,    0 },   // 0x9C
  {  1277,   0,   0,   0,    0,    0 },   // 0x9D
  {  1277,   0,   0,   0,    0,    0 },   // 0x9E
  {  1277,   0,   0,   0,    0,    0 },   // 0x9F
  {  1277,   0,   0,   4,    0,    0 },   // 0xA0
  {  1277,   6,  12,   6,    0,  -12 },   // 0xA1
  {  1286,   9,  12,   9,    0,  -12 },   // 0xA2
  {  1300,  11,  12,  11,    0,  -12 },   // 0xA3
  {  1317,  10,  10,  10,    0,  -10 },   // 0xA4
  {  1330,  12,  12,  12,    0,  -12 },   // 0xA5
  {  1348,   3,  14,   3,    0,  -13 },   // 0xA6
  {  1354,   8,  15,   8,    0,  -12 },   // 0xA7
  {  1369,   7,  13,   6,    0,  -13 },   // 0xA8
  {  1381,  15,  13,  15,    0,  -12 },   // 0xA9
  {  1406,   6,  13,   6,    0,  -13 },   // 0xAA
  {  1416,  10,   8,  10,    0,   -8 },   // 0xAB
  {  1426,   9,   7,   9,    0,   -7 },   // 0xAC
  {  1434,   7,   7,   7,    0,   -7 },   // 0xAD
  {  1441,   8,  12,   8,    0,  -12 },   // 0xAE
  {  1453,   5,  12,   5,    0,  -12 },   // 0xAF
  {  1461,   7,  15,   7,    0,  -15 },   // 0xB0
  {  1475,   9,  11,   9,    0,  -10 },   // 0xB1
  {  1488,   6,  17,   6,    0,  -17 },   // 0xB2
  {  1501,   6,  16,   6,    0,  -16 },   // 0xB3
  {  1513,   4,  13,   4,    0,  -13 },   // 0xB4
  {  1520,  10,  12,  10,    0,   -9 },   // 0xB5
  {  1535,  11,  15,  11,    0,  -12 },   // 0xB6
  {  1556,   4,   6,   4,    0,   -6 },   // 0xB7
  {  1559,   3,   4,   3,    0,   -1 },   // 0xB8
  {  1561,   3,  15,   3,    0,  -15 },   // 0xB9
  {  1567,   6,  13,   6,    0,  -13 },   // 0xBA
  {  1577,  10,   8,  10,    0,   -8 },   // 0xBB
  {  1587,  15,  12,  15,    0,  -12 },   // 0xBC
  {  1610,  14,  12,  14,    0,  -12 },   // 0xBD
  {  1631,  16,  13,  16,    0,  -13 },   // 0xBE
  {  1657,   9,  12,   9,    0,   -9 },   // 0xBF
  {  1671,  11,  15,  11,    0,  -15 },   // 0xC0
  {  1692,  11,  16,  11,    0,  -16 },   // 0xC1
  {  1714,  11,  15,  11,    0,  -15 },   // 0xC2
  {  1735,  11,  16,  11,    0,  -16 },   // 0xC3
  {  1757,  11,  16,  11,    0,  -16 },   // 0xC4
  {  1779,  11,  18,  11,    0,  -18 },   // 0xC5
  {  1804,  17,  12,  17,    0,  -12 },   // 0xC6
  {  1830,  11,  15,  11,    0,  -12 },   // 0xC7
  {  1851,  11,  15,  11,    0,  -15 },   // 0xC8
  {  1872,  11,  16,  11,    0,  -16 },   // 0xC9
  {  1894,  11,  15,  11,    0,  -15 },   // 0xCA
  {  1915,  11,  16,  11,    0,  -16 },   // 0xCB
  {  1937,   5,  15,   5,    0,  -15 },   // 0xCC
  {  1947,   5,  16,   5,    0,  -16 },   // 0xCD
  {  1957,   6,  15,   5,   -1,  -15 },   // 0xCE
  {  1969,   7,  16,   5,   -1,  -16 },   // 0xCF
  {  1983,  12,  12,  12,    0,  -12 },   // 0xD0
  {  2001,  12,  16,  12,    0,  -16 },   // 0xD1
  {  2025,  11,  15,  11,    0,  -15 },   // 0xD2
  {  2046,  11,  16,  11,    0,  -16 },   // 0xD3
  {  2068,  11,  15,  11,    0,  -15 },   // 0xD4
  {  2089,  11,  16,  11,    0,  -16 },   // 0xD5
  {  2111,  11,  16,  11,    0,  -16 },   // 0xD6
  {  2133,   8,   9,   8,    0,   -9 },   // 0xD7
  {  2142,  11,  14,  11,    0,  -13 },   // 0xD8
  {  2162,  12,  15,  12,    0,  -15 },   // 0xD9
  {  2185,  12,  16,  12,    0,  -16 },   // 0xDA
  {  2209,  12,  15,  12,    0,  -15 },   // 0xDB
  {  2232,  12,  16,  12,    0,  -16 },   // 0xDC
  {  2256,  11,  16,  11,    0,  -16 },   // 0xDD
  {  2278,  10,  12,  10,    0,  -12 },   // 0xDE
  {  2293,  10,  12,  10,    0,  -12 },   // 0xDF
  {  2308,   9,  12,   9,    0,  -12 },   // 0xE0
  {  2322,   9,  13,   9,    0,  -13 },   // 0xE1
  {  2337,   9,  12,   9,    0,  -12 },   // 0xE2
  {  2351,   9,  13,   9,    0,  -13 },   // 0xE3
  {  2366,   9,  13,   9,    0,  -13 },   // 0xE4
  {  2381,   9,  15,   9,    0,  -15 },   // 0xE5
  {  2398,  15,   9,  15,    0,   -9 },   // 0xE6
  {  2415,   9,  12,   9,    0,   -9 },   // 0xE7
  {  2429,  10,  12,  10,    0,  -12 },   // 0xE8
  {  2444,  10,  13,  10,    0,  -13 },   // 0xE9
  {  2461,  10,  12,  10,    0,  -12 },   // 0xEA
  {  2476,  10,  13,  10,    0,  -13 },   // 0xEB
  {  2493,   4,  12,   4,    0,  -12 },   // 0xEC
  {  2499,   4,  13,   4,    0,  -13 },   // 0xED
  {  2506,   6,  12,   4,   -1,  -12 },   // 0xEE
  {  2515,   6,  13,   4,   -1,  -13 },   // 0xEF
  {  2525,  10,  12,  10,    0,  -12 },   // 0xF0
  {  2540,  10,  13,  10,    0,  -13 },   // 0xF1
  {  2557,  10,  12,  10,    0,  -12 },   // 0xF2
  {  2572,  10,  13,  10,    0,  -13 },   // 0xF3
  {  2589,  10,  12,  10,    0,  -12 },   // 0xF4
  {  2604,  10,  13,  10,    0,  -13 },   // 0xF5
  {  2621,  10,  13,  10,    0,  -13 },   // 0xF6
  {  2638,   9,  10,   9,    0,  -10 },   // 0xF7
  {  2650,  10,  11,  10,    0,  -10 },   // 0xF8
  {  2664,  10,  12,  10,    0,  -12 },   // 0xF9
  {  2679,  10,  13,  10,    0,  -13 },   // 0xFA
  {  2696,  10,  12,  10,    0,  -12 },   // 0xFB
  {  2711,  10,  13,  10,    0,  -13 },   // 0xFC
  {  2728,   9,  16,   9,    0,  -13 },   // 0xFD
  {  2746,  10,  15,  10,    0,  -12 },   // 0xFE
  {  2765,   9,  16,   9,    0,  -13 },   // 0xFF
};
const GFXfont FuenteTexto PROGMEM = { (uint8_t*)FuenteTextoMapa, (GFXglyph*)FuenteTextoGlifos, 0x20, 0xFF, 22 };
const uint8_t FuenteTextoAltoMayus = 12;

// FuenteChica: Barlow-Medium.ttf a 14 px  (1989 bytes de mapa, 224 glifos)
const uint8_t FuenteChicaMapa[] PROGMEM = {
  0x21, 0x08, 0x42, 0x10, 0x80, 0x03, 0x18, 0xDD, 0xD0, 0x00, 0x00, 0x00, 0x00, 0x13, 0x09, 0x1F,
  0xC6, 0x43, 0x21, 0x91, 0xFC, 0x4C, 0x26, 0x12, 0x00, 0x18, 0x10, 0x3C, 0x46, 0x42, 0x40, 0x30,
  0x0C, 0x06, 0x42, 0x42, 0x7E, 0x18, 0x18, 0x30, 0x86, 0x90, 0x49, 0x04, 0xA0, 0x3A, 0x00, 0x40,
  0x05, 0xC0, 0x94, 0x0A, 0x21, 0x14, 0x11, 0xC0, 0x3C, 0x12, 0x19, 0x84, 0x83, 0xC1, 0xC1, 0xA0,
  0x8A, 0x47, 0x33, 0x8E, 0x60, 0xFC, 0x00, 0x00, 0x62, 0x11, 0x8C, 0x62, 0x10, 0xC6, 0x10, 0x86,
  0x00, 0x61, 0x0C, 0x61, 0x08, 0x42, 0x31, 0x8C, 0x46, 0x00, 0x23, 0xA3, 0x3A, 0x20, 0x00, 0x00,
  0x00, 0x00, 0x00, 0x10, 0x20, 0x47, 0xE1, 0x02, 0x04, 0x00, 0x64, 0x44, 0xF8, 0x00, 0x00, 0x00,
  0x00, 0x66, 0x00, 0x08, 0x61, 0x04, 0x30, 0x82, 0x18, 0x41, 0x0C, 0x00, 0x3C, 0x66, 0x42, 0x42,
  0x42, 0x42, 0x42, 0x42, 0x42, 0x66, 0x3C, 0x33, 0x8C, 0x63, 0x18, 0xC6, 0x31, 0x8C, 0x38, 0x64,
  0x46, 0x46, 0x04, 0x0C, 0x18, 0x10, 0x20, 0x60, 0x7E, 0x7C, 0x18, 0x20, 0xC3, 0x80, 0x81, 0x23,
  0x44, 0xD8, 0xE0, 0x18, 0x10, 0x30, 0x20, 0x24, 0x64, 0x44, 0x7E, 0x04, 0x04, 0x04, 0x7C, 0x81,
  0x02, 0x07, 0xCC, 0x81, 0x83, 0x46, 0xC8, 0xE0, 0x38, 0xC9, 0x12, 0x07, 0xCC, 0x91, 0xA3, 0x46,
  0xC8, 0xE0, 0xFD, 0x88, 0x10, 0x60, 0x81, 0x06, 0x08, 0x10, 0x60, 0x80, 0x38, 0xD9, 0x12, 0x36,
  0x47, 0x99, 0x23, 0x46, 0xC8, 0xF0, 0x38, 0xD9, 0x12, 0x34, 0x6C, 0xCF, 0x83, 0x46, 0xC8, 0xE0,
  0x63, 0x00, 0x00, 0x31, 0x80, 0x66, 0x00, 0x22, 0x44, 0x00, 0x04, 0x39, 0x87, 0x03, 0x81, 0x80,
  0x00, 0xFC, 0x03, 0xF0, 0x00, 0x00, 0x00, 0xC0, 0xE0, 0x70, 0x63, 0x9C, 0x00, 0x00, 0x38, 0xD9,
  0x14, 0x20, 0xC3, 0x0C, 0x18, 0x00, 0x60, 0xC0, 0x0F, 0x81, 0x8C, 0x20, 0x44, 0xF2, 0x4B, 0x25,
  0x12, 0x53, 0x44, 0xFC, 0x40, 0x02, 0x10, 0x1F, 0x00, 0x00, 0x00, 0x00, 0x18, 0x0E, 0x05, 0x02,
  0x83, 0x61, 0x30, 0x88, 0xC4, 0x7F, 0x20, 0xB0, 0x40, 0x7E, 0x21, 0x10, 0xC8, 0x64, 0x23, 0xF1,
  0x0C, 0x86, 0x43, 0x21, 0x9F, 0x80, 0x3C, 0x33, 0x10, 0xC8, 0x64, 0x02, 0x01, 0x00, 0x86, 0x43,
  0x33, 0x0F, 0x00, 0x7E, 0x21, 0x10, 0xC8, 0x24, 0x12, 0x09, 0x04, 0x82, 0x43, 0x21, 0x1F, 0x80,
  0x7F, 0x40, 0x40, 0x40, 0x40, 0x7C, 0x40, 0x40, 0x40, 0x40, 0x7F, 0x7F, 0x40, 0x40, 0x40, 0x40,
  0x7C, 0x40, 0x40, 0x40, 0x40, 0x40, 0x3C, 0x33, 0x10, 0xC8, 0x04, 0x02, 0x79, 0x0C, 0x86, 0x43,
  0x33, 0x0F, 0x00, 0x41, 0x20, 0x90, 0x48, 0x24, 0x13, 0xF9, 0x04, 0x82, 0x41, 0x20, 0x90, 0x40,
  0x44, 0x44, 0x44, 0x44, 0x44, 0x40, 0x02, 0x02, 0x02, 0x02, 0x02, 0x02, 0xC2, 0xC2, 0xC6, 0x64,
  0x3C, 0x43, 0x23, 0x11, 0x09, 0x85, 0x83, 0xC1, 0xB0, 0x88, 0x46, 0x21, 0x90, 0x40, 0x40, 0x40,
  0x40, 0x40, 0x40, 0x40, 0x40, 0x40, 0x40, 0x40, 0x7F, 0x61, 0x98, 0x67, 0x39, 0x7A, 0x4C, 0x93,
  0x24, 0x09, 0x02, 0x40, 0x90, 0x24, 0x08, 0x61, 0x30, 0x9C, 0x4A, 0x25, 0x92, 0x49, 0x14, 0x8E,
  0x43, 0x21, 0x90, 0x40, 0x3C, 0x33, 0x10, 0xC8, 0x64, 0x32, 0x19, 0x0C, 0x86, 0x43, 0x33, 0x0F,
  0x00, 0x7E, 0x43, 0x43, 0x43, 0x43, 0x7E, 0x40, 0x40, 0x40, 0x40, 0x40, 0x3C, 0x66, 0x42, 0x42,
  0x42, 0x42, 0x42, 0x42, 0x42, 0x66, 0x3C, 0x18, 0x18, 0x7E, 0x21, 0x90, 0xC8, 0x24, 0x33, 0xF1,
  0x10, 0x88, 0x42, 0x21, 0x10, 0xC0, 0x3C, 0x66, 0x42, 0x42, 0x70, 0x1C, 0x06, 0x43, 0x43, 0x66,
  0x3C, 0x7F, 0x18, 0x18, 0x18, 0x18, 0x18, 0x18, 0x18, 0x18, 0x18, 0x18, 0x41, 0x20, 0x90, 0x48,
  0x24, 0x12, 0x09, 0x04, 0x82, 0x63, 0x11, 0x07, 0x00, 0xC3, 0x43, 0x62, 0x62, 0x26, 0x24, 0x34,
  0x14, 0x1C, 0x18, 0x18, 0xC6, 0x34, 0x63, 0x46, 0x26, 0x72, 0x6D, 0x22, 0xD6, 0x29, 0x42, 0x9C,
  0x39, 0xC1, 0x8C, 0x10, 0x80, 0xC3, 0x62, 0x26, 0x34, 0x1C, 0x18, 0x1C, 0x34, 0x26, 0x62, 0xC3,
  0xC3, 0x62, 0x26, 0x24, 0x1C, 0x18, 0x18, 0x18, 0x18, 0x18, 0x18, 0x7E, 0x06, 0x04, 0x0C, 0x08,
  0x18, 0x30, 0x20, 0x60, 0x40, 0x7E, 0xF3, 0x0C, 0x30, 0xC3, 0x0C, 0x30, 0xC3, 0x0C, 0x30, 0xC3,
  0xC0, 0x00, 0x41, 0x82, 0x08, 0x30, 0x41, 0x06, 0x08, 0x20, 0xC0, 0x38, 0x20, 0x82, 0x08, 0x20,
  0x82, 0x08, 0x20, 0x82, 0x08, 0xE0, 0x00, 0x30, 0xC2, 0x92, 0x49, 0x10, 0x00, 0x00, 0x00, 0x00,
  0xFE, 0x00, 0x00, 0xCC, 0x00, 0x00, 0x00, 0x00, 0x38, 0xC8, 0x13, 0xE4, 0x48, 0x93, 0x3E, 0x40,
  0x40, 0x40, 0x5C, 0x64, 0x66, 0x42, 0x42, 0x66, 0x64, 0x5C, 0x3C, 0xC9, 0x1A, 0x04, 0x08, 0x99,
  0x9E, 0x06, 0x06, 0x06, 0x3E, 0x66, 0x46, 0x46, 0x46, 0x46, 0x66, 0x3E, 0x3C, 0x64, 0x46, 0x7E,
  0x40, 0x40, 0x66, 0x3C, 0x39, 0x09, 0xF2, 0x10, 0x84, 0x21, 0x08, 0x3E, 0x66, 0x46, 0x46, 0x46,
  0x46, 0x66, 0x3E, 0x06, 0x0C, 0x38, 0x40, 0x40, 0x40, 0x5C, 0x64, 0x46, 0x46, 0x46, 0x46, 0x46,
  0x46, 0x66, 0x04, 0x44, 0x44, 0x44, 0x40, 0x32, 0x02, 0x22, 0x22, 0x22, 0x22, 0x2E, 0x40, 0x81,
  0x02, 0x34, 0x8B, 0x1E, 0x34, 0x4C, 0x89, 0x18, 0x49, 0x24, 0x92, 0x49, 0x00, 0x5D, 0xC6, 0x66,
  0x46, 0x64, 0x46, 0x44, 0x64, 0x46, 0x44, 0x64, 0x46, 0x5C, 0x64, 0x46, 0x46, 0x46, 0x46, 0x46,
  0x46, 0x3C, 0x64, 0x46, 0x42, 0x42, 0x46, 0x64, 0x3C, 0x5C, 0x66, 0x66, 0x42, 0x42, 0x66, 0x66,
  0x5C, 0x40, 0x40, 0x40, 0x3E, 0x66, 0x46, 0x46, 0x46, 0x46, 0x66, 0x3E, 0x06, 0x06, 0x06, 0x59,
  0x84, 0x10, 0x41, 0x04, 0x10, 0x38, 0x99, 0x03, 0x81, 0xC8, 0x9B, 0x1C, 0x63, 0x3E, 0xC6, 0x31,
  0x8C, 0x21, 0x80, 0x46, 0x46, 0x46, 0x46, 0x46, 0x46, 0x66, 0x3E, 0xC4, 0x89, 0xB3, 0x42, 0x85,
  0x0E, 0x08, 0xCC, 0x49, 0x99, 0x32, 0x37, 0x43, 0xA8, 0x67, 0x0C, 0xC1, 0x98, 0xC6, 0xD8, 0xA1,
  0xC3, 0x85, 0x1B, 0x63, 0xC4, 0x89, 0x33, 0x42, 0x85, 0x0C, 0x08, 0x10, 0x41, 0x80, 0xFC, 0x31,
  0x84, 0x31, 0x84, 0x3F, 0x33, 0x18, 0xC6, 0x33, 0x18, 0x63, 0x18, 0xC6, 0x18, 0x00, 0x49, 0x24,
  0x92, 0x49, 0x24, 0xE1, 0x08, 0x42, 0x10, 0xC6, 0x21, 0x08, 0x42, 0x70, 0x00, 0x74, 0xBC, 0x00,
  0x00, 0x00, 0x00, 0x00, 0x74, 0xBC, 0x03, 0xA5, 0xE0, 0x00, 0x00, 0x00, 0x6F, 0x76, 0x00, 0x66,
  0x4C, 0xC8, 0x00, 0x00, 0x63, 0x00, 0x02, 0x10, 0x84, 0x21, 0x08, 0x10, 0x20, 0xF3, 0x34, 0x08,
  0x10, 0x33, 0x3C, 0x30, 0x40, 0x0E, 0x09, 0x8C, 0x86, 0x03, 0x03, 0xF0, 0xC0, 0x60, 0x30, 0x10,
  0x0F, 0xC0, 0x40, 0xFE, 0x64, 0x46, 0x46, 0x64, 0xFE, 0x42, 0x00, 0x61, 0x08, 0xC3, 0x20, 0x48,
  0x1E, 0x03, 0x03, 0xF0, 0x30, 0x3F, 0x03, 0x00, 0xC0, 0x49, 0x24, 0x82, 0x49, 0x24, 0x38, 0xD9,
  0x32, 0x03, 0x0F, 0x13, 0x26, 0x78, 0x70, 0x32, 0x66, 0xC7, 0x00, 0x53, 0xC0, 0x00, 0x00, 0x00,
  0x00, 0x00, 0x0F, 0x03, 0x0C, 0x26, 0x44, 0x92, 0x48, 0x24, 0x82, 0x49, 0x24, 0x62, 0x20, 0x43,
  0x0C, 0x0F, 0x00, 0x64, 0x9D, 0x27, 0x03, 0xC0, 0x00, 0x00, 0x34, 0x51, 0x61, 0x43, 0x40, 0x00,
  0x00, 0xFC, 0x08, 0x10, 0x00, 0x00, 0x00, 0xF8, 0x00, 0x00, 0x00, 0x00, 0x39, 0xDB, 0x6D, 0x44,
  0xE0, 0x00, 0x00, 0x00, 0x00, 0xF0, 0x00, 0x00, 0x00, 0x00, 0x00, 0x72, 0x63, 0x97, 0x00, 0x00,
  0x00, 0x00, 0x00, 0x00, 0x10, 0x20, 0x47, 0xE1, 0x02, 0x04, 0x00, 0xFC, 0x00, 0x76, 0x84, 0x42,
  0x23, 0xC0, 0x00, 0x00, 0x00, 0x00, 0x70, 0x98, 0x29, 0x29, 0xC0, 0x00, 0x00, 0x00, 0x00, 0x58,
  0x00, 0x00, 0x00, 0x00, 0x46, 0x46, 0x46, 0x46, 0x46, 0x46, 0x66, 0x7E, 0x40, 0x40, 0x40, 0x3E,
  0x72, 0x72, 0xF2, 0x72, 0x72, 0x32, 0x12, 0x12, 0x12, 0x12, 0x12, 0x12, 0x12, 0x6C, 0x00, 0x00,
  0xCB, 0x00, 0xC9, 0x24, 0x80, 0x00, 0x00, 0x72, 0xA4, 0xA7, 0x03, 0xE0, 0x00, 0x00, 0x68, 0x78,
  0x59, 0xA6, 0x80, 0x00, 0x00, 0x01, 0x18, 0x21, 0x08, 0x22, 0x04, 0x48, 0x91, 0x12, 0x40, 0x8A,
  0x11, 0xE4, 0x09, 0x81, 0x00, 0x01, 0x18, 0x21, 0x08, 0x22, 0x04, 0x5C, 0x92, 0x92, 0x10, 0x82,
  0x10, 0x84, 0x21, 0x87, 0x80, 0x70, 0xC0, 0x84, 0x18, 0x40, 0x22, 0x09, 0x22, 0x29, 0x21, 0xD1,
  0x00, 0x92, 0x08, 0xF0, 0x40, 0x84, 0x04, 0x00, 0x00, 0x18, 0x20, 0x00, 0x81, 0x06, 0x18, 0x20,
  0x44, 0xD8, 0xE0, 0x10, 0x04, 0x00, 0x03, 0x01, 0xC0, 0xA0, 0x50, 0x6C, 0x26, 0x11, 0x18, 0x8F,
  0xE4, 0x16, 0x08, 0x04, 0x04, 0x00, 0x03, 0x01, 0xC0, 0xA0, 0x50, 0x6C, 0x26, 0x11, 0x18, 0x8F,
  0xE4, 0x16, 0x08, 0x0C, 0x0B, 0x00, 0x03, 0x01, 0xC0, 0xA0, 0x50, 0x6C, 0x26, 0x11, 0x18, 0x8F,
  0xE4, 0x16, 0x08, 0x1A, 0x0B, 0x00, 0x03, 0x01, 0xC0, 0xA0, 0x50, 0x6C, 0x26, 0x11, 0x18, 0x8F,
  0xE4, 0x16, 0x08, 0x00, 0x1E, 0x0F, 0x00, 0x03, 0x01, 0xC0, 0xA0, 0x50, 0x6C, 0x26, 0x11, 0x18,
  0x8F, 0xE4, 0x16, 0x08, 0x1C, 0x0A, 0x07, 0x00, 0x01, 0x80, 0xE0, 0x50, 0x28, 0x36, 0x13, 0x08,
  0x8C, 0x47, 0xF2, 0x0B, 0x04, 0x00, 0x07, 0xF0, 0x38, 0x03, 0xC0, 0x16, 0x01, 0xB0, 0x09, 0xF0,
  0xCC, 0x06, 0x60, 0x3F, 0x03, 0x18, 0x30, 0xFC, 0x3C, 0x33, 0x10, 0xC8, 0x64, 0x02, 0x01, 0x00,
  0x86, 0x43, 0x33, 0x07, 0x01, 0x00, 0x80, 0xC0, 0x10, 0x08, 0x00, 0x7F, 0x40, 0x40, 0x40, 0x40,
  0x7C, 0x40, 0x40, 0x40, 0x40, 0x7F, 0x04, 0x08, 0x00, 0x7F, 0x40, 0x40, 0x40, 0x40, 0x7C, 0x40,
  0x40, 0x40, 0x40, 0x7F, 0x0C, 0x16, 0x00, 0x7F, 0x40, 0x40, 0x40, 0x40, 0x7C, 0x40, 0x40, 0x40,
  0x40, 0x7F, 0x1E, 0x1E, 0x00, 0x7F, 0x40, 0x40, 0x40, 0x40, 0x7C, 0x40, 0x40, 0x40, 0x40, 0x7F,
  0x08, 0x08, 0x88, 0x88, 0x88, 0x88, 0x88, 0x24, 0x04, 0x44, 0x44, 0x44, 0x44, 0x44, 0x65, 0x80,
  0x84, 0x21, 0x08, 0x42, 0x10, 0x84, 0x20, 0x7B, 0xC0, 0x42, 0x10, 0x84, 0x21, 0x08, 0x42, 0x10,
  0x3E, 0x11, 0x88, 0x64, 0x32, 0x1B, 0xCC, 0x86, 0x43, 0x21, 0x91, 0x8F, 0x80, 0x1A, 0x0B, 0x00,
  0x0C, 0x26, 0x13, 0x89, 0x44, 0xB2, 0x49, 0x22, 0x91, 0xC8, 0x64, 0x32, 0x08, 0x00, 0x10, 0x04,
  0x00, 0x07, 0x86, 0x62, 0x19, 0x0C, 0x86, 0x43, 0x21, 0x90, 0xC8, 0x66, 0x61, 0xE0, 0x04, 0x04,
  0x00, 0x07, 0x86, 0x62, 0x19, 0x0C, 0x86, 0x43, 0x21, 0x90, 0xC8, 0x66, 0x61, 0xE0, 0x0C, 0x0B,
  0x00, 0x07, 0x86, 0x62, 0x19, 0x0C, 0x86, 0x43, 0x21, 0x90, 0xC8, 0x66, 0x61, 0xE0, 0x1A, 0x0B,
  0x00, 0x07, 0x86, 0x62, 0x19, 0x0C, 0x86, 0x43, 0x21, 0x90, 0xC8, 0x66, 0x61, 0xE0, 0x00, 0x1E,
  0x0F, 0x00, 0x07, 0x86, 0x62, 0x19, 0x0C, 0x86, 0x43, 0x21, 0x90, 0xC8, 0x66, 0x61, 0xE0, 0x49,
  0xE3, 0x1E, 0x48, 0x00, 0x00, 0x3D, 0x33, 0x91, 0xC8, 0xE4, 0xF2, 0x59, 0x6C, 0xE6, 0x63, 0x33,
  0x1F, 0x00, 0x00, 0x00, 0x10, 0x04, 0x00, 0x08, 0x24, 0x12, 0x09, 0x04, 0x82, 0x41, 0x20, 0x90,
  0x4C, 0x62, 0x20, 0xE0, 0x04, 0x04, 0x00, 0x08, 0x24, 0x12, 0x09, 0x04, 0x82, 0x41, 0x20, 0x90,
  0x4C, 0x62, 0x20, 0xE0, 0x0C, 0x0B, 0x00, 0x08, 0x24, 0x12, 0x09, 0x04, 0x82, 0x41, 0x20, 0x90,
  0x4C, 0x62, 0x20, 0xE0, 0x1E, 0x0F, 0x00, 0x08, 0x24, 0x12, 0x09, 0x04, 0x82, 0x41, 0x20, 0x90,
  0x4C, 0x62, 0x20, 0xE0, 0x08, 0x10, 0x00, 0xC3, 0x62, 0x26, 0x24, 0x1C, 0x18, 0x18, 0x18, 0x18,
  0x18, 0x18, 0x40, 0x40, 0x40, 0x7E, 0x42, 0x43, 0x42, 0x7E, 0x40, 0x40, 0x40, 0x3C, 0x66, 0x42,
  0x42, 0x46, 0x5C, 0x46, 0x42, 0x42, 0x46, 0x5C, 0x30, 0x20, 0x01, 0xC6, 0x40, 0x9F, 0x22, 0x44,
  0x99, 0xF0, 0x08, 0x20, 0x01, 0xC6, 0x40, 0x9F, 0x22, 0x44, 0x99, 0xF0, 0x18, 0x58, 0x01, 0xC6,
  0x40, 0x9F, 0x22, 0x44, 0x99, 0xF0, 0x34, 0xF8, 0x01, 0xC6, 0x40, 0x9F, 0x22, 0x44, 0x99, 0xF0,
  0x00, 0x3C, 0x78, 0x01, 0xC6, 0x40, 0x9F, 0x22, 0x44, 0x99, 0xF0, 0x38, 0x50, 0xE0, 0x03, 0x8C,
  0x81, 0x3E, 0x44, 0x89, 0x33, 0xE0, 0x00, 0x39, 0xC6, 0x66, 0x04, 0x23, 0xFE, 0x44, 0x04, 0x60,
  0x4E, 0x67, 0xBC, 0x3C, 0xC9, 0x1A, 0x04, 0x08, 0x19, 0x9E, 0x08, 0x10, 0x60, 0x30, 0x10, 0x00,
  0x3C, 0x64, 0x46, 0x7E, 0x40, 0x40, 0x66, 0x3C, 0x08, 0x10, 0x00, 0x3C, 0x64, 0x46, 0x7E, 0x40,
  0x40, 0x66, 0x3C, 0x18, 0x2C, 0x00, 0x3C, 0x64, 0x46, 0x7E, 0x40, 0x40, 0x66, 0x3C, 0x3C, 0x3C,
  0x00, 0x3C, 0x64, 0x46, 0x7E, 0x40, 0x40, 0x66, 0x3C, 0x88, 0x24, 0x92, 0x49, 0x00, 0x68, 0x24,
  0x92, 0x49, 0x00, 0x65, 0x00, 0x84, 0x21, 0x08, 0x42, 0x10, 0xF7, 0x80, 0x84, 0x21, 0x08, 0x42,
  0x10, 0x30, 0x0C, 0x3C, 0x04, 0x3C, 0x66, 0x46, 0x46, 0x46, 0x64, 0x38, 0x34, 0x2C, 0x00, 0x5C,
  0x64, 0x46, 0x46, 0x46, 0x46, 0x46, 0x46, 0x00, 0x30, 0x10, 0x00, 0x3C, 0x64, 0x46, 0x42, 0x42,
  0x46, 0x64, 0x3C, 0x08, 0x10, 0x00, 0x3C, 0x64, 0x46, 0x42, 0x42, 0x46, 0x64, 0x3C, 0x18, 0x2C,
  0x00, 0x3C, 0x64, 0x46, 0x42, 0x42, 0x46, 0x64, 0x3C, 0x34, 0x2C, 0x00, 0x3C, 0x64, 0x46, 0x42,
  0x42, 0x46, 0x64, 0x3C, 0x00, 0x3C, 0x3C, 0x00, 0x3C, 0x64, 0x46, 0x42, 0x42, 0x46, 0x64, 0x3C,
  0x10, 0x03, 0xF0, 0x00, 0x02, 0x00, 0x00, 0x00, 0x00, 0x7D, 0xB2, 0x75, 0xEA, 0xD9, 0xB2, 0x78,
  0x00, 0x30, 0x10, 0x00, 0x46, 0x46, 0x46, 0x46, 0x46, 0x46, 0x66, 0x3E, 0x08, 0x10, 0x00, 0x46,
  0x46, 0x46, 0x46, 0x46, 0x46, 0x66, 0x3E, 0x18, 0x2C, 0x00, 0x46, 0x46, 0x46, 0x46, 0x46, 0x46,
  0x66, 0x3E, 0x3C, 0x3C, 0x00, 0x46, 0x46, 0x46, 0x46, 0x46, 0x46, 0x66, 0x3E, 0x10, 0x40, 0x06,
  0x24, 0x49, 0x9A, 0x14, 0x28, 0x60, 0x40, 0x82, 0x0C, 0x00, 0x40, 0x40, 0x40, 0x5C, 0x64, 0x46,
  0x46, 0x46, 0x46, 0x64, 0x5C, 0x40, 0x40, 0x40, 0x3C, 0x78, 0x06, 0x24, 0x49, 0x9A, 0x14, 0x28,
  0x60, 0x40, 0x82, 0x0C, 0x00,
};
const GFXglyph FuenteChicaGlifos[] PROGMEM = {
  {     0,   0,   0,   3,    0,    0 },   // 0x20
  {     0,   5,  11,   5,    0,  -11 },   // 0x21
  {     7,   4,  11,   4,    0,  -11 },   // 0x22
  {    13,   9,  10,   9,    0,  -10 },   // 0x23
  {    25,   8,  14,   8,    0,  -13 },   // 0x24
  {    39,  12,  11,  12,    0,  -11 },   // 0x25
  {    56,   9,  11,   9,    0,  -11 },   // 0x26
  {    69,   2,  11,   2,    0,  -11 },   // 0x27
  {    72,   5,  13,   4,   -1,  -11 },   // 0x28
  {    81,   5,  13,   4,    0,  -11 },   // 0x29
  {    90,   6,  11,   6,    0,  -11 },   // 0x2A
  {    99,   7,   8,   7,    0,   -8 },   // 0x2B
  {   106,   4,   4,   4,    0,   -3 },   // 0x2C
  {   108,   6,   6,   6,    0,   -6 },   // 0x2D
  {   113,   4,   3,   4,    0,   -3 },   // 0x2E
  {   115,   6,  11,   6,    0,  -11 },   // 0x2F
  {   124,   8,  11,   8,    0,  -11 },   // 0x30
  {   135,   5,  11,   5,    0,  -11 },   // 0x31
  {   142,   8,  11,   8,    0,  -11 },   // 0x32
  {   153,   7,  11,   7,    0,  -11 },   // 0x33
  {   163,   8,  11,   8,    0,  -11 },   // 0x34
  {   174,   7,  11,   7,    0,  -11 },   // 0x35
  {   184,   7,  11,   7,    0,  -11 },   // 0x36
  {   194,   7,  11,   7,    0,  -11 },   // 0x37
  {   204,   7,  11,   7,    0,  -11 },   // 0x38
  {   214,   7,  11,   7,    0,  -11 },   // 0x39
  {   224,   5,   8,   5,    0,   -8 },   // 0x3A
  {   229,   4,   9,   4,    0,   -8 },   // 0x3B
  {   234,   7,   8,   7,    0,   -8 },   // 0x3C
  {   241,   7,   6,   7,    0,   -6 },   // 0x3D
  {   247,   7,   8,   7,    0,   -8 },   // 0x3E
  {   254,   7,  11,   7,    0,  -11 },   // 0x3F
  {   264,  12,  13,  12,    0,  -11 },   // 0x40
  {   284,   9,  11,   9,    0,  -11 },   // 0x41
  {   297,   9,  11,   9,    0,  -11 },   // 0x42
  {   310,   9,  11,   9,    0,  -11 },   // 0x43
  {   323,   9,  11,   9,    0,  -11 },   // 0x44
  {   336,   8,  11,   8,    0,  -11 },   // 0x45
  {   347,   8,  11,   8,    0,  -11 },   // 0x46
  {   358,   9,  11,   9,    0,  -11 },   // 0x47
  {   371,   9,  11,   9,    0,  -11 },   // 0x48
  {   384,   4,  11,   4,    0,  -11 },   // 0x49
  {   390,   8,  11,   8,    0,  -11 },   // 0x4A
  {   401,   9,  11,   9,    0,  -11 },   // 0x4B
  {   414,   8,  11,   8,    0,  -11 },   // 0x4C
  {   425,  10,  11,  10,    0,  -11 },   // 0x4D
  {   439,   9,  11,   9,    0,  -11 },   // 0x4E
  {   452,   9,  11,   9,    0,  -11 },   // 0x4F
  {   465,   8,  11,   8,    0,  -11 },   // 0x50
  {   476,   8,  13,   8,    0,  -11 },   // 0x51
  {   489,   9,  11,   9,    0,  -11 },   // 0x52
  {   502,   8,  11,   8,    0,  -11 },   // 0x53
  {   513,   8,  11,   8,    0,  -11 },   // 0x54
  {   524,   9,  11,   9,    0,  -11 },   // 0x55
  {   537,   8,  11,   8,    0,  -11 },   // 0x56
  {   548,  12,  11,  12,    0,  -11 },   // 0x57
  {   565,   8,  11,   8,    0,  -11 },   // 0x58
  {   576,   8,  11,   8,    0,  -11 },   // 0x59
  {   587,   8,  11,   8,    0,  -11 },   // 0x5A
  {   598,   6,  16,   6,    0,  -13 },   // 0x5B
  {   610,   6,  11,   6,    0,  -11 },   // 0x5C
  {   619,   6,  16,   6,    0,  -13 },   // 0x5D
  {   631,   6,  11,   6,    0,  -11 },   // 0x5E
  {   640,   7,   3,   7,    0,   -2 },   // 0x5F
  {   643,   3,  11,   3,    0,  -11 },   // 0x60
  {   648,   7,   8,   7,    0,   -8 },   // 0x61
  {   655,   8,  11,   8,    0,  -11 },   // 0x62
  {   666,   7,   8,   7,    0,   -8 },   // 0x63
  {   673,   8,  11,   8,    0,  -11 },   // 0x64
  {   684,   8,   8,   8,    0,   -8 },   // 0x65
  {   692,   5,  11,   5,    0,  -11 },   // 0x66
  {   699,   8,  11,   8,    0,   -8 },   // 0x67
  {   710,   8,  11,   8,    0,  -11 },   // 0x68
  {   721,   4,  11,   4,    0,  -11 },   // 0x69
  {   727,   4,  14,   3,   -1,  -11 },   // 0x6A
  {   734,   7,  11,   7,    0,  -11 },   // 0x6B
  {   744,   3,  11,   3,    0,  -11 },   // 0x6C
  {   749,  12,   8,  12,    0,   -8 },   // 0x6D
  {   761,   8,   8,   8,    0,   -8 },   // 0x6E
  {   769,   8,   8,   8,    0,   -8 },   // 0x6F
  {   777,   8,  11,   8,    0,   -8 },   // 0x70
  {   788,   8,  11,   8,    0,   -8 },   // 0x71
  {   799,   6,   8,   5,    0,   -8 },   // 0x72
  {   805,   7,   8,   7,    0,   -8 },   // 0x73
  {   812,   5,  10,   5,    0,  -10 },   // 0x74
  {   819,   8,   8,   8,    0,   -8 },   // 0x75
  {   827,   7,   8,   7,    0,   -8 },   // 0x76
  {   834,  11,   8,  10,    0,   -8 },   // 0x77
  {   845,   7,   8,   7,    0,   -8 },   // 0x78
  {   852,   7,  11,   7,    0,   -8 },   // 0x79
  {   862,   6,   8,   6,    0,   -8 },   // 0x7A
  {   868,   5,  16,   5,    0,  -13 },   // 0x7B
  {   878,   3,  13,   3,    0,  -12 },   // 0x7C
  {   883,   5,  16,   5,    0,  -13 },   // 0x7D
  {   893,   7,   7,   7,    0,   -7 },   // 0x7E
  {   900,   0,   0,   0,    0,    0 },   // 0x7F
  {   900,   7,   9,   7,    0,   -9 },   // 0x80
  {   908,   4,   6,   4,    0,   -6 },   // 0x81
  {   911,  11,   3,  11,    0,   -3 },   // 0x82
  {   916,   0,   0,   0,    0,    0 },   // 0x83
  {   916,   0,   0,   0,    0,    0 },   // 0x84
  {   916,   0,   0,   0,    0,    0 },   // 0x85
  {   916,   0,   0,   0,    0,    0 },   // 0x86
  {   916,   0,   0,   0,    0,    0 },   // 0x87
  {   916,   0,   0,   0,    0,    0 },   // 0x88
  {   916,   0,   0,   0,    0,    0 },   // 0x89
  {   916,   0,   0,   0,    0,    0 },   // 0x8A
  {   916,   0,   0,   0,    0,    0 },   // 0x8B
  {   916,   0,   0,   0,    0,    0 },   // 0x8C
  {   916,   0,   0,   0,    0,    0 },   // 0x8D
  {   916,   0,   0,   0,    0,    0 },   // 0x8E
  {   916,   0,   0,   0,    0,    0 },   // 0x8F
  {   916,   0,   0,   0,    0,    0 },   // 0x90
  {   916,   0,   0,   0,    0,    0 },   // 0x91
  {   916,   0,   0,   0,    0,    0 },   // 0x92
  {   916,   0,   0,   0,    0,    0 },   // 0x93
  {   916,   0,   0,   0,    0,    0 },   // 0x94
  {   916,   0,   0,   0,    0,    0 },   // 0x95
  {   916,   0,   0,   0,    0,    0 },   // 0x96
  {   916,   0,   0,   0,    0,    0 },   // 0x97
  {   916,   0,   0,   0,    0,    0 },   // 0x98
  {   916,   0,   0,   0,    0,    0 },   // 0x99
  {   916,   0,   0,   0,    0,    0 },   // 0x9A
  {   916,   0,   0,   0,    0,    0 },   // 0x9B
  {   916,   0,   0,   0,    0,    0 },   // 0x9C
  {   916,   0,   0,   0,    0,    0 },   // 0x9D
  {   916,   0,   0,   0,    0,    0 },   // 0x9E
  {   916,   0,   0,   0,    0,    0 },   // 0x9F
  {   916,   0,   0,   3,    0,    0 },   // 0xA0
  {   916,   5,  11,   5,    0,  -11 },   // 0xA1
  {   923,   7,  11,   7,    0,  -11 },   // 0xA2
  {   933,   9,  11,   9,    0,  -11 },   // 0xA3
  {   946,   8,   9,   8,    0,   -9 },   // 0xA4
  {   955,  10,  11,  10,    0,  -11 },   // 0xA5
  {   969,   3,  13,   3,    0,  -12 },   // 0xA6
  {   974,   7,  14,   7,    0,  -11 },   // 0xA7
  {   987,   5,  11,   5,    0,  -11 },   // 0xA8
  {   994,  12,  11,  12,    0,  -11 },   // 0xA9
  {  1011,   5,  10,   5,    0,  -10 },   // 0xAA
  {  1018,   7,   7,   7,    0,   -7 },   // 0xAB
  {  1025,   7,   6,   7,    0,   -6 },   // 0xAC
  {  1031,   6,   6,   6,    0,   -6 },   // 0xAD
  {  1036,   6,  11,   6,    0,  -11 },   // 0xAE
  {  1045,   4,  11,   4,    0,  -11 },   // 0xAF
  {  1051,   5,  14,   5,    0,  -14 },   // 0xB0
  {  1060,   7,  10,   7,    0,   -9 },   // 0xB1
  {  1069,   5,  14,   5,    0,  -14 },   // 0xB2
  {  1078,   5,  14,   5,    0,  -14 },   // 0xB3
  {  1087,   3,  11,   3,    0,  -11 },   // 0xB4
  {  1092,   8,  11,   8,    0,   -8 },   // 0xB5
  {  1103,   8,  14,   8,    0,  -11 },   // 0xB6
  {  1117,   3,   6,   3,    0,   -6 },   // 0xB7
  {  1120,   3,   4,   2,    0,   -1 },   // 0xB8
  {  1122,   3,  12,   3,    0,  -12 },   // 0xB9
  {  1127,   5,  10,   5,    0,  -10 },   // 0xBA
  {  1134,   7,   7,   7,    0,   -7 },   // 0xBB
  {  1141,  11,  11,  11,    0,  -11 },   // 0xBC
  {  1157,  11,  11,  11,    0,  -11 },   // 0xBD
  {  1173,  13,  12,  13,    0,  -12 },   // 0xBE
  {  1193,   7,  11,   7,    0,   -8 },   // 0xBF
  {  1203,   9,  14,   9,    0,  -14 },   // 0xC0
  {  1219,   9,  14,   9,    0,  -14 },   // 0xC1
  {  1235,   9,  14,   9,    0,  -14 },   // 0xC2
  {  1251,   9,  15,   9,    0,  -15 },   // 0xC3
  {  1268,   9,  14,   9,    0,  -14 },   // 0xC4
  {  1284,   9,  16,   9,    0,  -16 },   // 0xC5
  {  1302,  13,  11,  13,    0,  -11 },   // 0xC6
  {  1320,   9,  14,   9,    0,  -11 },   // 0xC7
  {  1336,   8,  14,   8,    0,  -14 },   // 0xC8
  {  1350,   8,  14,   8,    0,  -14 },   // 0xC9
  {  1364,   8,  14,   8,    0,  -14 },   // 0xCA
  {  1378,   8,  14,   8,    0,  -14 },   // 0xCB
  {  1392,   4,  14,   4,    0,  -14 },   // 0xCC
  {  1399,   4,  14,   4,    0,  -14 },   // 0xCD
  {  1406,   5,  14,   4,   -1,  -14 },   // 0xCE
  {  1415,   5,  14,   4,   -1,  -14 },   // 0xCF
  {  1424,   9,  11,   9,    0,  -11 },   // 0xD0
  {  1437,   9,  15,   9,    0,  -15 },   // 0xD1
  {  1454,   9,  14,   9,    0,  -14 },   // 0xD2
  {  1470,   9,  14,   9,    0,  -14 },   // 0xD3
  {  1486,   9,  14,   9,    0,  -14 },   // 0xD4
  {  1502,   9,  15,   9,    0,  -15 },   // 0xD5
  {  1519,   9,  14,   9,    0,  -14 },   // 0xD6
  {  1535,   6,   7,   6,    0,   -7 },   // 0xD7
  {  1541,   9,  13,   9,    0,  -12 },   // 0xD8
  {  1556,   9,  14,   9,    0,  -14 },   // 0xD9
  {  1572,   9,  14,   9,    0,  -14 },   // 0xDA
  {  1588,   9,  14,   9,    0,  -14 },   // 0xDB
  {  1604,   9,  14,   9,    0,  -14 },   // 0xDC
  {  1620,   8,  14,   8,    0,  -14 },   // 0xDD
  {  1634,   8,  11,   8,    0,  -11 },   // 0xDE
  {  1645,   8,  11,   8,    0,  -11 },   // 0xDF
  {  1656,   7,  11,   7,    0,  -11 },   // 0xE0
  {  1666,   7,  11,   7,    0,  -11 },   // 0xE1
  {  1676,   7,  11,   7,    0,  -11 },   // 0xE2
  {  1686,   7,  12,   7,    0,  -12 },   // 0xE3
  {  1697,   7,  11,   7,    0,  -11 },   // 0xE4
  {  1707,   7,  13,   7,    0,  -13 },   // 0xE5
  {  1719,  12,   8,  12,    0,   -8 },   // 0xE6
  {  1731,   7,  11,   7,    0,   -8 },   // 0xE7
  {  1741,   8,  11,   8,    0,  -11 },   // 0xE8
  {  1752,   8,  11,   8,    0,  -11 },   // 0xE9
  {  1763,   8,  11,   8,    0,  -11 },   // 0xEA
  {  1774,   8,  11,   8,    0,  -11 },   // 0xEB
  {  1785,   3,  11,   3,    0,  -11 },   // 0xEC
  {  1790,   3,  11,   3,    0,  -11 },   // 0xED
  {  1795,   5,  11,   3,   -1,  -11 },   // 0xEE
  {  1802,   5,  11,   3,   -1,  -11 },   // 0xEF
  {  1809,   8,  11,   8,    0,  -11 },   // 0xF0
  {  1820,   8,  12,   8,    0,  -12 },   // 0xF1
  {  1832,   8,  11,   8,    0,  -11 },   // 0xF2
  {  1843,   8,  11,   8,    0,  -11 },   // 0xF3
  {  1854,   8,  11,   8,    0,  -11 },   // 0xF4
  {  1865,   8,  12,   8,    0,  -12 },   // 0xF5
  {  1877,   8,  11,   8,    0,  -11 },   // 0xF6
  {  1888,   7,   9,   7,    0,   -9 },   // 0xF7
  {  1896,   7,  10,   7,    0,   -9 },   // 0xF8
  {  1905,   8,  11,   8,    0,  -11 },   // 0xF9
  {  1916,   8,  11,   8,    0,  -11 },   // 0xFA
  {  1927,   8,  11,   8,    0,  -11 },   // 0xFB
  {  1938,   8,  11,   8,    0,  -11 },   // 0xFC
  {  1949,   7,  14,   7,    0,  -11 },   // 0xFD
  {  1962,   8,  14,   8,    0,  -11 },   // 0xFE
  {  1976,   7,  14,   7,    0,  -11 },   // 0xFF
};
const GFXfont FuenteChica PROGMEM = { (uint8_t*)FuenteChicaMapa, (GFXglyph*)FuenteChicaGlifos, 0x20, 0xFF, 17 };
const uint8_t FuenteChicaAltoMayus = 11;
