/*
 * ============================================================
 *  LOGO DE TOSTATRONIC EN RGB565  (archivo GENERADO, no editar)
 *  Desarrollado por Tostatronic - Ing. Jorge Alvarado
 * ============================================================
 *
 *  Se genera con docs/herramientas/generar_recursos.py a partir de
 *  docs/logo-tostatronic-claro.png, ya mezclado sobre COLOR_FONDO
 *  (la pantalla no maneja transparencia).
 * ============================================================
 */

#pragma once
#include <Arduino.h>

const uint16_t LOGO_ANCHO = 150;
const uint16_t LOGO_ALTO  = 89;

const uint16_t LOGO_PIXELES[] PROGMEM = {
  0x10A3, 0x10A3, 0x10A3, 0x10A3, 0x10A3, 0x10A3, 0x10A3, 0x10A3, 0x10A3, 0x10A3, 0x10A3, 0x10A3,
  0x10A3, 0x10A3, 0x10A3, 0x10A3, 0x10A3, 0x10A3, 0x10A3, 0x10A3, 0x10A3, 0x10A3, 0x10A3, 0x10A3,
  0x10A3, 0x10A3, 0x10A3, 0x10A3, 0x10A3, 0x10A3, 0x10A3, 0x10A3, 0x10A3, 0x10A3, 0x10A3, 0x10A3,
  0x10A3, 0x10A3, 0x10A3, 0x10A3, 0x10A3, 0x10A3, 0x10A3, 0x10A3, 0x10A3, 0x10A3, 0x10A3, 0x10A3,
  0x10A3, 0x10A3, 0xD69A, 0xFFFF, 0xEF9E, 0xF79E, 0xF79E, 0xF79E, 0xF79E, 0xF79E, 0xF79E, 0xF79E,
  0xF79E, 0xF79E, 0xF79E, 0xF79E, 0xF79E, 0xF79E, 0xF79E, 0xF79E, 0xF79E, 0xF79E, 0xF79E, 0xF79E,
  0xF79E, 0xF79E, 0xF79E, 0xF79E, 0xF79E, 0xF79E, 0xF79E, 0xF79E, 0xF79E, 0xF79E, 0xF79E, 0xF79E,
  0xF79E, 0xF79E, 0xF79E, 0xF79E, 0xF79E, 0xF79E, 0xF79E, 0xF79E, 0xF79E, 0xF79E, 0xF79E, 0xF79E,
  0xF79E, 0xEF9D, 0xFFFF, 0x8C92, 0x10A3, 0x10C3, 0x10A3, 0x10A3, 0x10A3, 0x10A3, 0x10A3, 0x10A3,
  0x10A3, 0x10A3, 0x10A3, 0x10A3, 0x10A3, 0x10A3, 0x10A3, 0x10A3, 0x10A3, 0x10A3, 0x10A3, 0x10A3,
  0x10A3, 0x10A3, 0x10A3, 0x10A3, 0x10A3, 0x10A3, 0x10A3, 0x10A3, 0x10A3, 0x10A3, 0x10A3, 0x10A3,
  0x10A3, 0x10A3, 0x10A3, 0x10A3, 0x10A3, 0x10A3, 0x10A3, 0x10A3, 0x10A3, 0x10A3, 0x10A3, 0x10A3,
  0x10A3, 0x10A3, 0x10A3, 0x10A3, 0x10A3, 0x10A3, 0x10A3, 0x10A3, 0x10A3, 0x10A3, 0x10A3, 0x10A3,
  0x10A3, 0x10A3, 0x10A3, 0x10A3, 0x10A3, 0x10A3, 0x10A3, 0x10A3, 0x10A3, 0x10A3, 0x10A3, 0x10A3,
  0x10A3, 0x10A3, 0x10A3, 0x10A3, 0x10A3, 0x10A3, 0x10A3, 0x10A3, 0x10A3, 0x10A3, 0x10A3, 0x10A3,
  0x10A3, 0x10A3, 0x10A3, 0x10A3, 0x10A3, 0x10A3, 0x10A3, 0x10A3, 0x10A3, 0x10A3, 0x10A3, 0x10A3,
  0x10A3, 0x10A3, 0x10A3, 0x10A3, 0x10A3, 0x10A3, 0x10A3, 0x10A3, 0xD69A, 0xFFFF, 0xF7DE, 0xFFFF,
  0xFFFF, 0xFFFF, 0xFFFF, 0xFFFF, 0xFFFF, 0xFFFF, 0xFFFF, 0xFFFF, 0xFFFF, 0xFFFF, 0xFFFF, 0xFFFF,
  0xFFFF, 0xFFFF, 0xFFFF, 0xFFFF, 0xFFFF, 0xFFFF, 0xFFFF, 0xFFFF, 0xFFFF, 0xFFFF, 0xFFFF, 0xFFFF,
  0xFFFF, 0xFFFF, 0xFFFF, 0xFFFF, 0xFFFF, 0xFFFF, 0xFFFF, 0xFFFF, 0xFFFF, 0xFFFF, 0xFFFF, 0xFFFF,
  0xFFFF, 0xFFFF, 0xFFFF, 0xFFFF, 0xFFFF, 0xFFFF, 0xFFFF, 0xF7BE, 0xFFFF, 0x8C92, 0x10A3, 0x10C3,
  0x10A3, 0x10A3, 0x10A3, 0x10A3, 0x10A3, 0x10A3, 0x10A3, 0x10A3, 0x10A3, 0x10A3, 0x10A3, 0x10A3,
  0x10A3, 0x10A3, 0x10A3, 0x10A3, 0x10A3, 0x10A3, 0x10A3, 0x10A3, 0x10A3, 0x10A3, 0x10A3, 0x10A3,
  0x10A3, 0x10A3, 0x10A3, 0x10A3, 0x10A3, 0x10A3, 0x10A3, 0x10A3, 0x10A3, 0x10A3, 0x10A3, 0x10A3,
  0x10A3, 0x10A3, 0x10A3, 0x10A3, 0x10A3, 0x10A3, 0x10A3, 0x10A3, 0x10A3, 0x10A3, 0x10A3, 0x10A3,
  0x10A3, 0x10A3, 0x10A3, 0x10A3, 0x10A3, 0x10A3, 0x10A3, 0x10A3, 0x10A3, 0x10A3, 0x10A3, 0x10A3,
  0x10A3, 0x10A3, 0x10A3, 0x10A3, 0x10A3, 0x10A3, 0x10A3, 0x10A3, 0x10A3, 0x10A3, 0x10A3, 0x10A3,
  0x10A3, 0x10A3, 0x10A3, 0x10A3, 0x10A3, 0x10A3, 0x10A3, 0x10A3, 0x10A3, 0x10A3, 0x10A3, 0x10A3,
  0x10A3, 0x10A3, 0x10A3, 0x10A3, 0x10A3, 0x10A3, 0x10A3, 0x10A3, 0x10A3, 0x10A3, 0x10A3, 0x10A3,
  0x10A3, 0x10A3, 0xCE9A, 0xFFFF, 0x7C10, 0x4249, 0x4269, 0x4249, 0x4249, 0x4249, 0x4249, 0x4249,
  0x4249, 0x4249, 0x4249, 0x4249, 0x4249, 0x4249, 0x4249, 0x4249, 0x4249, 0x4249, 0x4249, 0x4249,
  0x4249, 0x4249, 0x4249, 0x4249, 0x4249, 0x4249, 0x4249, 0x4249, 0x4249, 0x4249, 0x4249, 0x4249,
  0x4249, 0x4249, 0x4249, 0x4249, 0x4249, 0x4249, 0x4249, 0x4249, 0x4249, 0x4249, 0x4249, 0x4249,
  0x4249, 0xB5D7, 0xFFFF, 0x8C71, 0x10A3, 0x10C3, 0x10A3, 0x10A3, 0x10A3, 0x10A3, 0x10A3, 0x10A3,
  0x10A3, 0x10A3, 0x10A3, 0x10A3, 0x10A3, 0x10A3, 0x10A3, 0x10A3, 0x10A3, 0x10A3, 0x10A3, 0x10A3,
  0x10A3, 0x10A3, 0x10A3, 0x10A3, 0x10A3, 0x10A3, 0x10A3, 0x10A3, 0x10A3, 0x10A3, 0x10A3, 0x10A3,
  0x10A3, 0x10A3, 0x10A3, 0x10A3, 0x10A3, 0x10A3, 0x10A3, 0x10A3, 0x10A3, 0x10A3, 0x10A3, 0x10A3,
  0x10A3, 0x10A3, 0x10A3, 0x10A3, 0x10A3, 0x10A3, 0x10A3, 0x10A3, 0x10A3, 0x10A3, 0x10A3, 0x10A3,
  0x10A3, 0x10A3, 0x10A3, 0x10A3, 0x10A3, 0x10A3, 0x10A3, 0x10A3, 0x10A3, 0x10A3, 0x10A3, 0x10A3,
  0x10A3, 0x10A3, 0x10A3, 0x10A3, 0x10A3, 0x10A3, 0x10A3, 0x10A3, 0x10A3, 0x10A3, 0x10A3, 0x10A3,
  0x10A3, 0x10A3, 0x10A3, 0x10A3, 0x10A3, 0x10A3, 0x10A3, 0x10A3, 0x10A3, 0x10A3, 0x10A3, 0x10A3,
  0x10A3, 0x10A3, 0x10A3, 0x10A3, 0x10A3, 0x10A3, 0x10A3, 0x10A3, 0xCE99, 0xFFFF, 0x52CB, 0x10A3,
  0x10A3, 0x10A3, 0x10A3, 0x10A3, 0x10A3, 0x10A3, 0x10A3, 0x10A3, 0x10A3, 0x10A3, 0x10A3, 0x10A3,
  0x10A3, 0x10A3, 0x10A3, 0x10A3, 0x10A3, 0x10A3, 0x10A3, 0x10A3, 0x10A3, 0x10A3, 0x10A3, 0x10A3,
  0x10A3, 0x10A3, 0x10A3, 0x10A3, 0x10A3, 0x10A3, 0x10A3, 0x10A3, 0x10A3, 0x10A3, 0x10A3, 0x10A3,
  0x10A3, 0x10A3, 0x10A3, 0x10A3, 0x10A3, 0x10A3, 0x10A3, 0xA534, 0xFFFF, 0x8C71, 0x10A3, 0x10C3,
  0x10A3, 0x10A3, 0x10A3, 0x10A3, 0x10A3, 0x10A3, 0x10A3, 0x10A3, 0x10A3, 0x10A3, 0x10A3, 0x10A3,
  0x10A3, 0x10A3, 0x10A3, 0x10A3, 0x10A3, 0x10A3, 0x10A3, 0x10A3, 0x10A3, 0x10A3, 0x10A3, 0x10A3,
  0x10A3, 0x10A3, 0x10A3, 0x10A3, 0x10A3, 0x10A3, 0x10A3, 0x10A3, 0x10A3, 0x10A3, 0x10A3, 0x10A3,
  0x10A3, 0x10A3, 0x10A3, 0x10A3, 0x10A3, 0x10A3, 0x10A3, 0x10A3, 0x10A3, 0x10A3, 0x10A3, 0x10A3,
  0x10A3, 0x10A3, 0x10A3, 0x10A3, 0x10A3, 0x10A3, 0x10A3, 0x10A3, 0x10A3, 0x10A3, 0x10A3, 0x10A3,
  0x10A3, 0x10A3, 0x10A3, 0x10A3, 0x10A3, 0x10A3, 0x10A3, 0x10A3, 0x10A3, 0x10A3, 0x10A3, 0x10A3,
  0x10A3, 0x10A3, 0x10A3, 0x10A3, 0x10A3, 0x10A3, 0x10A3, 0x10A3, 0x10A3, 0x10A3, 0x10A3, 0x10A3,
  0x10A3, 0x10A3, 0x10A3, 0x10A3, 0x10A3, 0x10A3, 0x10A3, 0x10A3, 0x10A3, 0x10A3, 0x10A3, 0x10A3,
  0x10A3, 0x10A3, 0xCE99, 0xFFFF, 0x5B2C, 0x10C3, 0x10C3, 0x10C3, 0x10C3, 0x10C3, 0x10C3, 0x10C3,
  0x10C3, 0x10C3, 0x10C3, 0x10C3, 0x10C3, 0x10C3, 0x10C3, 0x10C3, 0x10C3, 0x10C3, 0x10C3, 0x10C3,
  0x10C3, 0x10C3, 0x10C3, 0x10C3, 0x10C3, 0x10C3, 0x10C3, 0x10C3, 0x10C3, 0x10C3, 0x10C3, 0x10C3,
  0x10C3, 0x10C3, 0x10C3, 0x10C3, 0x10C3, 0x10C3, 0x10C3, 0x10C3, 0x10C3, 0x10C3, 0x10C3, 0x10C3,
  0x10C3, 0xA555, 0xFFFF, 0x8C71, 0x10A3, 0x10C3, 0x10A3, 0x10A3, 0x10A3, 0x10A3, 0x10A3, 0x10A3,
  0x10A3, 0x10A3, 0x10A3, 0x10A3, 0x10A3, 0x10A3, 0x10A3, 0x10A3, 0x10A3, 0x10A3, 0x10A3, 0x10A3,
  0x10A3, 0x10A3, 0x10A3, 0x10A3, 0x10A3, 0x10A3, 0x10A3, 0x10A3, 0x10A3, 0x10A3, 0x10A3, 0x10A3,
  0x10A3, 0x10A3, 0x10A3, 0x10A3, 0x10A3, 0x10A3, 0x10A3, 0x10A3, 0x10A3, 0x10A3, 0x10A3, 0x10A3,
  0x10A3, 0x10A3, 0x10A3, 0x10A3, 0x10A3, 0x10A3, 0x10A3, 0x10A3, 0x10A3, 0x10A3, 0x10A3, 0x10A3,
  0x10A3, 0x10A3, 0x10A3, 0x10A3, 0x10A3, 0x10A3, 0x10A3, 0x10A3, 0x10A3, 0x10A3, 0x10A3, 0x10A3,
  0x10A3, 0x10A3, 0x10A3, 0x10A3, 0x10A3, 0x10A3, 0x10A3, 0x10A3, 0x10A3, 0x10A3, 0x10A3, 0x10A3,
  0x10A3, 0x10A3, 0x10A3, 0x10A3, 0x10A3, 0x10A3, 0x10A3, 0x10A3, 0x10A3, 0x10A3, 0x10A3, 0x10A3,
  0x10A3, 0x10A3, 0x10A3, 0x10A3, 0x10A3, 0x10A3, 0x10A3, 0x10A3, 0xCE99, 0xFFFF, 0x5B0C, 0x10A3,
  0x10C3, 0x10A3, 0x10A3, 0x10A3, 0x10A3, 0x10A3, 0x10A3, 0x10A3, 0x10A3, 0x10A3, 0x10A3, 0x10A3,
  0x10A3, 0x10A3, 0x10A3, 0x10A3, 0x10A3, 0x10A3, 0x10A3, 0x10A3, 0x10A3, 0x10A3, 0x10A3, 0x10A3,
  0x10A3, 0x10A3, 0x10A3, 0x10A3, 0x10A3, 0x10A3, 0x10A3, 0x10A3, 0x10A3, 0x10A3, 0x10A3, 0x10A3,
  0x10A3, 0x10A3, 0x10A3, 0x10A3, 0x10A3, 0x10C3, 0x10A3, 0xA555, 0xFFFF, 0x8C71, 0x10A3, 0x10C3,
  0x10A3, 0x10A3, 0x10A3, 0x10A3, 0x10A3, 0x10A3, 0x10A3, 0x10A3, 0x10A3, 0x10A3, 0x10A3, 0x10A3,
  0x10A3, 0x10A3, 0x10A3, 0x10A3, 0x10A3, 0x10A3, 0x10A3, 0x10A3, 0x10A3, 0x10A3, 0x10A3, 0x10A3,
  0x10A3, 0x10A3, 0x10A3, 0x10A3, 0x10A3, 0x10A3, 0x10A3, 0x10A3, 0x10A3, 0x10A3, 0x10A3, 0x10A3,
  0x10A3, 0x10A3, 0x10A3, 0x10A3, 0x10A3, 0x10A3, 0x10A3, 0x10A3, 0x10A3, 0x10A3, 0x10A3, 0x10A3,
  0x10A3, 0x10A3, 0x10A3, 0x10A3, 0x10A3, 0x10A3, 0x10A3, 0x10A3, 0x10A3, 0x10A3, 0x10A3, 0x10A3,
  0x10A3, 0x10A3, 0x10A3, 0x10A3, 0x10A3, 0x10A3, 0x10A3, 0x10A3, 0x10A3, 0x10A3, 0x10A3, 0x10A3,
  0x10A3, 0x10A3, 0x10A3, 0x10A3, 0x10A3, 0x10A3, 0x10A3, 0x10A3, 0x10A3, 0x10A3, 0x10A3, 0x10A3,
  0x10A3, 0x10A3, 0x10A3, 0x10A3, 0x10A3, 0x10A3, 0x10A3, 0x10A3, 0x10A3, 0x10A3, 0x10A3, 0x10A3,
  0x10A3, 0x10A3, 0xCE99, 0xFFFF, 0x5B0C, 0x10A3, 0x10C3, 0x10A3, 0x10A3, 0x10A3, 0x10A3, 0x10A3,
  0x10A3, 0x10A3, 0x10A3, 0x10A3, 0x10A3, 0x10A3, 0x10A3, 0x10A3, 0x10A3, 0x10A3, 0x10A3, 0x10A3,
  0x10A3, 0x10A3, 0x10A3, 0x10A3, 0x10A3, 0x10A3, 0x10A3, 0x10A3, 0x10A3, 0x10A3, 0x10A3, 0x10A3,
  0x10A3, 0x10A3, 0x10A3, 0x10A3, 0x10A3, 0x10A3, 0x10A3, 0x10A3, 0x10A3, 0x10A3, 0x10A3, 0x10C3,
  0x10A3, 0xA555, 0xFFFF, 0x8C71, 0x10A3, 0x10C3, 0x10A3, 0x10A3, 0x10A3, 0x10A3, 0x10A3, 0x10A3,
  0x10A3, 0x10A3, 0x10A3, 0x10A3, 0x10A3, 0x10A3, 0x10A3, 0x10A3, 0x10A3, 0x10A3, 0x10A3, 0x10A3,
  0x10A3, 0x10A3, 0x10A3, 0x10A3, 0x10A3, 0x10A3, 0x10A3, 0x10A3, 0x10A3, 0x10A3, 0x10A3, 0x10A3,
  0x10A3, 0x10A3, 0x10A3, 0x10A3, 0x10A3, 0x10A3, 0x10A3, 0x10A3, 0x10A3, 0x10A3, 0x10A3, 0x10A3,
  0x10A3, 0x10A3, 0x10A3, 0x10A3, 0x10A3, 0x10A3, 0x10A3, 0x10A3, 0x10A3, 0x10A3, 0x10A3, 0x10A3,
  0x10A3, 0x10A3, 0x10A3, 0x10A3, 0x10A3, 0x10A3, 0x10A3, 0x10A3, 0x10A3, 0x10A3, 0x10A3, 0x10A3,
  0x10A3, 0x10A3, 0x10A3, 0x10A3, 0x10A3, 0x10A3, 0x10A3, 0x10A3, 0x10A3, 0x10A3, 0x10A3, 0x10A3,
  0x10A3, 0x10A3, 0x10A3, 0x10A3, 0x10A3, 0x10A3, 0x10A3, 0x10A3, 0x10A3, 0x10A3, 0x10A3, 0x10A3,
  0x10A3, 0x10A3, 0x10A3, 0x10A3, 0x10A3, 0x10A3, 0x10A3, 0x10A3, 0xCE99, 0xFFFF, 0x5B0C, 0x10A3,
  0x10C3, 0x10A3, 0x10A3, 0x10A3, 0x10A3, 0x10A3, 0x10A3, 0x10A3, 0x10A3, 0x10A3, 0x10A3, 0x10A3,
  0x10A3, 0x10A3, 0x10A3, 0x10A3, 0x10A3, 0x10A3, 0x10A3, 0x10A3, 0x10A3, 0x10A3, 0x10A3, 0x10A3,
  0x10A3, 0x10A3, 0x10A3, 0x10A3, 0x10A3, 0x10A3, 0x10A3, 0x10A3, 0x10A3, 0x10A3, 0x10A3, 0x10A3,
  0x10A3, 0x10A3, 0x10A3, 0x10A3, 0x10A3, 0x10C3, 0x10A3, 0xA555, 0xFFFF, 0x8C71, 0x10A3, 0x10C3,
  0x10A3, 0x10A3, 0x10A3, 0x10A3, 0x10A3, 0x10A3, 0x10A3, 0x10A3, 0x10A3, 0x10A3, 0x10A3, 0x10A3,
  0x10A3, 0x10A3, 0x10A3, 0x10A3, 0x10A3, 0x10A3, 0x10A3, 0x10A3, 0x10A3, 0x10A3, 0x10A3, 0x10A3,
  0x10A3, 0x10A3, 0x10A3, 0x10A3, 0x10A3, 0x10A3, 0x10A3, 0x10A3, 0x10A3, 0x10A3, 0x10A3, 0x10A3,
  0x10A3, 0x10A3, 0x10A3, 0x10A3, 0x10A3, 0x10A3, 0x10A3, 0x10A3, 0x10A3, 0x10A3, 0x10A3, 0x10A3,
  0x10A3, 0x10A3, 0x10A3, 0x10A3, 0x10A3, 0x10A3, 0x10A3, 0x10A3, 0x10A3, 0x10A3, 0x10A3, 0x10A3,
  0x10A3, 0x10A3, 0x10A3, 0x10A3, 0x10A3, 0x10A3, 0x10A3, 0x10A3, 0x10A3, 0x10A3, 0x10A3, 0x10A3,
  0x10A3, 0x10A3, 0x10A3, 0x10A3, 0x10A3, 0x10A3, 0x10A3, 0x10A3, 0x10A3, 0x10A3, 0x10A3, 0x10A3,
  0x10A3, 0x10A3, 0x10A3, 0x10A3, 0x10A3, 0x10A3, 0x10A3, 0x10A3, 0x10A3, 0x10A3, 0x10A3, 0x10A3,
  0x10A3, 0x10A3, 0xCE99, 0xFFFF, 0x5B0C, 0x10A3, 0x10C3, 0x10A3, 0x10A3, 0x10A3, 0x10A3, 0x10A3,
  0x10A3, 0x10A3, 0x10A3, 0x10A3, 0x10A3, 0x10A3, 0x10A3, 0x10A3, 0x10A3, 0x10A3, 0x10A3, 0x10A3,
  0x10A3, 0x10A3, 0x10A3, 0x10A3, 0x10A3, 0x10A3, 0x10A3, 0x10A3, 0x10A3, 0x10A3, 0x10A3, 0x10A3,
  0x10A3, 0x10A3, 0x10A3, 0x10A3, 0x10A3, 0x10A3, 0x10A3, 0x10A3, 0x10A3, 0x10A3, 0x10A3, 0x10C3,
  0x10A3, 0xA555, 0xFFFF, 0x8C71, 0x10A3, 0x10C3, 0x10A3, 0x10A3, 0x10A3, 0x10A3, 0x10A3, 0x10A3,
  0x10A3, 0x10A3, 0x10A3, 0x10A3, 0x10A3, 0x10A3, 0x10A3, 0x10A3, 0x10A3, 0x10A3, 0x10A3, 0x10A3,
  0x10A3, 0x10A3, 0x10A3, 0x10A3, 0x10A3, 0x10A3, 0x10A3, 0x10A3, 0x10A3, 0x10A3, 0x10A3, 0x10A3,
  0x10A3, 0x10A3, 0x10A3, 0x10A3, 0x10A3, 0x10A3, 0x10A3, 0x10A3, 0x10A3, 0x10A3, 0x10A3, 0x10A3,
  0x10A3, 0x10A3, 0x10A3, 0x10A3, 0x10A3, 0x10A3, 0x10A3, 0x10A3, 0x10A3, 0x10A3, 0x10A3, 0x10A3,
  0x10A3, 0x10A3, 0x10A3, 0x10A3, 0x10A3, 0x10A3, 0x10A3, 0x10A3, 0x10A3, 0x10A3, 0x10A3, 0x10A3,
  0x10A3, 0x10A3, 0x10A3, 0x10A3, 0x10A3, 0x10A3, 0x10A3, 0x10A3, 0x10A3, 0x10A3, 0x10A3, 0x10A3,
  0x10A3, 0x10A3, 0x10A3, 0x10A3, 0x10A3, 0x10A3, 0x10A3, 0x10A3, 0x10A3, 0x10A3, 0x10A3, 0x10A3,
  0x10A3, 0x10A3, 0x10A3, 0x10A3, 0x10A3, 0x10A3, 0x10A3, 0x10A3, 0xCE99, 0xFFFF, 0x5B0C, 0x10A3,
  0x10C3, 0x10A3, 0x10A3, 0x10A3, 0x10A3, 0x10A3, 0x10A3, 0x10A3, 0x10C3, 0x10C3, 0x10C3, 0x10C3,
  0x10C3, 0x10C3, 0x10C3, 0x10C3, 0x10C3, 0x10A3, 0x10A3, 0x10A3, 0x10A3, 0x10A3, 0x10A3, 0x10A3,
  0x10A3, 0x10C3, 0x10C3, 0x10C3, 0x10C3, 0x10C3, 0x10C3, 0x10C3, 0x10C3, 0x10A3, 0x10A3, 0x10A3,
  0x10A3, 0x10A3, 0x10A3, 0x10A3, 0x10A3, 0x10C3, 0x10A3, 0xA555, 0xFFFF, 0x8C71, 0x10A3, 0x10C3,
  0x10A3, 0x10A3, 0x10A3, 0x10A3, 0x10A3, 0x10A3, 0x10A3, 0x10A3, 0x10A3, 0x10A3, 0x10A3, 0x10A3,
  0x10A3, 0x10A3, 0x10A3, 0x10A3, 0x10A3, 0x10A3, 0x10A3, 0x10A3, 0x10A3, 0x10A3, 0x10A3, 0x10A3,
  0x10A3, 0x10A3, 0x10A3, 0x10A3, 0x10A3, 0x10A3, 0x10A3, 0x10A3, 0x10A3, 0x10A3, 0x10A3, 0x10A3,
  0x10A3, 0x10A3, 0x10A3, 0x10A3, 0x10A3, 0x10A3, 0x10A3, 0x10A3, 0x10A3, 0x10A3, 0x10A3, 0x10A3,
  0x10A3, 0x10A3, 0x10A3, 0x10A3, 0x10A3, 0x10A3, 0x10A3, 0x10A3, 0x10A3, 0x10A3, 0x10A3, 0x10A3,
  0x10A3, 0x10A3, 0x10A3, 0x10A3, 0x10A3, 0x10A3, 0x10A3, 0x10A3, 0x10A3, 0x10A3, 0x10A3, 0x10A3,
  0x10A3, 0x10A3, 0x10A3, 0x10A3, 0x10A3, 0x10A3, 0x10A3, 0x10A3, 0x10A3, 0x10A3, 0x10A3, 0x10A3,
  0x10A3, 0x10A3, 0x10A3, 0x10A3, 0x10A3, 0x10A3, 0x10A3, 0x10A3, 0x10A3, 0x10A3, 0x10A3, 0x10A3,
  0x10A3, 0x10A3, 0xCE99, 0xFFFF, 0x5B0C, 0x10A3, 0x10C3, 0x10A3, 0x10A3, 0x10A3, 0x10A3, 0x10A3,
  0x10C3, 0x10A3, 0x7BEF, 0xE71C, 0xD6BA, 0xD6DB, 0xD6DB, 0xD6DB, 0xD6BA, 0xE71C, 0x9D14, 0x10A3,
  0x10C3, 0x10A3, 0x10A3, 0x10A3, 0x10A3, 0x10A3, 0x2145, 0xD6BA, 0xDEFB, 0xD6DB, 0xD6DB, 0xD6DB,
  0xD6DB, 0xD6DB, 0xDF1C, 0x3A08, 0x10A3, 0x10C3, 0x10A3, 0x10A3, 0x10A3, 0x10A3, 0x10A3, 0x10C3,
  0x10A3, 0xA555, 0xFFFF, 0x8C71, 0x10A3, 0x10C3, 0x10A3, 0x10A3, 0x10A3, 0x10A3, 0x10A3, 0x10A3,
  0x10A3, 0x10A3, 0x10A3, 0x10A3, 0x10A3, 0x10A3, 0x10A3, 0x10A3, 0x10A3, 0x10A3, 0x10A3, 0x10A3,
  0x10A3, 0x10A3, 0x10A3, 0x10A3, 0x10A3, 0x10A3, 0x10A3, 0x10A3, 0x10A3, 0x10A3, 0x10A3, 0x10A3,
  0x10A3, 0x10A3, 0x10A3, 0x10A3, 0x10A3, 0x10A3, 0x10A3, 0x10A3, 0x10A3, 0x10A3, 0x10A3, 0x10A3,
  0x10A3, 0x10A3, 0x10A3, 0x10A3, 0x10A3, 0x10A3, 0x10A3, 0x10A3, 0x10A3, 0x10A3, 0x10A3, 0x10A3,
  0x10A3, 0x10A3, 0x10A3, 0x10A3, 0x10A3, 0x10A3, 0x10A3, 0x10A3, 0x10A3, 0x10A3, 0x10A3, 0x10A3,
  0x10A3, 0x10A3, 0x10A3, 0x10A3, 0x10A3, 0x10A3, 0x10A3, 0x10A3, 0x10A3, 0x10A3, 0x10A3, 0x10A3,
  0x10A3, 0x10A3, 0x10A3, 0x10A3, 0x10A3, 0x10A3, 0x10A3, 0x10A3, 0x10A3, 0x10A3, 0x10A3, 0x10A3,
  0x10A3, 0x10A3, 0x10A3, 0x10A3, 0x10A3, 0x10A3, 0x10A3, 0x10A3, 0xCE99, 0xFFFF, 0x5B0C, 0x10A3,
  0x10C3, 0x10A3, 0x10A3, 0x10A3, 0x10A3, 0x10A3, 0x10C3, 0x10A3, 0x8C72, 0xFFFF, 0xFFFF, 0xFFFF,
  0xFFFF, 0xFFFF, 0xFFFF, 0xFFFF, 0xB5D7, 0x10A3, 0x10C3, 0x10A3, 0x10A3, 0x10A3, 0x10A3, 0x10A3,
  0x2165, 0xEF9E, 0xFFFF, 0xFFFF, 0xFFFF, 0xFFFF, 0xFFFF, 0xFFFF, 0xFFFF, 0x4229, 0x10A3, 0x10C3,
  0x10A3, 0x10A3, 0x10A3, 0x10A3, 0x10A3, 0x10C3, 0x10A3, 0xA555, 0xFFFF, 0x8C71, 0x10A3, 0x10C3,
  0x10A3, 0x10A3, 0x10A3, 0x10A3, 0x10A3, 0x10A3, 0x10A3, 0x10A3, 0x10A3, 0x10A3, 0x10A3, 0x10A3,
  0x10A3, 0x10A3, 0x10A3, 0x10A3, 0x10A3, 0x10A3, 0x10A3, 0x10A3, 0x10A3, 0x10A3, 0x10A3, 0x10A3,
  0x10A3, 0x10A3, 0x10A3, 0x10A3, 0x10A3, 0x10A3, 0x10A3, 0x10A3, 0x10A3, 0x10A3, 0x10A3, 0x10A3,
  0x10A3, 0x10A3, 0x10A3, 0x10A3, 0x10A3, 0x10A3, 0x10A3, 0x10A3, 0x10A3, 0x10A3, 0x10A3, 0x10A3,
  0x10A3, 0x10A3, 0x10A3, 0x10A3, 0x10A3, 0x10A3, 0x10A3, 0x10A3, 0x10A3, 0x10A3, 0x10A3, 0x10A3,
  0x10A3, 0x10A3, 0x10A3, 0x10A3, 0x10A3, 0x10A3, 0x10A3, 0x10A3, 0x10A3, 0x10A3, 0x10A3, 0x10A3,
  0x10A3, 0x10A3, 0x10A3, 0x10A3, 0x10A3, 0x10A3, 0x10A3, 0x10A3, 0x10A3, 0x10A3, 0x10A3, 0x10A3,
  0x10A3, 0x10A3, 0x10A3, 0x10A3, 0x10A3, 0x10A3, 0x10A3, 0x10A3, 0x10A3, 0x10A3, 0x10A3, 0x10A3,
  0x10A3, 0x10A3, 0xCE99, 0xFFFF, 0x5B0C, 0x10A3, 0x10C3, 0x10A3, 0x10A3, 0x10A3, 0x10A3, 0x10A3,
  0x10C3, 0x10A3, 0x8451, 0xFFFF, 0xBE18, 0x52AB, 0x5AEB, 0x52AB, 0xA534, 0xFFFF, 0xAD96, 0x10A3,
  0x10C3, 0x10A3, 0x10A3, 0x10A3, 0x10A3, 0x10A3, 0x2145, 0xE75D, 0xF7DF, 0x73AF, 0x52CB, 0x52CB,
  0x632C, 0xEF5D, 0xFFFF, 0x3A28, 0x10A3, 0x10C3, 0x10A3, 0x10A3, 0x10A3, 0x10A3, 0x10A3, 0x10C3,
  0x10A3, 0xA555, 0xFFFF, 0x8C71, 0x10A3, 0x10C3, 0x10A3, 0x10A3, 0x10A3, 0x10A3, 0x10A3, 0x10A3,
  0x10A3, 0x10A3, 0x10A3, 0x10A3, 0x10A3, 0x10A3, 0x10A3, 0x10A3, 0x10A3, 0x10A3, 0x10A3, 0x10A3,
  0x10A3, 0x10A3, 0x10A3, 0x10A3, 0x10A3, 0x10A3, 0x10A3, 0x10A3, 0x10A3, 0x10A3, 0x10A3, 0x10A3,
  0x10A3, 0x10A3, 0x10A3, 0x10A3, 0x10A3, 0x10A3, 0x10A3, 0x10A3, 0x10A3, 0x10A3, 0x10A3, 0x10A3,
  0x10A3, 0x10A3, 0x10A3, 0x10A3, 0x10A3, 0x10A3, 0x10A3, 0x10A3, 0x10A3, 0x10A3, 0x10A3, 0x10A3,
  0x10A3, 0x10A3, 0x10A3, 0x10A3, 0x10A3, 0x10A3, 0x10A3, 0x10A3, 0x10A3, 0x10A3, 0x10A3, 0x10A3,
  0x10A3, 0x10A3, 0x10A3, 0x10A3, 0x10A3, 0x10A3, 0x10A3, 0x10A3, 0x10A3, 0x10A3, 0x10A3, 0x10A3,
  0x10A3, 0x10A3, 0x10A3, 0x10A3, 0x10A3, 0x10A3, 0x10A3, 0x10A3, 0x10A3, 0x10A3, 0x10A3, 0x10A3,
  0x10A3, 0x10A3, 0x10A3, 0x10A3, 0x10A3, 0x10A3, 0x10A3, 0x10A3, 0xCE79, 0xFFFF, 0x5B0C, 0x10A3,
  0x10C3, 0x10A3, 0x10A3, 0x10A3, 0x10A3, 0x10A3, 0x10C3, 0x10A3, 0x8451, 0xFFFF, 0xA555, 0x10A3,
  0x10A3, 0x10A3, 0x7BF0, 0xFFFF, 0xAD96, 0x10A3, 0x10C3, 0x10A3, 0x10A3, 0x10A3, 0x10A3, 0x10A3,
  0x2145, 0xE75D, 0xFFFF, 0x31C7, 0x10A3, 0x10A3, 0x18E4, 0xE75C, 0xFFFF, 0x3A08, 0x10A3, 0x10C3,
  0x10A3, 0x10A3, 0x10A3, 0x10A3, 0x10A3, 0x10C3, 0x10A3, 0xA534, 0xFFFF, 0x8C71, 0x10A3, 0x10C3,
  0x10A3, 0x10A3, 0x10A3, 0x10A3, 0x10A3, 0x10A3, 0x10A3, 0x10A3, 0x10A3, 0x10A3, 0x10A3, 0x10A3,
  0x10A3, 0x10A3, 0x10A3, 0x10A3, 0x10A3, 0x10A3, 0x10A3, 0x10A3, 0x10A3, 0x10A3, 0x10A3, 0x10A3,
  0x10A3, 0x10A3, 0x10A3, 0x10A3, 0x10A3, 0x10A3, 0x10A3, 0x10A3, 0x10A3, 0x10A3, 0x10A3, 0x10A3,
  0x10A3, 0x10A3, 0x10A3, 0x10A3, 0x10A3, 0x10A3, 0x10A3, 0x10A3, 0x10A3, 0x10A3, 0x10A3, 0x10A3,
  0x10A3, 0x10A3, 0x10A3, 0x10A3, 0x10A3, 0x10A3, 0x10A3, 0x10A3, 0x10A3, 0x10A3, 0x10A3, 0x10A3,
  0x10A3, 0x10A3, 0x10A3, 0x10A3, 0x10A3, 0x10A3, 0x10A3, 0x10A3, 0x10A3, 0x10A3, 0x10A3, 0x10A3,
  0x10A3, 0x10A3, 0x10A3, 0x10A3, 0x10A3, 0x10A3, 0x10A3, 0x10A3, 0x10A3, 0x10A3, 0x10A3, 0x10A3,
  0x10A3, 0x10A3, 0x10A3, 0x10A3, 0x10A3, 0x10A3, 0x10A3, 0x10A3, 0x10A3, 0x10A3, 0x10A3, 0x10A3,
  0x10A3, 0x10A3, 0xC659, 0xFFFF, 0x5B0C, 0x10C3, 0x10C3, 0x10C3, 0x10C3, 0x10C3, 0x10C3, 0x10C3,
  0x10C3, 0x10C3, 0x8431, 0xFFFF, 0xAD55, 0x10C3, 0x18E4, 0x10C3, 0x7C30, 0xFFFF, 0xAD75, 0x10A3,
  0x10C3, 0x10A3, 0x10A3, 0x10A3, 0x10A3, 0x10A3, 0x2145, 0xE73C, 0xF7BE, 0x3A08, 0x10C3, 0x10C3,
  0x2165, 0xE73C, 0xF7DF, 0x4229, 0x10C3, 0x10C3, 0x10C3, 0x10C3, 0x10C3, 0x10C3, 0x10C3, 0x10C3,
  0x10C3, 0xA534, 0xFFFF, 0x8451, 0x10A3, 0x10C3, 0x10A3, 0x10A3, 0x10A3, 0x10A3, 0x10A3, 0x10A3,
  0x10A3, 0x10A3, 0x10A3, 0x10A3, 0x10A3, 0x10A3, 0x10A3, 0x10A3, 0x10A3, 0x10A3, 0x10A3, 0x10A3,
  0x10A3, 0x10A3, 0x10A3, 0x10A3, 0x10A3, 0x10A3, 0x10A3, 0x10A3, 0x10A3, 0x10A3, 0x10A3, 0x10A3,
  0x10A3, 0x10A3, 0x10A3, 0x10A3, 0x10A3, 0x10A3, 0x10A3, 0x10A3, 0x10A3, 0x10A3, 0x10A3, 0x10A3,
  0x10A3, 0x10A3, 0x10A3, 0x10A3, 0x10A3, 0x10A3, 0x10A3, 0x10A3, 0x10A3, 0x10A3, 0x10A3, 0x10A3,
  0x10A3, 0x10A3, 0x10A3, 0x10A3, 0x10A3, 0x10A3, 0x10A3, 0x10A3, 0x10A3, 0x10A3, 0x10A3, 0x10A3,
  0x10A3, 0x10A3, 0x10A3, 0x10A3, 0x10A3, 0x10A3, 0x10A3, 0x10A3, 0x10A3, 0x10A3, 0x10A3, 0x10A3,
  0x10A3, 0x10A3, 0x10A3, 0x10A3, 0x10A3, 0x10A3, 0x10A3, 0x10A3, 0x10A3, 0x10A3, 0x10A3, 0x10A3,
  0x10A3, 0x10A3, 0x10A3, 0x10A3, 0x10A3, 0x10A3, 0x10A3, 0x10A3, 0xC639, 0xFFFF, 0x52AB, 0x10A3,
  0x10A3, 0x10A3, 0x10A3, 0x10A3, 0x10A3, 0x10A3, 0x10A3, 0x10A3, 0x7BEF, 0xFFFF, 0xA535, 0x10A3,
  0x10C3, 0x10A3, 0x7C10, 0xFFFF, 0xA555, 0x10A3, 0x10C3, 0x10A3, 0x10A3, 0x10A3, 0x10A3, 0x10A3,
  0x2145, 0xDF1C, 0xEF9E, 0x3A08, 0x10A3, 0x10A3, 0x2145, 0xDEFC, 0xF7BE, 0x31A7, 0x10A3, 0x10A3,
  0x10A3, 0x10A3, 0x10A3, 0x10A3, 0x10A3, 0x10A3, 0x10A3, 0x9CF3, 0xFFFF, 0x8431, 0x10A3, 0x10C3,
  0x10A3, 0x10A3, 0x10A3, 0x10A3, 0x10A3, 0x10A3, 0x10A3, 0x10A3, 0x10A3, 0x10A3, 0x10A3, 0x10A3,
  0x10A3, 0x10A3, 0x10A3, 0x10A3, 0x10A3, 0x10A3, 0x10A3, 0x10A3, 0x10A3, 0x10A3, 0x10A3, 0x10A3,
  0x10A3, 0x10A3, 0x10A3, 0x10A3, 0x10A3, 0x10A3, 0x10A3, 0x10A3, 0x10A3, 0x10A3, 0x10A3, 0x10A3,
  0x10A3, 0x10A3, 0x10A3, 0x10A3, 0x10A3, 0x10A3, 0x10A3, 0x10A3, 0x10A3, 0x10A3, 0x10A3, 0x10A3,
  0x10A3, 0x10A3, 0x10A3, 0x10A3, 0x10A3, 0x10A3, 0x10A3, 0x10A3, 0x10A3, 0x10A3, 0x10A3, 0x10A3,
  0x10A3, 0x10A3, 0x10A3, 0x10A3, 0x10A3, 0x10A3, 0x10A3, 0x10A3, 0x10A3, 0x10A3, 0x10A3, 0x10A3,
  0x10A3, 0x10A3, 0x10A3, 0x10A3, 0x10A3, 0x10A3, 0x10A3, 0x10A3, 0x10A3, 0x10A3, 0x10A3, 0x10A3,
  0x10A3, 0x10A3, 0x10A3, 0x10A3, 0x10A3, 0x10A3, 0x10A3, 0x10A3, 0x10A3, 0x10A3, 0x10A3, 0x10A3,
  0x10A3, 0x10A3, 0xBE18, 0xEF9E, 0xA576, 0x8C92, 0x8C92, 0x8C92, 0x8C92, 0x8C92, 0x8C92, 0x8C92,
  0x8C92, 0x8C92, 0xB5D7, 0xF7BE, 0x9D35, 0x10A3, 0x10C3, 0x10A3, 0x7BF0, 0xFFFF, 0xA535, 0x10A3,
  0x10A3, 0x10A3, 0x10A3, 0x10A3, 0x10A3, 0x10A3, 0x2145, 0xDEFC, 0xEF7E, 0x3A08, 0x10A3, 0x10A3,
  0x2145, 0xD6DB, 0xE75D, 0x9D14, 0x8C92, 0x8C92, 0x8C92, 0x8C92, 0x8C92, 0x8C92, 0x8C92, 0x8C92,
  0x8C92, 0xC639, 0xF7BE, 0x8431, 0x10A3, 0x10C3, 0x10A3, 0x10A3, 0x10A3, 0x10A3, 0x10A3, 0x10A3,
  0x10A3, 0x10A3, 0x10A3, 0x10A3, 0x10A3, 0x10A3, 0x10A3, 0x10A3, 0x10A3, 0x10A3, 0x10A3, 0x10A3,
  0x10A3, 0x10A3, 0x10A3, 0x10A3, 0x10A3, 0x10A3, 0x10A3, 0x10A3, 0x10A3, 0x10A3, 0x10A3, 0x10A3,
  0x10A3, 0x10A3, 0x10A3, 0x10A3, 0x10A3, 0x10A3, 0x10A3, 0x10A3, 0x10A3, 0x10A3, 0x10A3, 0x10A3,
  0x10A3, 0x10A3, 0x10A3, 0x10A3, 0x10A3, 0x10A3, 0x10A3, 0x10A3, 0x10A3, 0x10A3, 0x10A3, 0x10A3,
  0x10A3, 0x10A3, 0x10A3, 0x10A3, 0x10A3, 0x10A3, 0x10A3, 0x10A3, 0x10A3, 0x10A3, 0x10A3, 0x10A3,
  0x10A3, 0x10A3, 0x10A3, 0x10A3, 0x10A3, 0x10A3, 0x10A3, 0x10A3, 0x10A3, 0x10A3, 0x10A3, 0x10A3,
  0x10A3, 0x10A3, 0x10A3, 0x10A3, 0x10A3, 0x10A3, 0x10A3, 0x10A3, 0x10A3, 0x10A3, 0x10A3, 0x10A3,
  0x10A3, 0x10A3, 0x10A3, 0x10A3, 0x10A3, 0x10A3, 0x10A3, 0x10A3, 0xCE7A, 0xF7DF, 0xF7DF, 0xFFFF,
  0xFFFF, 0xFFFF, 0xFFFF, 0xFFFF, 0xFFFF, 0xFFFF, 0xFFFF, 0xFFFF, 0xF7BF, 0xFFFF, 0xAD76, 0x10A3,
  0x10C3, 0x10A3, 0x7BF0, 0xFFFF, 0x9D35, 0x10A3, 0x10A3, 0x10A3, 0x10A3, 0x10A3, 0x10A3, 0x10A3,
  0x2145, 0xD6DB, 0xE75D, 0x39E8, 0x10A3, 0x10A3, 0x2145, 0xE73D, 0xEFBF, 0xF7FF, 0xFFFF, 0xFFFF,
  0xFFFF, 0xFFFF, 0xFFFF, 0xFFFF, 0xFFFF, 0xFFFF, 0xFFFF, 0xEF9F, 0xFFFF, 0x8C72, 0x10A3, 0x10C3,
  0x10A3, 0x10A3, 0x10A3, 0x10A3, 0x10A3, 0x10A3, 0x10A3, 0x10A3, 0x10A3, 0x10A3, 0x10A3, 0x10A3,
  0x10A3, 0x10A3, 0x10A3, 0x10A3, 0x10A3, 0x10A3, 0x10A3, 0x10A3, 0x10A3, 0x10A3, 0x10A3, 0x10A3,
  0x10A3, 0x10A3, 0x10A3, 0x10A3, 0x10A3, 0x10A3, 0x10A3, 0x10A3, 0x10A3, 0x10A3, 0x10A3, 0x10A3,
  0x10A3, 0x10A3, 0x10A3, 0x10A3, 0x10A3, 0x10A3, 0x10A3, 0x10A3, 0x10A3, 0x10A3, 0x10A3, 0x10A3,
  0x10A3, 0x10A3, 0x10A3, 0x10A3, 0x10A3, 0x10A3, 0x10A3, 0x10A3, 0x10A3, 0x10A3, 0x10A3, 0x10A3,
  0x10A3, 0x10A3, 0x10A3, 0x10A3, 0x10A3, 0x10A3, 0x10A3, 0x10A3, 0x10A3, 0x10A3, 0x10A3, 0x10A3,
  0x10A3, 0x10A3, 0x10A3, 0x10A3, 0x10A3, 0x10A3, 0x10A3, 0x10A3, 0x10A3, 0x10A3, 0x10A3, 0x10A3,
  0x10A3, 0x10A3, 0x10A3, 0x10A3, 0x10A3, 0x10A3, 0x10A3, 0x10A3, 0x10A3, 0x10A3, 0x10A3, 0x10A3,
  0x10A3, 0x10A3, 0x7BF0, 0x94B3, 0x8C72, 0x8C72, 0x8C72, 0x8C72, 0x8C72, 0x8C72, 0x8C72, 0x8C72,
  0x8C72, 0x8C72, 0x8C72, 0x94D3, 0x636E, 0x10A3, 0x10C3, 0x10A3, 0x73D0, 0xF7FF, 0x9D14, 0x10A3,
  0x10A3, 0x10A3, 0x10A3, 0x10A3, 0x10A3, 0x10A3, 0x2145, 0xCEBB, 0xDF3D, 0x39E8, 0x10A3, 0x10A3,
  0x1904, 0x8472, 0x8CB3, 0x8C72, 0x8C72, 0x8C72, 0x8C72, 0x8C72, 0x8C72, 0x8C72, 0x8C72, 0x8C72,
  0x8C72, 0x8C72, 0x94F4, 0x52CB, 0x10A3, 0x10A3, 0x10A3, 0x10A3, 0x10A3, 0x10A3, 0x10A3, 0x10A3,
  0x10A3, 0x10A3, 0x10A3, 0x10A3, 0x10A3, 0x10A3, 0x10A3, 0x10A3, 0x10A3, 0x10A3, 0x10A3, 0x10A3,
  0x10A3, 0x10A3, 0x10A3, 0x10A3, 0x10A3, 0x10A3, 0x10A3, 0x10A3, 0x10A3, 0x10A3, 0x10A3, 0x10A3,
  0x10A3, 0x10A3, 0x10A3, 0x10A3, 0x10A3, 0x10A3, 0x10A3, 0x10A3, 0x10A3, 0x10A3, 0x10A3, 0x10A3,
  0x10A3, 0x10A3, 0x10A3, 0x10A3, 0x10A3, 0x10A3, 0x10A3, 0x10A3, 0x10A3, 0x10A3, 0x10A3, 0x10A3,
  0x10A3, 0x10A3, 0x10A3, 0x10A3, 0x10A3, 0x10A3, 0x10A3, 0x10A3, 0x10A3, 0x10A3, 0x10A3, 0x10A3,
  0x10A3, 0x10A3, 0x10A3, 0x10A3, 0x10A3, 0x10A3, 0x10A3, 0x10A3, 0x10A3, 0x10A3, 0x10A3, 0x10A3,
  0x10A3, 0x10A3, 0x10A3, 0x10A3, 0x10A3, 0x10A3, 0x10A3, 0x10A3, 0x10A3, 0x10A3, 0x10A3, 0x10A3,
  0x10A3, 0x10A3, 0x10A3, 0x10A3, 0x10A3, 0x10A3, 0x10A3, 0x10A3, 0x10A3, 0x10A3, 0x10A3, 0x10A3,
  0x10A3, 0x10A3, 0x10A3, 0x10A3, 0x10A3, 0x10A3, 0x10A3, 0x10A3, 0x10A3, 0x10A3, 0x10A3, 0x10A3,
  0x10C3, 0x10A3, 0x73CF, 0xEFDF, 0x94F4, 0x10A3, 0x10A3, 0x10A3, 0x10A3, 0x10A3, 0x10A3, 0x10A3,
  0x2145, 0xCE9B, 0xDF1D, 0x39E8, 0x10A3, 0x10A3, 0x10A3, 0x10A3, 0x10A3, 0x10A3, 0x10A3, 0x10A3,
  0x10A3, 0x10A3, 0x10A3, 0x10A3, 0x10A3, 0x10A3, 0x10A3, 0x10A3, 0x10A3, 0x10A3, 0x10A3, 0x10A3,
  0x10A3, 0x10A3, 0x10A3, 0x10A3, 0x10A3, 0x10A3, 0x10A3, 0x10A3, 0x10A3, 0x10A3, 0x10A3, 0x10A3,
  0x10A3, 0x10A3, 0x10A3, 0x10A3, 0x10A3, 0x10A3, 0x10A3, 0x10A3, 0x10A3, 0x10A3, 0x10A3, 0x10A3,
  0x10A3, 0x10A3, 0x10A3, 0x10A3, 0x10A3, 0x10A3, 0x10A3, 0x10A3, 0x10A3, 0x10A3, 0x10A3, 0x10A3,
  0x10A3, 0x10A3, 0x10A3, 0x10A3, 0x10A3, 0x10A3, 0x10A3, 0x10A3, 0x10A3, 0x10A3, 0x10A3, 0x10A3,
  0x10A3, 0x10A3, 0x10A3, 0x10A3, 0x10A3, 0x10A3, 0x10A3, 0x10A3, 0x10A3, 0x10A3, 0x10A3, 0x10A3,
  0x10A3, 0x10A3, 0x10A3, 0x10A3, 0x10A3, 0x10A3, 0x10A3, 0x10A3, 0x10A3, 0x10A3, 0x10A3, 0x10A3,
  0x10A3, 0x10A3, 0x10A3, 0x10A3, 0x10A3, 0x10A3, 0x10A3, 0x10A3, 0x10A3, 0x10A3, 0x10A3, 0x10A3,
  0x10A3, 0x10A3, 0x10A3, 0x10A3, 0x10A3, 0x10A3, 0x10A3, 0x10A3, 0x10A3, 0x10A3, 0x10A3, 0x10A3,
  0x10A3, 0x10A3, 0x10C3, 0x10C3, 0x10C3, 0x10C3, 0x10C3, 0x10C3, 0x10C3, 0x10C3, 0x10C3, 0x10C3,
  0x10C3, 0x10C3, 0x10C3, 0x10C3, 0x10A3, 0x10A3, 0x10C3, 0x10A3, 0x73AF, 0xEFBF, 0x94F4, 0x10A3,
  0x10A3, 0x10A3, 0x10A3, 0x10A3, 0x10A3, 0x10A3, 0x2145, 0xC67B, 0xD6FD, 0x31E8, 0x10A3, 0x10A3,
  0x10A3, 0x10C3, 0x10C3, 0x10C3, 0x10C3, 0x10C3, 0x10C3, 0x10C3, 0x10C3, 0x10C3, 0x10C3, 0x10C3,
  0x10C3, 0x10C3, 0x10C3, 0x10A3, 0x10A3, 0x10A3, 0x10A3, 0x10A3, 0x10A3, 0x10A3, 0x10A3, 0x10A3,
  0x10A3, 0x10A3, 0x10A3, 0x10A3, 0x10A3, 0x10A3, 0x10A3, 0x10A3, 0x10A3, 0x10A3, 0x10A3, 0x10A3,
  0x10A3, 0x10A3, 0x10A3, 0x10A3, 0x10A3, 0x10A3, 0x10A3, 0x10A3, 0x10A3, 0x10A3, 0x10A3, 0x10A3,
  0x10A3, 0x10A3, 0x10A3, 0x10A3, 0x10A3, 0x10A3, 0x10A3, 0x10A3, 0x10A3, 0x10A3, 0x10A3, 0x10A3,
  0x10A3, 0x10A3, 0x10A3, 0x10A3, 0x10A3, 0x10A3, 0x10A3, 0x10A3, 0x10A3, 0x10A3, 0x10A3, 0x10A3,
  0x10A3, 0x10A3, 0x10A3, 0x10A3, 0x10A3, 0x10A3, 0x10A3, 0x10A3, 0x10A3, 0x10A3, 0x10A3, 0x10A3,
  0x10A3, 0x10A3, 0x10A3, 0x10A3, 0x10A3, 0x10A3, 0x10A3, 0x10A3, 0x10A3, 0x10A3, 0x10A3, 0x10A3,
  0x10A3, 0x10A3, 0x10A3, 0x10A3, 0x10A3, 0x10A3, 0x10A3, 0x10A3, 0x10A3, 0x10A3, 0x10A3, 0x10A3,
  0x10A3, 0x10A3, 0x10A3, 0x10A3, 0x10A3, 0x10A3, 0x10A3, 0x10A3, 0x10A3, 0x10A3, 0x10A3, 0x10A3,
  0x10A3, 0x10A3, 0x10A3, 0x10A3, 0x10A3, 0x10A3, 0x10A3, 0x10A3, 0x10A3, 0x10A3, 0x10A3, 0x10A3,
  0x10C3, 0x10A3, 0x6BAF, 0xE79F, 0x94D4, 0x10A3, 0x10A3, 0x10A3, 0x10A3, 0x10A3, 0x10A3, 0x10A3,
  0x2145, 0xC67A, 0xD6FD, 0x31E8, 0x10A3, 0x10A3, 0x10A3, 0x10A3, 0x10A3, 0x10A3, 0x10A3, 0x10A3,
  0x10A3, 0x10A3, 0x10A3, 0x10A3, 0x10A3, 0x10A3, 0x10A3, 0x10A3, 0x10A3, 0x10A3, 0x10A3, 0x10A3,
  0x10A3, 0x10A3, 0x10A3, 0x10A3, 0x10A3, 0x10A3, 0x10A3, 0x10A3, 0x10A3, 0x10A3, 0x10A3, 0x10A3,
  0x10A3, 0x10A3, 0x10A3, 0x10A3, 0x10A3, 0x10A3, 0x10A3, 0x10A3, 0x10A3, 0x10A3, 0x10A3, 0x10A3,
  0x10A3, 0x10A3, 0x10A3, 0x10A3, 0x10A3, 0x10A3, 0x10A3, 0x10A3, 0x10A3, 0x10A3, 0x10A3, 0x10A3,
  0x10A3, 0x10A3, 0x10A3, 0x10A3, 0x10A3, 0x10A3, 0x10A3, 0x10A3, 0x10A3, 0x10A3, 0x10A3, 0x10A3,
  0x10A3, 0x10A3, 0x10A3, 0x10A3, 0x10A3, 0x10A3, 0x10A3, 0x10A3, 0x10A3, 0x10A3, 0x10A3, 0x10A3,
  0x10A3, 0x10A3, 0x10A3, 0x10A3, 0x10A3, 0x10A3, 0x10A3, 0x10A3, 0x10A3, 0x10A3, 0x10A3, 0x10A3,
  0x10A3, 0x10A3, 0x10A3, 0x10A3, 0x10A3, 0x10A3, 0x10A3, 0x10A3, 0x10A3, 0x10A3, 0x10A3, 0x10A3,
  0x10A3, 0x10A3, 0x10A3, 0x10A3, 0x10A3, 0x10A3, 0x10A3, 0x10A3, 0x10A3, 0x10A3, 0x10A3, 0x10A3,
  0x10A3, 0x10A3, 0x10A3, 0x10A3, 0x10A3, 0x10A3, 0x10A3, 0x10A3, 0x10A3, 0x10A3, 0x10A3, 0x10A3,
  0x10A3, 0x10A3, 0x10A3, 0x10A3, 0x10A3, 0x10A3, 0x10C3, 0x10A3, 0x6BAF, 0xDF7F, 0x8CD4, 0x10A3,
  0x10A3, 0x10A3, 0x10A3, 0x10A3, 0x10A3, 0x10A3, 0x2125, 0xBE5A, 0xCEDD, 0x31E8, 0x10A3, 0x10A3,
  0x10A3, 0x10A3, 0x10A3, 0x10A3, 0x10A3, 0x10A3, 0x10A3, 0x10A3, 0x10A3, 0x10A3, 0x10A3, 0x10A3,
  0x10A3, 0x10A3, 0x10A3, 0x10A3, 0x10A3, 0x10A3, 0x10A3, 0x10A3, 0x10A3, 0x10A3, 0x10A3, 0x10A3,
  0x10A3, 0x10A3, 0x10A3, 0x10A3, 0x10A3, 0x10A3, 0x10A3, 0x10A3, 0x10A3, 0x10A3, 0x10A3, 0x10A3,
  0x10A3, 0x10A3, 0x10A3, 0x10A3, 0x10A3, 0x10A3, 0x10A3, 0x10A3, 0x10A3, 0x10A3, 0x10A3, 0x10A3,
  0x10A3, 0x10A3, 0x10A3, 0x10A3, 0x10A3, 0x10A3, 0x10A3, 0x10A3, 0x10A3, 0x10A3, 0x10A3, 0x10A3,
  0x10A3, 0x10A3, 0x10A3, 0x10A3, 0x10A3, 0x10A3, 0x10A3, 0x10A3, 0x10A3, 0x10A3, 0x10A3, 0x10A3,
  0x10A3, 0x10A3, 0x10A3, 0x10A3, 0x10A3, 0x10A3, 0x10A3, 0x10A3, 0x10A3, 0x10A3, 0x10A3, 0x10A3,
  0x10A3, 0x10A3, 0x10A3, 0x10A3, 0x10A3, 0x10A3, 0x10A3, 0x10A3, 0x10A3, 0x10A3, 0x10A3, 0x10A3,
  0x10A3, 0x10A3, 0x10A3, 0x10A3, 0x10A3, 0x10A3, 0x10A3, 0x10A3, 0x10A3, 0x10A3, 0x10A3, 0x10A3,
  0x10A3, 0x10A3, 0x10A3, 0x10A3, 0x10A3, 0x10A3, 0x10A3, 0x10A3, 0x10A3, 0x10A3, 0x10A3, 0x10A3,
  0x10A3, 0x10A3, 0x10A3, 0x10A3, 0x10A3, 0x10A3, 0x10A3, 0x10A3, 0x10A3, 0x10A3, 0x10A3, 0x10A3,
  0x10C3, 0x10A3, 0x6B8F, 0xDF5F, 0x8CB4, 0x10A3, 0x10A3, 0x10A3, 0x10A3, 0x10A3, 0x10A3, 0x10A3,
  0x2125, 0xB63A, 0xC6BC, 0x31C8, 0x10A3, 0x10A3, 0x10A3, 0x10A3, 0x10A3, 0x10A3, 0x10A3, 0x10A3,
  0x10A3, 0x10A3, 0x10A3, 0x10A3, 0x10A3, 0x10A3, 0x10A3, 0x10A3, 0x10A3, 0x10A3, 0x10A3, 0x10A3,
  0x10A3, 0x10A3, 0x10A3, 0x10A3, 0x10A3, 0x10A3, 0x10A3, 0x10A3, 0x10A3, 0x10A3, 0x10A3, 0x10A3,
  0x10A3, 0x10A3, 0x10A3, 0x10A3, 0x10A3, 0x10A3, 0x10A3, 0x10A3, 0x10A3, 0x10A3, 0x10A3, 0x10A3,
  0x10A3, 0x10A3, 0x10A3, 0x10A3, 0x10A3, 0x10A3, 0x10A3, 0x10A3, 0x10A3, 0x10A3, 0x10A3, 0x10A3,
  0x10A3, 0x10A3, 0x10A3, 0x10A3, 0x10A3, 0x10A3, 0x10A3, 0x10A3, 0x10A3, 0x10A3, 0x10A3, 0x10A3,
  0x10A3, 0x10A3, 0x10A3, 0x10A3, 0x10A3, 0x10A3, 0x10A3, 0x10A3, 0x10A3, 0x10A3, 0x10A3, 0x10A3,
  0x10A3, 0x10A3, 0x10A3, 0x10A3, 0x10A3, 0x10A3, 0x10A3, 0x10A3, 0x10A3, 0x10A3, 0x10A3, 0x10A3,
  0x10A3, 0x10A3, 0x10A3, 0x10A3, 0x10A3, 0x10A3, 0x10A3, 0x10A3, 0x10A3, 0x10A3, 0x10A3, 0x10A3,
  0x10A3, 0x10A3, 0x10A3, 0x10A3, 0x10A3, 0x10A3, 0x10A3, 0x10A3, 0x10A3, 0x10A3, 0x10A3, 0x10A3,
  0x10A3, 0x10A3, 0x10A3, 0x10A3, 0x10A3, 0x10A3, 0x10A3, 0x10A3, 0x10A3, 0x10A3, 0x10A3, 0x10A3,
  0x10A3, 0x10A3, 0x10A3, 0x10A3, 0x10A3, 0x10A3, 0x10C3, 0x10A3, 0x638F, 0xD73F, 0x84B4, 0x10A3,
  0x10A3, 0x10A3, 0x10A3, 0x10A3, 0x10A3, 0x10A3, 0x2125, 0xB61A, 0xC69C, 0x31C8, 0x10A3, 0x10A3,
  0x10A3, 0x10A3, 0x10A3, 0x10A3, 0x10A3, 0x10A3, 0x10A3, 0x10A3, 0x10A3, 0x10A3, 0x10A3, 0x10A3,
  0x10A3, 0x10A3, 0x10A3, 0x10A3, 0x10A3, 0x10A3, 0x10A3, 0x10A3, 0x10A3, 0x10A3, 0x10A3, 0x10A3,
  0x10A3, 0x10A3, 0x10A3, 0x10A3, 0x10A3, 0x10A3, 0x10A3, 0x10A3, 0x10A3, 0x10A3, 0x10A3, 0x10A3,
  0x10A3, 0x10A3, 0x10A3, 0x10A3, 0x10A3, 0x10A3, 0x10A3, 0x10A3, 0x10A3, 0x10A3, 0x10A3, 0x10A3,
  0x10A3, 0x10A3, 0x10A3, 0x10A3, 0x10A3, 0x10A3, 0x10A3, 0x10A3, 0x10A3, 0x10A3, 0x10A3, 0x10A3,
  0x10A3, 0x10A3, 0x10A3, 0x10A3, 0x10A3, 0x10A3, 0x10A3, 0x10A3, 0x10A3, 0x10A3, 0x10A3, 0x10A3,
  0x10A3, 0x10A3, 0x10A3, 0x10A3, 0x10A3, 0x10A3, 0x10A3, 0x10A3, 0x10A3, 0x10A3, 0x10A3, 0x10A3,
  0x10A3, 0x10A3, 0x10A3, 0x10A3, 0x10A3, 0x10A3, 0x10A3, 0x10A3, 0x10A3, 0x10A3, 0x10A3, 0x10A3,
  0x10A3, 0x10A3, 0x10A3, 0x10A3, 0x10A3, 0x10A3, 0x10A3, 0x10A3, 0x10A3, 0x10A3, 0x10A3, 0x10A3,
  0x10A3, 0x10A3, 0x10A3, 0x10A3, 0x10A3, 0x10A3, 0x10A3, 0x10A3, 0x10A3, 0x10A3, 0x10A3, 0x10A3,
  0x10A3, 0x10A3, 0x10A3, 0x10A3, 0x10A3, 0x10A3, 0x10A3, 0x10C3, 0x10C3, 0x10C3, 0x10C3, 0x10C3,
  0x10C3, 0x10A3, 0x638F, 0xCF3F, 0x8494, 0x10A3, 0x10A3, 0x10A3, 0x10A3, 0x10A3, 0x10A3, 0x10A3,
  0x2125, 0xAE1A, 0xBE9C, 0x31C8, 0x10A3, 0x10C3, 0x10C3, 0x10C3, 0x10C3, 0x10C3, 0x10C3, 0x10A3,
  0x10A3, 0x10A3, 0x10A3, 0x10A3, 0x10A3, 0x10A3, 0x10A3, 0x10A3, 0x10A3, 0x10A3, 0x10A3, 0x10A3,
  0x10A3, 0x10A3, 0x10A3, 0x10A3, 0x10A3, 0x10A3, 0x10A3, 0x10A3, 0x10A3, 0x10A3, 0x10A3, 0x10A3,
  0x10A3, 0x10A3, 0x10A3, 0x10A3, 0x10A3, 0x10A3, 0x10A3, 0x10A3, 0x10A3, 0x10A3, 0x10A3, 0x10A3,
  0x10A3, 0x10A3, 0x10A3, 0x10A3, 0x10A3, 0x10A3, 0x10A3, 0x10A3, 0x10A3, 0x10A3, 0x10A3, 0x10A3,
  0x10A3, 0x10A3, 0x10A3, 0x10A3, 0x10A3, 0x10A3, 0x10A3, 0x10A3, 0x10A3, 0x10A3, 0x10A3, 0x10A3,
  0x10A3, 0x10A3, 0x10A3, 0x10A3, 0x10A3, 0x10A3, 0x10A3, 0x10A3, 0x10A3, 0x10A3, 0x10A3, 0x10A3,
  0x10A3, 0x10A3, 0x10A3, 0x10A3, 0x10A3, 0x10A3, 0x10A3, 0x10A3, 0x10A3, 0x10A3, 0x10A3, 0x10A3,
  0x10A3, 0x10A3, 0x10A3, 0x10A3, 0x10A3, 0x10A3, 0x10A3, 0x10A3, 0x10A3, 0x10A3, 0x10A3, 0x10A3,
  0x10A3, 0x10A3, 0x10A3, 0x10A3, 0x10A3, 0x10A3, 0x10A3, 0x10A3, 0x10A3, 0x10A3, 0x10A3, 0x10A3,
  0x10A3, 0x10A3, 0x10A3, 0x10A3, 0x10A3, 0x10A3, 0x10A3, 0x10A3, 0x10A3, 0x530D, 0xA5B9, 0x8CF6,
  0x2145, 0x10A3, 0x10A3, 0x10A3, 0x10A3, 0x10A3, 0x10C3, 0x10A3, 0x636F, 0xCF1F, 0x8494, 0x10A3,
  0x10A3, 0x10A3, 0x10A3, 0x10A3, 0x10A3, 0x10A3, 0x1925, 0xADFA, 0xB67C, 0x31C8, 0x10A3, 0x10A3,
  0x10A3, 0x10A3, 0x10A3, 0x10A3, 0x10A3, 0x3A2A, 0x9558, 0x8CF6, 0x2987, 0x10A3, 0x10A3, 0x10A3,
  0x10A3, 0x10A3, 0x10A3, 0x10A3, 0x10A3, 0x10A3, 0x10A3, 0x10A3, 0x10A3, 0x10A3, 0x10A3, 0x10A3,
  0x10A3, 0x10A3, 0x10A3, 0x10A3, 0x10A3, 0x10A3, 0x10A3, 0x10A3, 0x10A3, 0x10A3, 0x10A3, 0x10A3,
  0x10A3, 0x10A3, 0x10A3, 0x10A3, 0x10A3, 0x10A3, 0x10A3, 0x10A3, 0x10A3, 0x10A3, 0x10A3, 0x10A3,
  0x10A3, 0x10A3, 0x10A3, 0x10A3, 0x10A3, 0x10A3, 0x10A3, 0x10A3, 0x10A3, 0x10A3, 0x10A3, 0x10A3,
  0x10A3, 0x10A3, 0x10A3, 0x10A3, 0x10A3, 0x10A3, 0x10A3, 0x10A3, 0x10A3, 0x10A3, 0x10A3, 0x10A3,
  0x10A3, 0x10A3, 0x10A3, 0x10A3, 0x10A3, 0x10A3, 0x10A3, 0x10A3, 0x10A3, 0x10A3, 0x10A3, 0x10A3,
  0x10A3, 0x10A3, 0x10A3, 0x10A3, 0x10A3, 0x10A3, 0x10A3, 0x10A3, 0x10A3, 0x10A3, 0x10A3, 0x10A3,
  0x10A3, 0x10A3, 0x10A3, 0x10A3, 0x10A3, 0x10A3, 0x10A3, 0x10A3, 0x10A3, 0x10A3, 0x10A3, 0x10A3,
  0x10A3, 0x10A3, 0x10A3, 0x10A3, 0x10A3, 0x10A3, 0x10A3, 0x10A3, 0x10A3, 0x10A3, 0x10A3, 0x10A3,
  0x10A3, 0x10A3, 0x31C8, 0xA5FB, 0x3A4A, 0x7432, 0x9578, 0x5B6F, 0x6390, 0x5B6F, 0x5B6F, 0x4ACC,
  0x10C3, 0x10A3, 0x5B6F, 0xC6FF, 0x7C74, 0x10A3, 0x10A3, 0x10A3, 0x10A3, 0x10A3, 0x10A3, 0x10A3,
  0x1925, 0xA5FA, 0xB67C, 0x31C8, 0x10A3, 0x1925, 0x4AED, 0x530D, 0x530D, 0x530D, 0x532E, 0xA5DA,
  0x530D, 0x6BF1, 0x9537, 0x10A3, 0x10A3, 0x10A3, 0x10A3, 0x10A3, 0x10A3, 0x10A3, 0x10A3, 0x10A3,
  0x10A3, 0x10A3, 0x10A3, 0x10A3, 0x10A3, 0x10A3, 0x10A3, 0x10A3, 0x10A3, 0x10A3, 0x10A3, 0x10A3,
  0x10A3, 0x10A3, 0x10A3, 0x10A3, 0x10A3, 0x10A3, 0x10A3, 0x10A3, 0x10A3, 0x10A3, 0x10A3, 0x10A3,
  0x10A3, 0x10A3, 0x10A3, 0x10A3, 0x10A3, 0x10A3, 0x10A3, 0x10A3, 0x10A3, 0x10A3, 0x10A3, 0x10A3,
  0x10A3, 0x10A3, 0x10A3, 0x10A3, 0x10A3, 0x10A3, 0x10A3, 0x10A3, 0x10A3, 0x10A3, 0x10A3, 0x10A3,
  0x10A3, 0x10A3, 0x10A3, 0x10A3, 0x10A3, 0x10A3, 0x10A3, 0x10A3, 0x10A3, 0x10A3, 0x10A3, 0x10A3,
  0x10A3, 0x10A3, 0x10A3, 0x10A3, 0x10A3, 0x10A3, 0x10A3, 0x10A3, 0x10A3, 0x10A3, 0x10A3, 0x10A3,
  0x10A3, 0x10A3, 0x10A3, 0x10A3, 0x10A3, 0x10A3, 0x10A3, 0x10A3, 0x10A3, 0x10A3, 0x10A3, 0x10A3,
  0x10A3, 0x10A3, 0x10A3, 0x10A3, 0x10A3, 0x10A3, 0x10A3, 0x10A3, 0x10A3, 0x10A3, 0x10A3, 0x10A3,
  0x10A3, 0x10A3, 0x10A3, 0x10A3, 0x10A3, 0x10A3, 0x10A3, 0x10A3, 0x3A4A, 0x9DBA, 0x10A3, 0x42AC,
  0xAE5D, 0x8D37, 0x9537, 0x8D37, 0xA5FB, 0x9D99, 0x10C3, 0x10A3, 0x5B6F, 0xBEFF, 0x7C74, 0x10A3,
  0x10A3, 0x10A3, 0x10A3, 0x10A3, 0x10A3, 0x10A3, 0x1925, 0xA5DA, 0xAE5D, 0x31E8, 0x10A3, 0x3209,
  0xB6BE, 0x9D99, 0x9579, 0x9579, 0x9DB9, 0xA5FB, 0x10A3, 0x29A7, 0x9DDA, 0x10C3, 0x10A3, 0x10A3,
  0x10A3, 0x10A3, 0x10A3, 0x10A3, 0x10A3, 0x10A3, 0x10A3, 0x10A3, 0x10A3, 0x10A3, 0x10A3, 0x10A3,
  0x10A3, 0x10A3, 0x10A3, 0x10A3, 0x10A3, 0x10A3, 0x10A3, 0x10A3, 0x10A3, 0x10A3, 0x10A3, 0x10A3,
  0x10A3, 0x10A3, 0x10A3, 0x10A3, 0x10A3, 0x10A3, 0x10A3, 0x10A3, 0x10A3, 0x10A3, 0x10A3, 0x10A3,
  0x10A3, 0x10A3, 0x10A3, 0x10A3, 0x10A3, 0x10A3, 0x10A3, 0x10A3, 0x10A3, 0x10A3, 0x10A3, 0x10A3,
  0x10A3, 0x10A3, 0x10A3, 0x10A3, 0x10A3, 0x10A3, 0x10A3, 0x10A3, 0x10A3, 0x10A3, 0x10A3, 0x10A3,
  0x10A3, 0x10A3, 0x10A3, 0x10A3, 0x10A3, 0x10A3, 0x10A3, 0x10A3, 0x10A3, 0x10A3, 0x10A3, 0x10A3,
  0x10A3, 0x10A3, 0x10A3, 0x10A3, 0x10A3, 0x10A3, 0x10A3, 0x10A3, 0x10A3, 0x10A3, 0x10A3, 0x10A3,
  0x10A3, 0x10A3, 0x10A3, 0x10A3, 0x10A3, 0x10A3, 0x10A3, 0x10A3, 0x10A3, 0x10A3, 0x10A3, 0x10A3,
  0x10A3, 0x10A3, 0x10A3, 0x10A3, 0x10A3, 0x10A3, 0x10A3, 0x10A3, 0x10A3, 0x10A3, 0x10A3, 0x10A3,
  0x10A3, 0x10A3, 0x10C3, 0x7474, 0x9DDB, 0x9DDB, 0x3A4A, 0x10A3, 0x10A3, 0x10A3, 0x42AC, 0x8D58,
  0x10A3, 0x10A3, 0x532F, 0xBEDF, 0x7474, 0x10A3, 0x10A3, 0x10A3, 0x10A3, 0x10A3, 0x10A3, 0x10A3,
  0x1925, 0x9DDA, 0xAE5D, 0x2187, 0x10A3, 0x2987, 0x9DDA, 0x1904, 0x10A3, 0x10A3, 0x10A3, 0x6C33,
  0x9DDA, 0x9DFB, 0x534F, 0x10A3, 0x10A3, 0x10A3, 0x10A3, 0x10A3, 0x10A3, 0x10A3, 0x10A3, 0x10A3,
  0x10A3, 0x10A3, 0x10A3, 0x10A3, 0x10A3, 0x10A3, 0x10A3, 0x10A3, 0x10A3, 0x10A3, 0x10A3, 0x10A3,
  0x10A3, 0x10A3, 0x10A3, 0x10A3, 0x10A3, 0x10A3, 0x10A3, 0x10A3, 0x10A3, 0x10A3, 0x10A3, 0x10A3,
  0x10A3, 0x10A3, 0x10A3, 0x10A3, 0x10A3, 0x10A3, 0x10A3, 0x10A3, 0x10A3, 0x10A3, 0x10A3, 0x10A3,
  0x10A3, 0x10A3, 0x10A3, 0x10A3, 0x10A3, 0x10A3, 0x10A3, 0x10A3, 0x10A3, 0x10A3, 0x10A3, 0x10A3,
  0x10A3, 0x10A3, 0x10A3, 0x10A3, 0x10A3, 0x10A3, 0x10A3, 0x10A3, 0x10A3, 0x10A3, 0x10A3, 0x10A3,
  0x10A3, 0x10A3, 0x10A3, 0x10A3, 0x10A3, 0x10A3, 0x10A3, 0x10A3, 0x10A3, 0x10A3, 0x10A3, 0x10A3,
  0x10A3, 0x10A3, 0x10A3, 0x10A3, 0x10A3, 0x10A3, 0x10A3, 0x10A3, 0x10A3, 0x10A3, 0x10A3, 0x10A3,
  0x10A3, 0x10A3, 0x10A3, 0x10A3, 0x10A3, 0x10A3, 0x10A3, 0x10A3, 0x10A3, 0x10A3, 0x10A3, 0x10A3,
  0x10A3, 0x10A3, 0x10A3, 0x10A3, 0x10A3, 0x10A3, 0x10A3, 0x10A3, 0x10A3, 0x10A3, 0x31C8, 0x1945,
  0x10A3, 0x10A3, 0x10C3, 0x10A3, 0x4AED, 0xAE9E, 0x7CD6, 0x84F7, 0x8D79, 0xAE7E, 0x7474, 0x10A3,
  0x10A3, 0x10A3, 0x10A3, 0x10A3, 0x10A3, 0x10A3, 0x1925, 0x95DA, 0xA61C, 0x7CF6, 0x7495, 0x8517,
  0xA63D, 0x1925, 0x10A3, 0x10A3, 0x10A3, 0x10A3, 0x3209, 0x29C8, 0x10A3, 0x10A3, 0x10A3, 0x10A3,
  0x10A3, 0x10A3, 0x10A3, 0x10A3, 0x10A3, 0x10A3, 0x10A3, 0x10A3, 0x10A3, 0x10A3, 0x10A3, 0x10A3,
  0x10A3, 0x10A3, 0x10A3, 0x10A3, 0x10A3, 0x10A3, 0x10A3, 0x10A3, 0x10A3, 0x10A3, 0x10A3, 0x10A3,
  0x10A3, 0x10A3, 0x10A3, 0x10A3, 0x10A3, 0x10A3, 0x10A3, 0x10A3, 0x10A3, 0x10A3, 0x10A3, 0x10A3,
  0x10A3, 0x10A3, 0x10A3, 0x10A3, 0x10A3, 0x10A3, 0x10A3, 0x10A3, 0x10A3, 0x10A3, 0x10A3, 0x10A3,
  0x10A3, 0x10A3, 0x10A3, 0x10A3, 0x10A3, 0x10A3, 0x10A3, 0x10A3, 0x10A3, 0x10A3, 0x10A3, 0x10A3,
  0x10A3, 0x10A3, 0x10A3, 0x10A3, 0x10A3, 0x10A3, 0x10A3, 0x10A3, 0x10A3, 0x10A3, 0x10A3, 0x10A3,
  0x10A3, 0x10A3, 0x10A3, 0x10A3, 0x10A3, 0x10A3, 0x10A3, 0x10A3, 0x10A3, 0x10A3, 0x10A3, 0x10A3,
  0x10A3, 0x10A3, 0x10A3, 0x10A3, 0x10A3, 0x10A3, 0x10A3, 0x10A3, 0x10A3, 0x10A3, 0x10A3, 0x10A3,
  0x10A3, 0x10A3, 0x10A3, 0x10A3, 0x10A3, 0x10A3, 0x10A3, 0x10A3, 0x10A3, 0x10A3, 0x10A3, 0x10A3,
  0x10A3, 0x10A3, 0x10A3, 0x10A3, 0x10A3, 0x10A3, 0x10A3, 0x10C3, 0x10C3, 0x10C3, 0x29C8, 0x5B91,
  0x5B90, 0x5B90, 0x7CD6, 0xA69E, 0x7474, 0x10A3, 0x10A3, 0x10A3, 0x10A3, 0x10A3, 0x10A3, 0x10A3,
  0x1925, 0x95BB, 0x9E1C, 0x7454, 0x63F2, 0x6412, 0x5B91, 0x1904, 0x10C3, 0x10C3, 0x10C3, 0x10A3,
  0x10A3, 0x10A3, 0x10A3, 0x10A3, 0x10A3, 0x10A3, 0x10A3, 0x10A3, 0x10A3, 0x10A3, 0x10A3, 0x10A3,
  0x10A3, 0x10A3, 0x10A3, 0x10A3, 0x10A3, 0x10A3, 0x10A3, 0x10A3, 0x10A3, 0x10A3, 0x10A3, 0x10A3,
  0x10A3, 0x10A3, 0x10A3, 0x10A3, 0x10A3, 0x10A3, 0x10A3, 0x10A3, 0x10A3, 0x10A3, 0x10A3, 0x10A3,
  0x10A3, 0x10A3, 0x10A3, 0x10A3, 0x10A3, 0x10A3, 0x10A3, 0x10A3, 0x10A3, 0x10A3, 0x10A3, 0x10A3,
  0x10A3, 0x10A3, 0x10A3, 0x10A3, 0x10A3, 0x10A3, 0x10A3, 0x10A3, 0x10A3, 0x10A3, 0x10A3, 0x10A3,
  0x10A3, 0x10A3, 0x10A3, 0x10A3, 0x10A3, 0x10A3, 0x10A3, 0x10A3, 0x10A3, 0x10A3, 0x10A3, 0x10A3,
  0x10A3, 0x10A3, 0x10A3, 0x10A3, 0x10A3, 0x10A3, 0x10A3, 0x10A3, 0x10A3, 0x10A3, 0x10A3, 0x10A3,
  0x10A3, 0x10A3, 0x10A3, 0x10A3, 0x10A3, 0x10A3, 0x10A3, 0x10A3, 0x10A3, 0x10A3, 0x10A3, 0x10A3,
  0x10A3, 0x10A3, 0x10A3, 0x10A3, 0x10A3, 0x10A3, 0x10A3, 0x10A3, 0x10A3, 0x10A3, 0x10A3, 0x10A3,
  0x10A3, 0x10A3, 0x10A3, 0x10A3, 0x10A3, 0x10A3, 0x10A3, 0x10A3, 0x10A3, 0x4B2F, 0x8DBB, 0x7CF7,
  0x2146, 0x10A3, 0x10A3, 0x10A3, 0x10A3, 0x10A3, 0x10A3, 0x10A3, 0x4B0E, 0xAEDF, 0x6C54, 0x10A3,
  0x10A3, 0x10A3, 0x10A3, 0x10A3, 0x10A3, 0x10A3, 0x1925, 0x8DBB, 0x9E3D, 0x2146, 0x10A3, 0x10A3,
  0x10A3, 0x10A3, 0x10A3, 0x10A3, 0x10A3, 0x3A4B, 0x8579, 0x7D18, 0x29A8, 0x10A3, 0x10A3, 0x10A3,
  0x10A3, 0x10A3, 0x10A3, 0x10A3, 0x10A3, 0x10A3, 0x10A3, 0x10A3, 0x10A3, 0x10A3, 0x10A3, 0x10A3,
  0x10A3, 0x10A3, 0x10A3, 0x10A3, 0x10A3, 0x10A3, 0x10A3, 0x10A3, 0x10A3, 0x10A3, 0x10A3, 0x10A3,
  0x10A3, 0x10A3, 0x10A3, 0x10A3, 0x10A3, 0x10A3, 0x10A3, 0x10A3, 0x10A3, 0x10A3, 0x10A3, 0x10A3,
  0x10A3, 0x10A3, 0x10A3, 0x10A3, 0x10A3, 0x10A3, 0x10A3, 0x10A3, 0x10A3, 0x10A3, 0x10A3, 0x10A3,
  0x10A3, 0x10A3, 0x10A3, 0x10A3, 0x10A3, 0x10A3, 0x10A3, 0x10A3, 0x10A3, 0x10A3, 0x10A3, 0x10A3,
  0x10A3, 0x10A3, 0x10A3, 0x10A3, 0x10A3, 0x10A3, 0x10A3, 0x10A3, 0x10A3, 0x10A3, 0x10A3, 0x10A3,
  0x10A3, 0x10A3, 0x10A3, 0x10A3, 0x10A3, 0x10A3, 0x10A3, 0x10A3, 0x10A3, 0x10A3, 0x10A3, 0x10A3,
  0x10A3, 0x10A3, 0x10A3, 0x10A3, 0x10A3, 0x10A3, 0x10A3, 0x10A3, 0x10A3, 0x10A3, 0x10A3, 0x10A3,
  0x10A3, 0x10A3, 0x10A3, 0x10A3, 0x10A3, 0x10A3, 0x10A3, 0x10A3, 0x10A3, 0x10A3, 0x10A3, 0x10A3,
  0x10A3, 0x10A3, 0x29E9, 0x8DBB, 0x29E9, 0x5BD2, 0x8559, 0x5391, 0x5BB1, 0x5391, 0x5BB1, 0x4AEE,
  0x10C3, 0x10C3, 0x5350, 0xA6BF, 0x6C54, 0x10A3, 0x10A3, 0x10A3, 0x10A3, 0x10A3, 0x10A3, 0x10A3,
  0x1925, 0x8DBB, 0x961D, 0x29C8, 0x10C3, 0x1946, 0x4B2F, 0x4B2F, 0x4B4F, 0x4B2F, 0x5350, 0x8DBB,
  0x3A8C, 0x5370, 0x7D38, 0x10C3, 0x10A3, 0x10A3, 0x10A3, 0x10A3, 0x10A3, 0x10A3, 0x10A3, 0x10A3,
  0x10A3, 0x10A3, 0x10A3, 0x10A3, 0x10A3, 0x10A3, 0x10A3, 0x10A3, 0x10A3, 0x10A3, 0x10A3, 0x10A3,
  0x10A3, 0x10A3, 0x10A3, 0x10A3, 0x10A3, 0x10A3, 0x10A3, 0x10A3, 0x10A3, 0x10A3, 0x10A3, 0x10A3,
  0x10A3, 0x10A3, 0x10A3, 0x10A3, 0x10A3, 0x10A3, 0x10A3, 0x10A3, 0x10A3, 0x10A3, 0x10A3, 0x10A3,
  0x10A3, 0x10A3, 0x10A3, 0x10A3, 0x10A3, 0x10A3, 0x10A3, 0x10A3, 0x10A3, 0x10A3, 0x10A3, 0x10A3,
  0x10A3, 0x10A3, 0x10A3, 0x10A3, 0x10A3, 0x10A3, 0x10A3, 0x10A3, 0x10A3, 0x10A3, 0x10A3, 0x10A3,
  0x10A3, 0x10A3, 0x10A3, 0x10A3, 0x10A3, 0x10A3, 0x10A3, 0x10A3, 0x10A3, 0x10A3, 0x10A3, 0x10A3,
  0x10A3, 0x10A3, 0x10A3, 0x10A3, 0x10A3, 0x10A3, 0x10A3, 0x10A3, 0x10A3, 0x10A3, 0x10A3, 0x10A3,
  0x10A3, 0x10A3, 0x10A3, 0x10A3, 0x10A3, 0x10A3, 0x10A3, 0x10A3, 0x10A3, 0x10A3, 0x10A3, 0x10A3,
  0x10A3, 0x10A3, 0x10A3, 0x10A3, 0x10A3, 0x10A3, 0x10A3, 0x10A3, 0x322A, 0x859B, 0x10C3, 0x42CD,
  0x8DFD, 0x74B6, 0x74D7, 0x74B6, 0x859B, 0x857A, 0x10A3, 0x10A3, 0x4B50, 0x9EBF, 0x6454, 0x10A3,
  0x10A3, 0x10A3, 0x10A3, 0x10A3, 0x10A3, 0x10A3, 0x1925, 0x85BB, 0x961D, 0x29C8, 0x10A3, 0x29E9,
  0x9E7F, 0x7D39, 0x7D18, 0x7D18, 0x7D59, 0x8DDC, 0x10A3, 0x29C8, 0x859B, 0x10C3, 0x10A3, 0x10A3,
  0x10A3, 0x10A3, 0x10A3, 0x10A3, 0x10A3, 0x10A3, 0x10A3, 0x10A3, 0x10A3, 0x10A3, 0x10A3, 0x10A3,
  0x10A3, 0x10A3, 0x10A3, 0x10A3, 0x10A3, 0x10A3, 0x10A3, 0x10A3, 0x10A3, 0x10A3, 0x10A3, 0x10A3,
  0x10A3, 0x10A3, 0x10A3, 0x10A3, 0x10A3, 0x10A3, 0x10A3, 0x10A3, 0x10A3, 0x10A3, 0x10A3, 0x10A3,
  0x10A3, 0x10A3, 0x10A3, 0x10A3, 0x10A3, 0x10A3, 0x10A3, 0x10A3, 0x10A3, 0x10A3, 0x10A3, 0x10A3,
  0x10A3, 0x10A3, 0x10A3, 0x10A3, 0x10A3, 0x10A3, 0x10A3, 0x10A3, 0x10A3, 0x10A3, 0x10A3, 0x10A3,
  0x10A3, 0x10A3, 0x10A3, 0x10A3, 0x10A3, 0x10A3, 0x10A3, 0x10A3, 0x10A3, 0x10A3, 0x10A3, 0x10A3,
  0x10A3, 0x10A3, 0x10A3, 0x10A3, 0x10A3, 0x10A3, 0x10A3, 0x10A3, 0x10A3, 0x10A3, 0x10A3, 0x10A3,
  0x10A3, 0x10A3, 0x10A3, 0x10A3, 0x10A3, 0x10A3, 0x10A3, 0x10A3, 0x10A3, 0x10A3, 0x10A3, 0x10A3,
  0x10A3, 0x10A3, 0x10A3, 0x10A3, 0x10A3, 0x10A3, 0x10A3, 0x10A3, 0x10A3, 0x10A3, 0x10A3, 0x10A3,
  0x10A3, 0x10A3, 0x10C3, 0x5C34, 0x85BC, 0x859B, 0x2A09, 0x10A3, 0x10A3, 0x10A3, 0x3A8C, 0x7539,
  0x10A3, 0x10A3, 0x4B2F, 0x9EBF, 0x6454, 0x10A3, 0x10A3, 0x10A3, 0x10A3, 0x10A3, 0x10A3, 0x10A3,
  0x1925, 0x859B, 0x8E1D, 0x2187, 0x10A3, 0x2187, 0x859B, 0x10E4, 0x10A3, 0x10A3, 0x10A3, 0x53B2,
  0x85BC, 0x85BC, 0x42EE, 0x10A3, 0x10A3, 0x10A3, 0x10A3, 0x10A3, 0x10A3, 0x10A3, 0x10A3, 0x10A3,
  0x10A3, 0x10A3, 0x10A3, 0x10A3, 0x10A3, 0x10A3, 0x10A3, 0x10A3, 0x10A3, 0x10A3, 0x10A3, 0x10A3,
  0x10A3, 0x10A3, 0x10A3, 0x10A3, 0x10A3, 0x10A3, 0x10A3, 0x10A3, 0x10A3, 0x10A3, 0x10A3, 0x10A3,
  0x10A3, 0x10A3, 0x10A3, 0x10A3, 0x10A3, 0x10A3, 0x10A3, 0x10A3, 0x10A3, 0x10A3, 0x10A3, 0x10A3,
  0x10A3, 0x10A3, 0x10A3, 0x10A3, 0x10A3, 0x10A3, 0x10A3, 0x10A3, 0x10A3, 0x10A3, 0x10A3, 0x10A3,
  0x10A3, 0x10A3, 0x10A3, 0x10A3, 0x10A3, 0x10A3, 0x10A3, 0x10A3, 0x10A3, 0x10A3, 0x10A3, 0x10A3,
  0x10A3, 0x10A3, 0x10A3, 0x10A3, 0x10A3, 0x10A3, 0x10A3, 0x10A3, 0x10A3, 0x10A3, 0x10A3, 0x10A3,
  0x10A3, 0x10A3, 0x10A3, 0x10A3, 0x10A3, 0x10A3, 0x10A3, 0x10A3, 0x10A3, 0x10A3, 0x10A3, 0x10A3,
  0x10A3, 0x10A3, 0x10A3, 0x10A3, 0x10A3, 0x10A3, 0x10A3, 0x10A3, 0x10A3, 0x10A3, 0x10A3, 0x10A3,
  0x10A3, 0x10A3, 0x10A3, 0x10A3, 0x10A3, 0x10A3, 0x10A3, 0x10A3, 0x10A3, 0x10A3, 0x1946, 0x10E4,
  0x10A3, 0x10A3, 0x10C3, 0x10A3, 0x42EE, 0x8E7F, 0x6CF8, 0x6D18, 0x757A, 0x8E5E, 0x5C55, 0x10A3,
  0x10A3, 0x10A3, 0x10A3, 0x10A3, 0x10A3, 0x10A3, 0x1925, 0x7DBB, 0x85FD, 0x6CF8, 0x6CB7, 0x7539,
  0x861E, 0x1925, 0x10A3, 0x10A3, 0x10A3, 0x10A3, 0x2187, 0x2146, 0x10A3, 0x10A3, 0x10A3, 0x10A3,
  0x10A3, 0x10A3, 0x10A3, 0x10A3, 0x10A3, 0x10A3, 0x10A3, 0x10A3, 0x10A3, 0x10A3, 0x10A3, 0x10A3,
  0x10A3, 0x10A3, 0x10A3, 0x10A3, 0x10A3, 0x10A3, 0x10A3, 0x10A3, 0x10A3, 0x10A3, 0x10A3, 0x10A3,
  0x10A3, 0x10A3, 0x10A3, 0x10A3, 0x10A3, 0x10A3, 0x10A3, 0x10A3, 0x10A3, 0x10A3, 0x10A3, 0x10A3,
  0x10A3, 0x10A3, 0x10A3, 0x10A3, 0x10A3, 0x10A3, 0x10A3, 0x10A3, 0x10A3, 0x10A3, 0x10A3, 0x10A3,
  0x10A3, 0x10A3, 0x10A3, 0x10A3, 0x10A3, 0x10A3, 0x10A3, 0x10A3, 0x10A3, 0x10A3, 0x10A3, 0x10A3,
  0x10A3, 0x10A3, 0x10A3, 0x10A3, 0x10A3, 0x10A3, 0x10A3, 0x10A3, 0x10A3, 0x10A3, 0x10A3, 0x10A3,
  0x10A3, 0x10A3, 0x10A3, 0x10A3, 0x10A3, 0x10A3, 0x10A3, 0x10A3, 0x10A3, 0x10A3, 0x10A3, 0x10A3,
  0x10A3, 0x10A3, 0x10A3, 0x10A3, 0x10A3, 0x10A3, 0x10A3, 0x10A3, 0x10A3, 0x10A3, 0x10A3, 0x10A3,
  0x10A3, 0x10A3, 0x10A3, 0x10A3, 0x10A3, 0x10A3, 0x10A3, 0x10A3, 0x10A3, 0x10A3, 0x10A3, 0x10A3,
  0x10A3, 0x10A3, 0x10A3, 0x10A3, 0x2187, 0x1905, 0x10A3, 0x10A3, 0x10C3, 0x10A3, 0x2187, 0x432F,
  0x4350, 0x4330, 0x6496, 0x8E7F, 0x5C55, 0x10A3, 0x10A3, 0x10A3, 0x10A3, 0x10A3, 0x10A3, 0x10A3,
  0x1925, 0x75BC, 0x7DFD, 0x5C14, 0x4BB2, 0x4BB2, 0x4350, 0x1104, 0x10A3, 0x10C3, 0x10A3, 0x10A3,
  0x1905, 0x10E4, 0x10A3, 0x10A3, 0x10A3, 0x10A3, 0x10A3, 0x10A3, 0x10A3, 0x10A3, 0x10A3, 0x10A3,
  0x10A3, 0x10A3, 0x10A3, 0x10A3, 0x10A3, 0x10A3, 0x10A3, 0x10A3, 0x10A3, 0x10A3, 0x10A3, 0x10A3,
  0x10A3, 0x10A3, 0x10A3, 0x10A3, 0x10A3, 0x10A3, 0x10A3, 0x10A3, 0x10A3, 0x10A3, 0x10A3, 0x10A3,
  0x10A3, 0x10A3, 0x10A3, 0x10A3, 0x10A3, 0x10A3, 0x10A3, 0x10A3, 0x10A3, 0x10A3, 0x10A3, 0x10A3,
  0x10A3, 0x10A3, 0x10A3, 0x10A3, 0x10A3, 0x10A3, 0x10A3, 0x10A3, 0x10A3, 0x10A3, 0x10A3, 0x10A3,
  0x10A3, 0x10A3, 0x10A3, 0x10A3, 0x10A3, 0x10A3, 0x10A3, 0x10A3, 0x10A3, 0x10A3, 0x10A3, 0x10A3,
  0x10A3, 0x10A3, 0x10A3, 0x10A3, 0x10A3, 0x10A3, 0x10A3, 0x10A3, 0x10A3, 0x10A3, 0x10A3, 0x10A3,
  0x10A3, 0x10A3, 0x10A3, 0x10A3, 0x10A3, 0x10A3, 0x10A3, 0x10A3, 0x10A3, 0x10A3, 0x10A3, 0x10A3,
  0x10A3, 0x10A3, 0x10A3, 0x10A3, 0x10A3, 0x10A3, 0x10A3, 0x10A3, 0x10A3, 0x10A3, 0x10A3, 0x10A3,
  0x10A3, 0x10A3, 0x10A3, 0x10A3, 0x10A3, 0x10A3, 0x10A3, 0x10A3, 0x10C3, 0x5435, 0x75BC, 0x759C,
  0x2A2A, 0x10A3, 0x10A3, 0x10A3, 0x10A3, 0x10A3, 0x10A3, 0x10A3, 0x3AEE, 0x8EBF, 0x5C55, 0x10A3,
  0x10A3, 0x10A3, 0x10A3, 0x10A3, 0x10A3, 0x10A3, 0x1925, 0x759C, 0x7E1E, 0x1905, 0x10A3, 0x10A3,
  0x10A3, 0x10A3, 0x10A3, 0x10A3, 0x10A3, 0x4370, 0x75BD, 0x75BC, 0x328C, 0x10A3, 0x10A3, 0x10A3,
  0x10A3, 0x10A3, 0x10A3, 0x10A3, 0x10A3, 0x10A3, 0x10A3, 0x10A3, 0x10A3, 0x10A3, 0x10A3, 0x10A3,
  0x10A3, 0x10A3, 0x10A3, 0x10A3, 0x10A3, 0x10A3, 0x10A3, 0x10A3, 0x10A3, 0x10A3, 0x10A3, 0x10A3,
  0x10A3, 0x10A3, 0x10A3, 0x10A3, 0x10A3, 0x10A3, 0x10A3, 0x10A3, 0x10A3, 0x10A3, 0x10A3, 0x10A3,
  0x10A3, 0x10A3, 0x10A3, 0x10A3, 0x10A3, 0x10A3, 0x10A3, 0x10A3, 0x10A3, 0x10A3, 0x10A3, 0x10A3,
  0x10A3, 0x10A3, 0x10A3, 0x10A3, 0x10A3, 0x10A3, 0x10A3, 0x10A3, 0x10A3, 0x10A3, 0x10A3, 0x10A3,
  0x10A3, 0x10A3, 0x10A3, 0x10A3, 0x10A3, 0x10A3, 0x10A3, 0x10A3, 0x10A3, 0x10A3, 0x10A3, 0x10A3,
  0x10A3, 0x10A3, 0x10A3, 0x10A3, 0x10A3, 0x10A3, 0x10A3, 0x10A3, 0x10A3, 0x10A3, 0x10A3, 0x10A3,
  0x10A3, 0x10A3, 0x10A3, 0x10A3, 0x10A3, 0x10A3, 0x10A3, 0x10A3, 0x10A3, 0x10A3, 0x10A3, 0x10A3,
  0x10A3, 0x10A3, 0x10A3, 0x10A3, 0x10A3, 0x10A3, 0x10A3, 0x10A3, 0x10A3, 0x10A3, 0x10A3, 0x10A3,
  0x10A3, 0x10A3, 0x2A2B, 0x6D9B, 0x10A3, 0x32AD, 0x761E, 0x5CD8, 0x64F8, 0x64F8, 0x64F9, 0x64F9,
  0x64F9, 0x64F9, 0x6D5B, 0x7E5F, 0x5455, 0x10A3, 0x10A3, 0x10A3, 0x10A3, 0x10A3, 0x10A3, 0x10A3,
  0x1925, 0x6DBC, 0x75FE, 0x64F8, 0x5CB7, 0x5CB7, 0x5CB7, 0x5C97, 0x5C97, 0x5C97, 0x5CB7, 0x75BC,
  0x1925, 0x324B, 0x6D7B, 0x10C3, 0x10A3, 0x10A3, 0x10A3, 0x10A3, 0x10A3, 0x10A3, 0x10A3, 0x10A3,
  0x10A3, 0x10A3, 0x10A3, 0x10A3, 0x10A3, 0x10A3, 0x10A3, 0x10A3, 0x10A3, 0x10A3, 0x10A3, 0x10A3,
  0x10A3, 0x10A3, 0x10A3, 0x10A3, 0x10A3, 0x10A3, 0x10A3, 0x10A3, 0x10A3, 0x10A3, 0x10A3, 0x10A3,
  0x10A3, 0x10A3, 0x10A3, 0x10A3, 0x10A3, 0x10A3, 0x10A3, 0x10A3, 0x10A3, 0x10A3, 0x10A3, 0x10A3,
  0x10A3, 0x10A3, 0x10A3, 0x10A3, 0x10A3, 0x10A3, 0x10A3, 0x10A3, 0x10A3, 0x10A3, 0x10A3, 0x10A3,
  0x10A3, 0x10A3, 0x10A3, 0x10A3, 0x10A3, 0x10A3, 0x10A3, 0x10A3, 0x10A3, 0x10A3, 0x10A3, 0x10A3,
  0x10A3, 0x10A3, 0x10A3, 0x10A3, 0x10A3, 0x10A3, 0x10A3, 0x10A3, 0x10A3, 0x10A3, 0x10A3, 0x10A3,
  0x10A3, 0x10A3, 0x10A3, 0x10A3, 0x10A3, 0x10A3, 0x10A3, 0x10A3, 0x10A3, 0x10A3, 0x10A3, 0x10A3,
  0x10A3, 0x10A3, 0x10A3, 0x10A3, 0x10A3, 0x10A3, 0x10A3, 0x10A3, 0x10A3, 0x10A3, 0x10A3, 0x10A3,
  0x10A3, 0x10A3, 0x10A3, 0x10A3, 0x10A3, 0x10A3, 0x10A3, 0x10A3, 0x21C9, 0x6DBD, 0x2A0A, 0x4BD3,
  0x653A, 0x4371, 0x4371, 0x4371, 0x4371, 0x4371, 0x4371, 0x4371, 0x5CB7, 0x7E7F, 0x5456, 0x10A3,
  0x10A3, 0x10A3, 0x10A3, 0x10A3, 0x10A3, 0x10A3, 0x1925, 0x6DBC, 0x75FE, 0x5455, 0x4BF3, 0x4BF3,
  0x4BF3, 0x4BD3, 0x4BD3, 0x4BD3, 0x4C14, 0x6DBD, 0x21E9, 0x3AEF, 0x653A, 0x10C3, 0x10A3, 0x10A3,
  0x10A3, 0x10A3, 0x10A3, 0x10A3, 0x10A3, 0x10A3, 0x10A3, 0x10A3, 0x10A3, 0x10A3, 0x10A3, 0x10A3,
  0x10A3, 0x10A3, 0x10A3, 0x10A3, 0x10A3, 0x10A3, 0x10A3, 0x10A3, 0x10A3, 0x10A3, 0x10A3, 0x10A3,
  0x10A3, 0x10A3, 0x10A3, 0x10A3, 0x10A3, 0x10A3, 0x10A3, 0x10A3, 0x10A3, 0x10A3, 0x10A3, 0x10A3,
  0x10A3, 0x10A3, 0x10A3, 0x10A3, 0x10A3, 0x10A3, 0x10A3, 0x10A3, 0x10A3, 0x10A3, 0x10A3, 0x10A3,
  0x10A3, 0x10A3, 0x10A3, 0x10A3, 0x10A3, 0x10A3, 0x10A3, 0x10A3, 0x10A3, 0x10A3, 0x10A3, 0x10A3,
  0x10A3, 0x10A3, 0x10A3, 0x10A3, 0x10A3, 0x10A3, 0x10A3, 0x10A3, 0x10A3, 0x10A3, 0x10A3, 0x10A3,
  0x10A3, 0x10A3, 0x10A3, 0x10A3, 0x10A3, 0x10A3, 0x10A3, 0x10A3, 0x10A3, 0x10A3, 0x10A3, 0x10A3,
  0x10A3, 0x10A3, 0x10A3, 0x10A3, 0x10A3, 0x10A3, 0x10A3, 0x10A3, 0x10A3, 0x10A3, 0x10A3, 0x10A3,
  0x10A3, 0x10A3, 0x10A3, 0x10A3, 0x10A3, 0x10A3, 0x10A3, 0x10A3, 0x10A3, 0x10A3, 0x10A3, 0x10A3,
  0x10A3, 0x10A3, 0x10A3, 0x3B0F, 0x659C, 0x54D8, 0x1946, 0x10A3, 0x10A3, 0x10A3, 0x10A3, 0x10A3,
  0x10A3, 0x10A3, 0x3AEF, 0x7EBF, 0x4C55, 0x10A3, 0x10A3, 0x10A3, 0x10A3, 0x10A3, 0x10A3, 0x10A3,
  0x1925, 0x65BD, 0x6E1F, 0x1105, 0x10A3, 0x10A3, 0x10A3, 0x10A3, 0x10A3, 0x10A3, 0x10A3, 0x32CE,
  0x659C, 0x655B, 0x21EA, 0x10A3, 0x10A3, 0x10A3, 0x10A3, 0x10A3, 0x10A3, 0x10A3, 0x10A3, 0x10A3,
  0x10A3, 0x10A3, 0x10A3, 0x10A3, 0x10A3, 0x10A3, 0x10A3, 0x10A3, 0x10A3, 0x10A3, 0x10A3, 0x10A3,
  0x10A3, 0x10A3, 0x10A3, 0x10A3, 0x10A3, 0x10A3, 0x10A3, 0x10A3, 0x10A3, 0x10A3, 0x10A3, 0x10A3,
  0x10A3, 0x10A3, 0x10A3, 0x10A3, 0x10A3, 0x10A3, 0x10A3, 0x10A3, 0x10A3, 0x10A3, 0x10A3, 0x10A3,
  0x10A3, 0x10A3, 0x10A3, 0x10A3, 0x10A3, 0x10A3, 0x10A3, 0x10A3, 0x10A3, 0x10A3, 0x10A3, 0x10A3,
  0x10A3, 0x10A3, 0x10A3, 0x10A3, 0x10A3, 0x10A3, 0x10A3, 0x10A3, 0x10A3, 0x10A3, 0x10A3, 0x10A3,
  0x10A3, 0x10A3, 0x10A3, 0x10A3, 0x10A3, 0x10A3, 0x10A3, 0x10A3, 0x10A3, 0x10A3, 0x10A3, 0x10A3,
  0x10A3, 0x10A3, 0x10A3, 0x10A3, 0x10A3, 0x10A3, 0x10A3, 0x10A3, 0x10A3, 0x10A3, 0x10A3, 0x10A3,
  0x10A3, 0x10A3, 0x10A3, 0x10A3, 0x10A3, 0x10A3, 0x10A3, 0x10A3, 0x10A3, 0x10A3, 0x10A3, 0x10A3,
  0x10A3, 0x10A3, 0x10A3, 0x10A3, 0x10A3, 0x10A3, 0x10A3, 0x10A3, 0x10A3, 0x10A3, 0x10A3, 0x10A3,
  0x10A3, 0x10C3, 0x10C3, 0x10C3, 0x330F, 0x5D3A, 0x551A, 0x551A, 0x5D7C, 0x6E5F, 0x4C76, 0x10A3,
  0x10A3, 0x10A3, 0x10A3, 0x10A3, 0x10A3, 0x10A3, 0x1925, 0x65BD, 0x65FF, 0x54FA, 0x54D9, 0x54D8,
  0x4C97, 0x21A8, 0x10C3, 0x10C3, 0x10C3, 0x10A3, 0x10A3, 0x10A3, 0x10A3, 0x10A3, 0x10A3, 0x10A3,
  0x10A3, 0x10A3, 0x10A3, 0x10A3, 0x10A3, 0x10A3, 0x10A3, 0x10A3, 0x10A3, 0x10A3, 0x10A3, 0x10A3,
  0x10A3, 0x10A3, 0x10A3, 0x10A3, 0x10A3, 0x10A3, 0x10A3, 0x10A3, 0x10A3, 0x10A3, 0x10A3, 0x10A3,
  0x10A3, 0x10A3, 0x10A3, 0x10A3, 0x10A3, 0x10A3, 0x10A3, 0x10A3, 0x10A3, 0x10A3, 0x10A3, 0x10A3,
  0x10A3, 0x10A3, 0x10A3, 0x10A3, 0x10A3, 0x10A3, 0x10A3, 0x10A3, 0x10A3, 0x10A3, 0x10A3, 0x10A3,
  0x10A3, 0x10A3, 0x10A3, 0x10A3, 0x10A3, 0x10A3, 0x10A3, 0x10A3, 0x10A3, 0x10A3, 0x10A3, 0x10A3,
  0x10A3, 0x10A3, 0x10A3, 0x10A3, 0x10A3, 0x10A3, 0x10A3, 0x10A3, 0x10A3, 0x10A3, 0x10A3, 0x10A3,
  0x10A3, 0x10A3, 0x10A3, 0x10A3, 0x10A3, 0x10A3, 0x10A3, 0x10A3, 0x10A3, 0x10A3, 0x10A3, 0x10A3,
  0x10A3, 0x10A3, 0x10A3, 0x10A3, 0x10A3, 0x10A3, 0x10A3, 0x10A3, 0x10A3, 0x10A3, 0x10A3, 0x10A3,
  0x10A3, 0x10A3, 0x10A3, 0x10A3, 0x10A3, 0x10A3, 0x10A3, 0x10A3, 0x10A3, 0x10A3, 0x10A3, 0x10A3,
  0x10A3, 0x10A3, 0x10A3, 0x10A3, 0x21E9, 0x1946, 0x10A3, 0x10A3, 0x10C3, 0x10A3, 0x4415, 0x5D9C,
  0x3B50, 0x3B51, 0x4C98, 0x6E7F, 0x4456, 0x10A3, 0x10A3, 0x10A3, 0x10A3, 0x10A3, 0x10A3, 0x10A3,
  0x1125, 0x5DBD, 0x661F, 0x4435, 0x3BB3, 0x43F4, 0x665F, 0x222A, 0x10A3, 0x10C3, 0x10A3, 0x10A3,
  0x1946, 0x1125, 0x10A3, 0x10A3, 0x10A3, 0x10A3, 0x10A3, 0x10A3, 0x10A3, 0x10A3, 0x10A3, 0x10A3,
  0x10A3, 0x10A3, 0x10A3, 0x10A3, 0x10A3, 0x10A3, 0x10A3, 0x10A3, 0x10A3, 0x10A3, 0x10A3, 0x10A3,
  0x10A3, 0x10A3, 0x10A3, 0x10A3, 0x10A3, 0x10A3, 0x10A3, 0x10A3, 0x10A3, 0x10A3, 0x10A3, 0x10A3,
  0x10A3, 0x10A3, 0x10A3, 0x10A3, 0x10A3, 0x10A3, 0x10A3, 0x10A3, 0x10A3, 0x10A3, 0x10A3, 0x10A3,
  0x10A3, 0x10A3, 0x10A3, 0x10A3, 0x10A3, 0x10A3, 0x10A3, 0x10A3, 0x10A3, 0x10A3, 0x10A3, 0x10A3,
  0x10A3, 0x10A3, 0x10A3, 0x10A3, 0x10A3, 0x10A3, 0x10A3, 0x10A3, 0x10A3, 0x10A3, 0x10A3, 0x10A3,
  0x10A3, 0x10A3, 0x10A3, 0x10A3, 0x10A3, 0x10A3, 0x10A3, 0x10A3, 0x10A3, 0x10A3, 0x10A3, 0x10A3,
  0x10A3, 0x10A3, 0x10A3, 0x10A3, 0x10A3, 0x10A3, 0x10A3, 0x10A3, 0x10A3, 0x10A3, 0x10A3, 0x10A3,
  0x10A3, 0x10A3, 0x10A3, 0x10A3, 0x10A3, 0x10A3, 0x10A3, 0x10A3, 0x10A3, 0x10A3, 0x10A3, 0x10A3,
  0x10A3, 0x10A3, 0x10A3, 0x10A3, 0x10A3, 0x10A3, 0x10A3, 0x10A3, 0x10C3, 0x4477, 0x5DBD, 0x5DBD,
  0x222B, 0x10A3, 0x10A3, 0x10A3, 0x3BD4, 0x4456, 0x10A3, 0x10A3, 0x3310, 0x6EBF, 0x4456, 0x10A3,
  0x10A3, 0x10A3, 0x10A3, 0x10A3, 0x10A3, 0x10A3, 0x1125, 0x5DBD, 0x661F, 0x1967, 0x10A3, 0x10A3,
  0x5D9D, 0x21C9, 0x10A3, 0x10A3, 0x10A3, 0x3B92, 0x5DDE, 0x5DBD, 0x2AAD, 0x10A3, 0x10A3, 0x10A3,
  0x10A3, 0x10A3, 0x10A3, 0x10A3, 0x10A3, 0x10A3, 0x10A3, 0x10A3, 0x10A3, 0x10A3, 0x10A3, 0x10A3,
  0x10A3, 0x10A3, 0x10A3, 0x10A3, 0x10A3, 0x10A3, 0x10A3, 0x10A3, 0x10A3, 0x10A3, 0x10A3, 0x10A3,
  0x10A3, 0x10A3, 0x10A3, 0x10A3, 0x10A3, 0x10A3, 0x10A3, 0x10A3, 0x10A3, 0x10A3, 0x10A3, 0x10A3,
  0x10A3, 0x10A3, 0x10A3, 0x10A3, 0x10A3, 0x10A3, 0x10A3, 0x10A3, 0x10A3, 0x10A3, 0x10A3, 0x10A3,
  0x10A3, 0x10A3, 0x10A3, 0x10A3, 0x10A3, 0x10A3, 0x10A3, 0x10A3, 0x10A3, 0x10A3, 0x10A3, 0x10A3,
  0x10A3, 0x10A3, 0x10A3, 0x10A3, 0x10A3, 0x10A3, 0x10A3, 0x10A3, 0x10A3, 0x10A3, 0x10A3, 0x10A3,
  0x10A3, 0x10A3, 0x10A3, 0x10A3, 0x10A3, 0x10A3, 0x10A3, 0x10A3, 0x10A3, 0x10A3, 0x10A3, 0x10A3,
  0x10A3, 0x10A3, 0x10A3, 0x10A3, 0x10A3, 0x10A3, 0x10A3, 0x10A3, 0x10A3, 0x10A3, 0x10A3, 0x10A3,
  0x10A3, 0x10A3, 0x10A3, 0x10A3, 0x10A3, 0x10A3, 0x10A3, 0x10A3, 0x10A3, 0x10A3, 0x10A3, 0x10A3,
  0x10A3, 0x10A3, 0x224B, 0x559D, 0x10A3, 0x2A8D, 0x663F, 0x4CFA, 0x551A, 0x4CFA, 0x663F, 0x4477,
  0x10C3, 0x10C3, 0x3B51, 0x6EBF, 0x4456, 0x10A3, 0x10A3, 0x10A3, 0x10A3, 0x10A3, 0x10A3, 0x10A3,
  0x1125, 0x5DBD, 0x5E1F, 0x21C9, 0x10C3, 0x1125, 0x5DFF, 0x553B, 0x4CB8, 0x4CB8, 0x4CF9, 0x5DDE,
  0x1105, 0x222B, 0x559D, 0x10C3, 0x10A3, 0x10A3, 0x10A3, 0x10A3, 0x10A3, 0x10A3, 0x10A3, 0x10A3,
  0x10A3, 0x10A3, 0x10A3, 0x10A3, 0x10A3, 0x10A3, 0x10A3, 0x10A3, 0x10A3, 0x10A3, 0x10A3, 0x10A3,
  0x10A3, 0x10A3, 0x10A3, 0x10A3, 0x10A3, 0x10A3, 0x10A3, 0x10A3, 0x10A3, 0x10A3, 0x10A3, 0x10A3,
  0x10A3, 0x10A3, 0x10A3, 0x10A3, 0x10A3, 0x10A3, 0x10A3, 0x10A3, 0x10A3, 0x10A3, 0x10A3, 0x10A3,
  0x10A3, 0x10A3, 0x10A3, 0x10A3, 0x10A3, 0x10A3, 0x10A3, 0x10A3, 0x10A3, 0x10A3, 0x10A3, 0x10A3,
  0x10A3, 0x10A3, 0x10A3, 0x10A3, 0x10A3, 0x10A3, 0x10A3, 0x10A3, 0x10A3, 0x10A3, 0x10A3, 0x10A3,
  0x10A3, 0x10A3, 0x10A3, 0x10A3, 0x10A3, 0x10A3, 0x10A3, 0x10A3, 0x10A3, 0x10A3, 0x10A3, 0x10A3,
  0x10A3, 0x10A3, 0x10A3, 0x10A3, 0x10A3, 0x10A3, 0x10A3, 0x10A3, 0x10A3, 0x10A3, 0x10A3, 0x10A3,
  0x10A3, 0x10A3, 0x10A3, 0x10A3, 0x10A3, 0x10A3, 0x10A3, 0x10A3, 0x10A3, 0x10A3, 0x10A3, 0x10A3,
  0x10A3, 0x10A3, 0x10A3, 0x10A3, 0x10A3, 0x10A3, 0x10A3, 0x10A3, 0x21C9, 0x5DBE, 0x224B, 0x4415,
  0x553A, 0x3330, 0x3351, 0x3350, 0x3350, 0x222B, 0x10A3, 0x10A3, 0x3351, 0x6EBF, 0x4456, 0x10A3,
  0x10A3, 0x10A3, 0x10A3, 0x10A3, 0x10A3, 0x10A3, 0x1125, 0x5DBD, 0x5E1F, 0x21C8, 0x10A3, 0x10E4,
  0x3330, 0x3BB3, 0x3BB3, 0x3BB3, 0x3BD4, 0x5DBE, 0x220A, 0x3310, 0x555B, 0x10C3, 0x10A3, 0x10A3,
  0x10A3, 0x10A3, 0x10A3, 0x10A3, 0x10A3, 0x10A3, 0x10A3, 0x10A3, 0x10A3, 0x10A3, 0x10A3, 0x10A3,
  0x10A3, 0x10A3, 0x10A3, 0x10A3, 0x10A3, 0x10A3, 0x10A3, 0x10A3, 0x10A3, 0x10A3, 0x10A3, 0x10A3,
  0x10A3, 0x10A3, 0x10A3, 0x10A3, 0x10A3, 0x10A3, 0x10A3, 0x10A3, 0x10A3, 0x10A3, 0x10A3, 0x10A3,
  0x10A3, 0x10A3, 0x10A3, 0x10A3, 0x10A3, 0x10A3, 0x10A3, 0x10A3, 0x10A3, 0x10A3, 0x10A3, 0x10A3,
  0x10A3, 0x10A3, 0x10A3, 0x10A3, 0x10A3, 0x10A3, 0x10A3, 0x10A3, 0x10A3, 0x10A3, 0x10A3, 0x10A3,
  0x10A3, 0x10A3, 0x10A3, 0x10A3, 0x10A3, 0x10A3, 0x10A3, 0x10A3, 0x10A3, 0x10A3, 0x10A3, 0x10A3,
  0x10A3, 0x10A3, 0x10A3, 0x10A3, 0x10A3, 0x10A3, 0x10A3, 0x10A3, 0x10A3, 0x10A3, 0x10A3, 0x10A3,
  0x10A3, 0x10A3, 0x10A3, 0x10A3, 0x10A3, 0x10A3, 0x10A3, 0x10A3, 0x10A3, 0x10A3, 0x10A3, 0x10A3,
  0x10A3, 0x10A3, 0x10A3, 0x10A3, 0x10A3, 0x10A3, 0x10A3, 0x10A3, 0x10A3, 0x10A3, 0x10A3, 0x10A3,
  0x10A3, 0x10A3, 0x10A3, 0x32EF, 0x557B, 0x4CB8, 0x1126, 0x10A3, 0x10A3, 0x10A3, 0x10A3, 0x10A3,
  0x10C3, 0x10A3, 0x3351, 0x6EBF, 0x4456, 0x10A3, 0x10A3, 0x10A3, 0x10A3, 0x10A3, 0x10A3, 0x10A3,
  0x1125, 0x5DBD, 0x5E1F, 0x21A8, 0x10A3, 0x10A3, 0x10A3, 0x10A3, 0x10A3, 0x10A3, 0x10A3, 0x2AAD,
  0x559C, 0x555B, 0x21E9, 0x10A3, 0x10A3, 0x10A3, 0x10A3, 0x10A3, 0x10A3, 0x10A3, 0x10A3, 0x10A3,
  0x10A3, 0x10A3, 0x10A3, 0x10A3, 0x10A3, 0x10A3, 0x10A3, 0x10A3, 0x10A3, 0x10A3, 0x10A3, 0x10A3,
  0x10A3, 0x10A3, 0x10A3, 0x10A3, 0x10A3, 0x10A3, 0x10A3, 0x10A3, 0x10A3, 0x10A3, 0x10A3, 0x10A3,
  0x10A3, 0x10A3, 0x10A3, 0x10A3, 0x10A3, 0x10A3, 0x10A3, 0x10A3, 0x10A3, 0x10A3, 0x10A3, 0x10A3,
  0x10A3, 0x10A3, 0x10A3, 0x10A3, 0x10A3, 0x10A3, 0x10A3, 0x10A3, 0x10A3, 0x10A3, 0x10A3, 0x10A3,
  0x10A3, 0x10A3, 0x10A3, 0x10A3, 0x10A3, 0x10A3, 0x10A3, 0x10A3, 0x10A3, 0x10A3, 0x10A3, 0x10A3,
  0x10A3, 0x10A3, 0x10A3, 0x10A3, 0x10A3, 0x10A3, 0x10A3, 0x10A3, 0x10A3, 0x10A3, 0x10A3, 0x10A3,
  0x10A3, 0x10A3, 0x10A3, 0x10A3, 0x10A3, 0x10A3, 0x10A3, 0x10A3, 0x10A3, 0x10A3, 0x10A3, 0x10A3,
  0x10A3, 0x10A3, 0x10A3, 0x10A3, 0x10A3, 0x10A3, 0x10A3, 0x10A3, 0x10A3, 0x10A3, 0x10A3, 0x10A3,
  0x10A3, 0x10A3, 0x10A3, 0x10A3, 0x10A3, 0x10A3, 0x10A3, 0x10A3, 0x10A3, 0x10A3, 0x10A3, 0x10A3,
  0x10A3, 0x10C3, 0x10C3, 0x10C3, 0x10C3, 0x10A3, 0x10C3, 0x10A3, 0x3351, 0x6EBF, 0x4456, 0x10A3,
  0x10A3, 0x10A3, 0x10A3, 0x10A3, 0x10A3, 0x10A3, 0x1125, 0x5DBD, 0x661F, 0x21A8, 0x10A3, 0x10A3,
  0x10C3, 0x10C3, 0x10C3, 0x10C3, 0x10C3, 0x10A3, 0x10A3, 0x10A3, 0x10A3, 0x10A3, 0x10A3, 0x10A3,
  0x10A3, 0x10A3, 0x10A3, 0x10A3, 0x10A3, 0x10A3, 0x10A3, 0x10A3, 0x10A3, 0x10A3, 0x10A3, 0x10A3,
  0x10A3, 0x10A3, 0x10A3, 0x10A3, 0x10A3, 0x10A3, 0x10A3, 0x10A3, 0x10A3, 0x10A3, 0x10A3, 0x10A3,
  0x10A3, 0x10A3, 0x10A3, 0x10A3, 0x10A3, 0x10A3, 0x10A3, 0x10A3, 0x10A3, 0x10A3, 0x10A3, 0x10A3,
  0x10A3, 0x10A3, 0x10A3, 0x10A3, 0x10A3, 0x10A3, 0x10A3, 0x10A3, 0x10A3, 0x10A3, 0x10A3, 0x10A3,
  0x10A3, 0x10A3, 0x10A3, 0x10A3, 0x10A3, 0x10A3, 0x10A3, 0x10A3, 0x10A3, 0x10A3, 0x10A3, 0x10A3,
  0x10A3, 0x10A3, 0x10A3, 0x10A3, 0x10A3, 0x10A3, 0x10A3, 0x10A3, 0x10A3, 0x10A3, 0x10A3, 0x10A3,
  0x10A3, 0x10A3, 0x10A3, 0x10A3, 0x10A3, 0x10A3, 0x10A3, 0x10A3, 0x10A3, 0x10A3, 0x10A3, 0x10A3,
  0x10A3, 0x10A3, 0x10A3, 0x10A3, 0x10A3, 0x10A3, 0x10A3, 0x10A3, 0x10A3, 0x10A3, 0x10A3, 0x10A3,
  0x10A3, 0x10A3, 0x10A3, 0x10A3, 0x10A3, 0x10A3, 0x10A3, 0x10A3, 0x10A3, 0x10A3, 0x10A3, 0x10A3,
  0x10A3, 0x10A3, 0x10A3, 0x10A3, 0x10A3, 0x10A3, 0x10A3, 0x10A3, 0x10A3, 0x10A3, 0x10A3, 0x10A3,
  0x10C3, 0x10A3, 0x3351, 0x6EBF, 0x4456, 0x10A3, 0x10A3, 0x10A3, 0x10A3, 0x10A3, 0x10A3, 0x10A3,
  0x1125, 0x5DBE, 0x663F, 0x21A8, 0x10A3, 0x10A3, 0x10A3, 0x10A3, 0x10A3, 0x10A3, 0x10A3, 0x10A3,
  0x10A3, 0x10A3, 0x10A3, 0x10A3, 0x10A3, 0x10A3, 0x10A3, 0x10A3, 0x10A3, 0x10A3, 0x10A3, 0x10A3,
  0x10A3, 0x10A3, 0x10A3, 0x10A3, 0x10A3, 0x10A3, 0x10A3, 0x10A3, 0x10A3, 0x10A3, 0x10A3, 0x10A3,
  0x10A3, 0x10A3, 0x10A3, 0x10A3, 0x10A3, 0x10A3, 0x10A3, 0x10A3, 0x10A3, 0x10A3, 0x10A3, 0x10A3,
  0x10A3, 0x10A3, 0x10A3, 0x10A3, 0x10A3, 0x10A3, 0x10A3, 0x10A3, 0x10A3, 0x10A3, 0x10A3, 0x10A3,
  0x10A3, 0x10A3, 0x10A3, 0x10A3, 0x10A3, 0x10A3, 0x10A3, 0x10A3, 0x10A3, 0x10A3, 0x10A3, 0x10A3,
  0x10A3, 0x10A3, 0x10A3, 0x10A3, 0x10A3, 0x10A3, 0x10A3, 0x10A3, 0x10A3, 0x10A3, 0x10A3, 0x10A3,
  0x10A3, 0x10A3, 0x10A3, 0x10A3, 0x10A3, 0x10A3, 0x10A3, 0x10A3, 0x10A3, 0x10A3, 0x10A3, 0x10A3,
  0x10A3, 0x10A3, 0x10A3, 0x10A3, 0x10A3, 0x10A3, 0x10A3, 0x10A3, 0x10A3, 0x10A3, 0x10A3, 0x10A3,
  0x10A3, 0x10A3, 0x10A3, 0x10A3, 0x10A3, 0x10A3, 0x10A3, 0x10A3, 0x10A3, 0x10A3, 0x10A3, 0x10A3,
  0x10A3, 0x10A3, 0x10A3, 0x10A3, 0x10A3, 0x10A3, 0x10A3, 0x10A3, 0x10A3, 0x10A3, 0x10A3, 0x10A3,
  0x10A3, 0x10A3, 0x10A3, 0x10A3, 0x10A3, 0x10A3, 0x10C3, 0x10A3, 0x3B51, 0x6EDF, 0x4C56, 0x10A3,
  0x10A3, 0x10A3, 0x10A3, 0x10A3, 0x10A3, 0x10A3, 0x1126, 0x5DBE, 0x663F, 0x21C8, 0x10A3, 0x10A3,
  0x10A3, 0x10A3, 0x10A3, 0x10A3, 0x10A3, 0x10A3, 0x10A3, 0x10A3, 0x10A3, 0x10A3, 0x10A3, 0x10A3,
  0x10A3, 0x10A3, 0x10A3, 0x10A3, 0x10A3, 0x10A3, 0x10A3, 0x10A3, 0x10A3, 0x10A3, 0x10A3, 0x10A3,
  0x10A3, 0x10A3, 0x10A3, 0x10A3, 0x10A3, 0x10A3, 0x10A3, 0x10A3, 0x10A3, 0x10A3, 0x10A3, 0x10A3,
  0x10A3, 0x10A3, 0x10A3, 0x10A3, 0x10A3, 0x10A3, 0x10A3, 0x10A3, 0x10A3, 0x10A3, 0x10A3, 0x10A3,
  0x10A3, 0x10A3, 0x10A3, 0x10A3, 0x10A3, 0x10A3, 0x10A3, 0x10A3, 0x10A3, 0x10A3, 0x10A3, 0x10A3,
  0x10A3, 0x10A3, 0x10A3, 0x10A3, 0x10A3, 0x10A3, 0x10A3, 0x10A3, 0x10A3, 0x10A3, 0x10A3, 0x10A3,
  0x10A3, 0x10A3, 0x10A3, 0x10A3, 0x10A3, 0x10A3, 0x10A3, 0x10A3, 0x10A3, 0x10A3, 0x10A3, 0x10A3,
  0x10A3, 0x10A3, 0x10A3, 0x10A3, 0x10A3, 0x10A3, 0x10A3, 0x10A3, 0x10A3, 0x10A3, 0x10A3, 0x10A3,
  0x10A3, 0x10A3, 0x10A3, 0x10A3, 0x10A3, 0x10A3, 0x10A3, 0x10A3, 0x10A3, 0x10A3, 0x10A3, 0x10A3,
  0x10A3, 0x10A3, 0x10A3, 0x10A3, 0x10A3, 0x10A3, 0x10A3, 0x10A3, 0x10A3, 0x10A3, 0x10A3, 0x10A3,
  0x10A3, 0x10A3, 0x10A3, 0x10A3, 0x10A3, 0x10A3, 0x10A3, 0x10A3, 0x10A3, 0x10A3, 0x10A3, 0x10A3,
  0x10C3, 0x10A3, 0x3B51, 0x76DF, 0x4C76, 0x10A3, 0x10A3, 0x10A3, 0x10A3, 0x10A3, 0x10A3, 0x10A3,
  0x1926, 0x5DDE, 0x663F, 0x21C8, 0x10A3, 0x10A3, 0x10A3, 0x10A3, 0x10A3, 0x10A3, 0x10A3, 0x10A3,
  0x10A3, 0x10A3, 0x10A3, 0x10A3, 0x10A3, 0x10A3, 0x10A3, 0x10A3, 0x10A3, 0x10A3, 0x10A3, 0x10A3,
  0x10A3, 0x10A3, 0x10A3, 0x10A3, 0x10A3, 0x10A3, 0x10A3, 0x10A3, 0x10A3, 0x10A3, 0x10A3, 0x10A3,
  0x10A3, 0x10A3, 0x10A3, 0x10A3, 0x10A3, 0x10A3, 0x10A3, 0x10A3, 0x10A3, 0x10A3, 0x10A3, 0x10A3,
  0x10A3, 0x10A3, 0x10A3, 0x10A3, 0x10A3, 0x10A3, 0x10A3, 0x10A3, 0x10A3, 0x10A3, 0x10A3, 0x10A3,
  0x10A3, 0x10A3, 0x10A3, 0x10A3, 0x10A3, 0x10A3, 0x10A3, 0x10A3, 0x10A3, 0x10A3, 0x10A3, 0x10A3,
  0x10A3, 0x10A3, 0x10A3, 0x10A3, 0x10A3, 0x10A3, 0x10A3, 0x10A3, 0x10A3, 0x10A3, 0x10A3, 0x10A3,
  0x10A3, 0x10A3, 0x10A3, 0x10A3, 0x10A3, 0x10A3, 0x10A3, 0x10A3, 0x10A3, 0x10A3, 0x10A3, 0x10A3,
  0x10A3, 0x10A3, 0x10A3, 0x10A3, 0x10A3, 0x10A3, 0x10A3, 0x10A3, 0x10A3, 0x10A3, 0x10A3, 0x10A3,
  0x10A3, 0x10A3, 0x10A3, 0x10A3, 0x10A3, 0x10A3, 0x10A3, 0x10A3, 0x10A3, 0x10A3, 0x10A3, 0x10A3,
  0x10A3, 0x10A3, 0x10A3, 0x10A3, 0x10A3, 0x10A3, 0x10A3, 0x10A3, 0x10A3, 0x10A3, 0x10A3, 0x10A3,
  0x10A3, 0x10A3, 0x10A3, 0x10A3, 0x10A3, 0x10A3, 0x10C3, 0x10A3, 0x3B71, 0x76DF, 0x4C76, 0x10A3,
  0x10A3, 0x10A3, 0x10A3, 0x10A3, 0x10A3, 0x10A3, 0x1926, 0x65DE, 0x6E5F, 0x21C8, 0x10A3, 0x10A3,
  0x10A3, 0x10A3, 0x10A3, 0x10A3, 0x10A3, 0x10A3, 0x10A3, 0x10A3, 0x10A3, 0x10A3, 0x10A3, 0x10A3,
  0x10A3, 0x10A3, 0x10A3, 0x10A3, 0x10A3, 0x10A3, 0x10A3, 0x10A3, 0x10A3, 0x10A3, 0x10A3, 0x10A3,
  0x10A3, 0x10A3, 0x10A3, 0x10A3, 0x10A3, 0x10A3, 0x10A3, 0x10A3, 0x10A3, 0x10A3, 0x10A3, 0x10A3,
  0x10A3, 0x10A3, 0x10A3, 0x10A3, 0x10A3, 0x10A3, 0x10A3, 0x10A3, 0x10A3, 0x10A3, 0x10A3, 0x10A3,
  0x10A3, 0x10A3, 0x10A3, 0x10A3, 0x10A3, 0x10A3, 0x10A3, 0x10A3, 0x10A3, 0x10A3, 0x10A3, 0x10A3,
  0x10A3, 0x10A3, 0x10A3, 0x10A3, 0x10A3, 0x10A3, 0x10A3, 0x10A3, 0x10A3, 0x10A3, 0x10A3, 0x10A3,
  0x10A3, 0x10A3, 0x10A3, 0x10A3, 0x10A3, 0x10A3, 0x10A3, 0x10A3, 0x10A3, 0x10A3, 0x10A3, 0x10A3,
  0x10A3, 0x10A3, 0x10A3, 0x10A3, 0x10A3, 0x10A3, 0x10A3, 0x10A3, 0x10A3, 0x10A3, 0x10A3, 0x10A3,
  0x10A3, 0x10A3, 0x10A3, 0x10A3, 0x10A3, 0x10A3, 0x10A3, 0x10A3, 0x10A3, 0x10A3, 0x10A3, 0x10A3,
  0x10A3, 0x10A3, 0x10A3, 0x10A3, 0x10A3, 0x10A3, 0x10A3, 0x10A3, 0x10A3, 0x10A3, 0x10A3, 0x10A3,
  0x10A3, 0x10A3, 0x10A3, 0x10A3, 0x10A3, 0x10A3, 0x10A3, 0x10A3, 0x10A3, 0x10A3, 0x10A3, 0x10A3,
  0x10C3, 0x10A3, 0x3B51, 0x76DF, 0x4C56, 0x10A3, 0x10A3, 0x10A3, 0x10A3, 0x10A3, 0x10A3, 0x10A3,
  0x1926, 0x65DD, 0x6E3F, 0x21C8, 0x10A3, 0x10A3, 0x10A3, 0x10A3, 0x10A3, 0x10A3, 0x10A3, 0x10A3,
  0x10A3, 0x10A3, 0x10A3, 0x10A3, 0x10A3, 0x10A3, 0x10A3, 0x10A3, 0x10A3, 0x10A3, 0x10A3, 0x10A3,
  0x10A3, 0x10A3, 0x10A3, 0x10A3, 0x10A3, 0x10A3, 0x10A3, 0x10A3, 0x10A3, 0x10A3, 0x10A3, 0x10A3,
  0x10A3, 0x10A3, 0x10A3, 0x10A3, 0x10A3, 0x10A3, 0x10A3, 0x10A3, 0x10A3, 0x10A3, 0x10A3, 0x10A3,
  0x10A3, 0x10A3, 0x10A3, 0x10A3, 0x10A3, 0x10A3, 0x10A3, 0x10A3, 0x10A3, 0x10A3, 0x10A3, 0x10A3,
  0x10A3, 0x10A3, 0x10A3, 0x10A3, 0x10A3, 0x10A3, 0x10A3, 0x10A3, 0x10A3, 0x10A3, 0x10A3, 0x10A3,
  0x10A3, 0x10A3, 0x10A3, 0x10A3, 0x10A3, 0x10A3, 0x10A3, 0x10A3, 0x10A3, 0x10A3, 0x10A3, 0x10A3,
  0x10A3, 0x10A3, 0x10A3, 0x10A3, 0x10A3, 0x10A3, 0x10A3, 0x10A3, 0x10A3, 0x10A3, 0x10A3, 0x10A3,
  0x10A3, 0x10A3, 0x10A3, 0x10A3, 0x10A3, 0x10A3, 0x10A3, 0x10A3, 0x10A3, 0x10A3, 0x10A3, 0x10A3,
  0x10A3, 0x10A3, 0x10A3, 0x10A3, 0x10A3, 0x10A3, 0x10A3, 0x10A3, 0x10A3, 0x10A3, 0x10A3, 0x10A3,
  0x10A3, 0x10A3, 0x10A3, 0x10A3, 0x10A3, 0x10A3, 0x10A3, 0x10A3, 0x10A3, 0x10A3, 0x10A3, 0x10A3,
  0x10A3, 0x10A3, 0x10A3, 0x10A3, 0x10A3, 0x10A3, 0x10C3, 0x10A3, 0x43B2, 0x877F, 0x54D8, 0x10A3,
  0x10A3, 0x10A3, 0x10A3, 0x10A3, 0x10A3, 0x10A3, 0x1926, 0x765F, 0x7EDF, 0x21C9, 0x10A3, 0x10A3,
  0x10A3, 0x10A3, 0x10A3, 0x10A3, 0x10A3, 0x10A3, 0x10A3, 0x10A3, 0x10A3, 0x10A3, 0x10A3, 0x10A3,
  0x10A3, 0x10A3, 0x10A3, 0x10A3, 0x10A3, 0x10A3, 0x10A3, 0x10A3, 0x10A3, 0x10A3, 0x10A3, 0x10A3,
  0x10A3, 0x10A3, 0x10A3, 0x10A3, 0x10A3, 0x10A3, 0x10A3, 0x10A3, 0x10A3, 0x10A3, 0x10A3, 0x10A3,
  0x10A3, 0x10A3, 0x10A3, 0x10A3, 0x10A3, 0x10A3, 0x10A3, 0x10A3, 0x10A3, 0x10A3, 0x10A3, 0x10A3,
  0x10A3, 0x10A3, 0x10A3, 0x10A3, 0x10A3, 0x10A3, 0x10A3, 0x10A3, 0x10A3, 0x10A3, 0x10A3, 0x10A3,
  0x10A3, 0x10A3, 0x10A3, 0x10A3, 0x10A3, 0x10A3, 0x10A3, 0x10A3, 0x10A3, 0x10A3, 0x10A3, 0x10A3,
  0x10A3, 0x10A3, 0x10A3, 0x10A3, 0x10A3, 0x10A3, 0x10A3, 0x10A3, 0x10A3, 0x10A3, 0x10A3, 0x10A3,
  0x10A3, 0x10A3, 0x10A3, 0x10A3, 0x10A3, 0x10A3, 0x10A3, 0x10A3, 0x10A3, 0x10A3, 0x10A3, 0x10A3,
  0x10A3, 0x10A3, 0x10A3, 0x10A3, 0x10A3, 0x10A3, 0x10A3, 0x10A3, 0x10A3, 0x10A3, 0x10A3, 0x10A3,
  0x10A3, 0x10A3, 0x10A3, 0x10A3, 0x10A3, 0x10A3, 0x10A3, 0x10A3, 0x10A3, 0x10A3, 0x10A3, 0x10A3,
  0x10A3, 0x10A3, 0x10A3, 0x10A3, 0x10A3, 0x10A3, 0x10A3, 0x10A3, 0x10A3, 0x10A3, 0x10A3, 0x10A3,
  0x10A3, 0x10A3, 0x2A2B, 0x4C33, 0x32CE, 0x10A3, 0x10A3, 0x10A3, 0x10A3, 0x10A3, 0x10A3, 0x10A3,
  0x10E4, 0x4392, 0x4BD3, 0x1946, 0x10A3, 0x10A3, 0x10A3, 0x10A3, 0x10A3, 0x10A3, 0x10A3, 0x10A3,
  0x10A3, 0x10A3, 0x10A3, 0x10A3, 0x10A3, 0x10A3, 0x10A3, 0x10A3, 0x10A3, 0x10A3, 0x10A3, 0x10A3,
  0x10A3, 0x10A3, 0x10A3, 0x10A3, 0x10A3, 0x10A3, 0x10A3, 0x10A3, 0x10A3, 0x10A3, 0x10A3, 0x10A3,
  0x10A3, 0x10A3, 0x10A3, 0x10A3, 0x10A3, 0x10A3, 0x10A3, 0x10A3, 0x10A3, 0x10A3, 0x10A3, 0x10A3,
  0x10A3, 0x10A3, 0x10A3, 0x10A3, 0x10A3, 0x10A3, 0x10A3, 0x10A3, 0x10A3, 0x10A3, 0x10A3, 0x10A3,
  0x10A3, 0x10A3, 0x10A3, 0x10A3, 0x10A3, 0x10A3, 0x10A3, 0x10A3, 0x10A3, 0x10A3, 0x10A3, 0x10A3,
  0x10A3, 0x10A3, 0x10A3, 0x10A3, 0x10A3, 0x10A3, 0x10A3, 0x10A3, 0x10A3, 0x10A3, 0x10A3, 0x10A3,
  0x10A3, 0x10A3, 0x10A3, 0x10A3, 0x10A3, 0x10A3, 0x10A3, 0x10A3, 0x10A3, 0x10A3, 0x10A3, 0x10A3,
  0x10A3, 0x10A3, 0x10A3, 0x10A3, 0x10A3, 0x10A3, 0x10A3, 0x10A3, 0x10A3, 0x10A3, 0x10A3, 0x10A3,
  0x10A3, 0x10A3, 0x10A3, 0x10A3, 0x10A3, 0x10A3, 0x10A3, 0x10A3, 0x10A3, 0x10A3, 0x10A3, 0x10A3,
  0x10A3, 0x10A3, 0x10A3, 0x10A3, 0x10A3, 0x10A3, 0x10A3, 0x10A3, 0x10A3, 0x10A3, 0x10A3, 0x10A3,
  0x10A3, 0x10A3, 0x10A3, 0x10A3, 0x10A3, 0x10A3, 0x10A3, 0x10A3, 0x10A3, 0x10A3, 0x10A3, 0x10A3,
  0x10A3, 0x10A3, 0x10A3, 0x10A3, 0x10A3, 0x10A3, 0x10A3, 0x10A3, 0x10A3, 0x10A3, 0x10A3, 0x10A3,
  0x10A3, 0x10A3, 0x10A3, 0x10A3, 0x10A3, 0x10A3, 0x10A3, 0x10A3, 0x10A3, 0x10A3, 0x10A3, 0x10A3,
  0x10A3, 0x10A3, 0x10A3, 0x10A3, 0x10A3, 0x10A3, 0x10A3, 0x10A3, 0x10A3, 0x10A3, 0x10A3, 0x10A3,
  0x10A3, 0x10A3, 0x10A3, 0x10A3, 0x10A3, 0x10A3, 0x10A3, 0x10A3, 0x10A3, 0x10A3, 0x10A3, 0x10A3,
  0x10A3, 0x10A3, 0x10A3, 0x10A3, 0x10A3, 0x10A3, 0x10A3, 0x10A3, 0x10A3, 0x10A3, 0x10A3, 0x10A3,
  0x10A3, 0x10A3, 0x10A3, 0x10A3, 0x10A3, 0x10A3, 0x10A3, 0x10A3, 0x10A3, 0x10A3, 0x10A3, 0x10A3,
  0x10A3, 0x10A3, 0x10A3, 0x10A3, 0x10A3, 0x10A3, 0x10C3, 0x10C3, 0x10C3, 0x10C3, 0x10C3, 0x10C3,
  0x10C3, 0x10C3, 0x10C3, 0x10C3, 0x10C3, 0x10C3, 0x10A3, 0x10A3, 0x10A3, 0x10A3, 0x10A3, 0x10A3,
  0x10C3, 0x10C3, 0x10C3, 0x10C3, 0x10C3, 0x10A3, 0x10A3, 0x10A3, 0x10A3, 0x10A3, 0x10A3, 0x10A3,
  0x10A3, 0x10A3, 0x10C3, 0x10C3, 0x10C3, 0x10C3, 0x10A3, 0x10A3, 0x10C3, 0x10C3, 0x10A3, 0x10A3,
  0x10A3, 0x10C3, 0x10C3, 0x10C3, 0x10C3, 0x10C3, 0x10C3, 0x10C3, 0x10C3, 0x10C3, 0x10C3, 0x10C3,
  0x10C3, 0x10A3, 0x10A3, 0x10A3, 0x10A3, 0x10A3, 0x10C3, 0x10C3, 0x10C3, 0x10C3, 0x10A3, 0x10A3,
  0x10A3, 0x10A3, 0x10A3, 0x10C3, 0x10C3, 0x10C3, 0x10C3, 0x10C3, 0x10C3, 0x10C3, 0x10C3, 0x10C3,
  0x10C3, 0x10C3, 0x10C3, 0x10C3, 0x10A3, 0x10A3, 0x10C3, 0x10C3, 0x10C3, 0x10C3, 0x10C3, 0x10C3,
  0x10C3, 0x10C3, 0x10A3, 0x10A3, 0x10A3, 0x10A3, 0x10A3, 0x10A3, 0x10A3, 0x10A3, 0x10A3, 0x10A3,
  0x10A3, 0x10C3, 0x10C3, 0x10C3, 0x10C3, 0x10C3, 0x10A3, 0x10A3, 0x10A3, 0x10A3, 0x10A3, 0x10A3,
  0x10C3, 0x10C3, 0x10C3, 0x10C3, 0x10A3, 0x10A3, 0x10A3, 0x10A3, 0x10A3, 0x10C3, 0x10C3, 0x10C3,
  0x10C3, 0x10C3, 0x10C3, 0x10A3, 0x10A3, 0x10A3, 0x10C3, 0x10C3, 0x10C3, 0x10A3, 0x10A3, 0x10A3,
  0x10A3, 0x10A3, 0x10A3, 0x10C3, 0x10C3, 0x10C3, 0x10C3, 0x10C3, 0x10A3, 0x10A3, 0x10A3, 0x10A3,
  0x10A3, 0x10A3, 0x10A3, 0x10A3, 0x10A3, 0x10A3, 0x10A3, 0x10A3, 0x10A3, 0x10A3, 0x10A3, 0x10A3,
  0x10A3, 0x10A3, 0x10A3, 0x10A3, 0x10C3, 0x10A3, 0x10A3, 0x10A3, 0x10A3, 0x10A3, 0x10A3, 0x10A3,
  0x10A3, 0x10A3, 0x10A3, 0x10A3, 0x10A3, 0x10A3, 0x10C3, 0x10A3, 0x10A3, 0x10A3, 0x10A3, 0x10A3,
  0x10A3, 0x10A3, 0x10A3, 0x10A3, 0x10A3, 0x10A3, 0x10A3, 0x10A3, 0x10A3, 0x10A3, 0x10A3, 0x10A3,
  0x10A3, 0x10A3, 0x10A3, 0x10A3, 0x10A3, 0x10A3, 0x10A3, 0x10A3, 0x10A3, 0x10A3, 0x10A3, 0x10A3,
  0x10A3, 0x10A3, 0x10A3, 0x10A3, 0x10A3, 0x10A3, 0x10A3, 0x10A3, 0x10A3, 0x10A3, 0x10A3, 0x10A3,
  0x10A3, 0x10A3, 0x10A3, 0x10A3, 0x10A3, 0x10A3, 0x10A3, 0x10A3, 0x10A3, 0x10A3, 0x10A3, 0x10A3,
  0x10A3, 0x10A3, 0x10A3, 0x10A3, 0x10A3, 0x10A3, 0x10A3, 0x10A3, 0x10A3, 0x10C3, 0x10A3, 0x10A3,
  0x10A3, 0x10A3, 0x10A3, 0x10A3, 0x10A3, 0x10A3, 0x10A3, 0x10A3, 0x10A3, 0x10A3, 0x10A3, 0x10A3,
  0x10A3, 0x10C3, 0x10A3, 0x10A3, 0x10A3, 0x10A3, 0x10A3, 0x10A3, 0x10A3, 0x10A3, 0x10A3, 0x10A3,
  0x10A3, 0x10A3, 0x10A3, 0x10A3, 0x10A3, 0x10A3, 0x10A3, 0x10A3, 0x10A3, 0x10A3, 0x10A3, 0x10A3,
  0x10A3, 0x10A3, 0x10A3, 0x10A3, 0x10A3, 0x10A3, 0x10A3, 0x10C3, 0x10A3, 0x10A3, 0x10A3, 0x10A3,
  0x10A3, 0x10A3, 0x10A3, 0x10A3, 0x10A3, 0x10A3, 0x4AAA, 0x4AAA, 0x4AAA, 0x4AAA, 0x4AAA, 0x4AAA,
  0x4AAA, 0x4AAA, 0x4AAA, 0x4AAA, 0x4A8A, 0x52AB, 0x39E8, 0x10A3, 0x10A3, 0x10A3, 0x10A3, 0x1904,
  0x4249, 0x52AA, 0x4AAA, 0x4AAA, 0x4A8A, 0x31C7, 0x10A3, 0x10A3, 0x10A3, 0x10A3, 0x10A3, 0x10A3,
  0x10A3, 0x10E4, 0x528A, 0x6B8E, 0x6B8E, 0x52CB, 0x2125, 0x2986, 0x52AB, 0x52AB, 0x39E8, 0x10A3,
  0x2966, 0x52AB, 0x4A8A, 0x4AAA, 0x4AAA, 0x4AAA, 0x4AAA, 0x4AAA, 0x4AAA, 0x4AAA, 0x4AAA, 0x4A8A,
  0x52AB, 0x2145, 0x10A3, 0x10A3, 0x10A3, 0x2145, 0x52CB, 0x52AA, 0x4AAA, 0x52CB, 0x31C7, 0x10A3,
  0x10A3, 0x10A3, 0x10C3, 0x4A8A, 0x52AA, 0x4AAA, 0x4AAA, 0x4AAA, 0x4AAA, 0x4AAA, 0x4AAA, 0x4AAA,
  0x4AAA, 0x4A8A, 0x52AB, 0x39E8, 0x10A3, 0x31C7, 0x52AB, 0x4A8A, 0x4AAA, 0x4AAA, 0x4AAA, 0x4AAA,
  0x52AA, 0x4249, 0x1924, 0x10A3, 0x10A3, 0x10A3, 0x10A3, 0x10A3, 0x10A3, 0x10A3, 0x10A3, 0x10A3,
  0x2986, 0x4A8A, 0x4AAA, 0x4A8A, 0x52AA, 0x4A6A, 0x2145, 0x10A3, 0x10A3, 0x10A3, 0x10A3, 0x2986,
  0x52AB, 0x4A8A, 0x4A8A, 0x52AB, 0x2145, 0x10A3, 0x10A3, 0x10A3, 0x18E4, 0x4AAA, 0x4AAA, 0x4AAA,
  0x4AAA, 0x4A8A, 0x52AB, 0x1924, 0x10A3, 0x10C3, 0x4A6A, 0x52AB, 0x52AA, 0x1904, 0x10A3, 0x10A3,
  0x10A3, 0x10A3, 0x2125, 0x4A6A, 0x52AA, 0x4AAA, 0x4AAA, 0x4A8A, 0x31A6, 0x10A3, 0x10A3, 0x10A3,
  0xFFFF, 0xFFFF, 0xFFFF, 0xFFFF, 0xFFFF, 0xFFFF, 0xFFFF, 0xFFFF, 0xFFFF, 0xFFFF, 0xFFFF, 0xFFFF,
  0xAD96, 0x10A3, 0x10C3, 0x10A3, 0x6B8E, 0xDF1C, 0xFFFF, 0xFFFF, 0xFFFF, 0xFFFF, 0xFFFF, 0xF7BE,
  0xBDF7, 0x31C7, 0x10A3, 0x10A3, 0x10A3, 0x10A3, 0x5AEC, 0xDEDB, 0xFFFF, 0xFFFF, 0xFFFF, 0xFFFF,
  0xDF1C, 0xDEFB, 0xFFFF, 0xFFFF, 0xAD75, 0x10A3, 0x6B8E, 0xFFFF, 0xFFFF, 0xFFFF, 0xFFFF, 0xFFFF,
  0xFFFF, 0xFFFF, 0xFFFF, 0xFFFF, 0xFFFF, 0xFFFF, 0xFFFF, 0x52EB, 0x10A3, 0x10E4, 0x10A3, 0x8C71,
  0xFFFF, 0xFFFF, 0xFFFF, 0xFFFF, 0xC658, 0x10A3, 0x10C3, 0x10A3, 0x2145, 0xF7BE, 0xFFFF, 0xFFFF,
  0xFFFF, 0xFFFF, 0xFFFF, 0xFFFF, 0xFFFF, 0xFFFF, 0xFFFF, 0xFFFF, 0xFFFF, 0xAD75, 0x10A3, 0x9D14,
  0xFFFF, 0xFFFF, 0xFFFF, 0xFFFF, 0xFFFF, 0xFFFF, 0xFFFF, 0xFFFF, 0xE73C, 0x8431, 0x10A3, 0x10A3,
  0x10A3, 0x10A3, 0x10A3, 0x10A3, 0x2125, 0xA555, 0xEF9E, 0xFFFF, 0xFFFF, 0xFFFF, 0xFFFF, 0xFFFF,
  0xEF5D, 0x8C92, 0x10C3, 0x10C3, 0x10A3, 0x7C10, 0xFFFF, 0xFFFF, 0xFFFF, 0xFFFF, 0xBDF7, 0x10A3,
  0x10C3, 0x10A3, 0x31C7, 0xFFFF, 0xFFFF, 0xFFFF, 0xFFFF, 0xFFFF, 0xFFFF, 0x4249, 0x10A3, 0x2145,
  0xEF9D, 0xFFFF, 0xFFFF, 0x3A08, 0x10A3, 0x10C3, 0x10A3, 0x8430, 0xE75C, 0xFFFF, 0xFFFF, 0xFFFF,
  0xFFFF, 0xFFFF, 0xF79E, 0xAD96, 0x2165, 0x10A3, 0xF79E, 0xF79E, 0xEF9E, 0xFFDF, 0xF7DF, 0xEF9E,
  0xEF9E, 0xF79E, 0xFFFF, 0xF7DE, 0xEF9D, 0xFFFF, 0xA555, 0x10A3, 0x10A3, 0x7C10, 0xFFFF, 0xF7DE,
  0xF7BE, 0xFFFF, 0xFFFF, 0xFFFF, 0xFFDF, 0xF79E, 0xFFFF, 0xE75C, 0x31A7, 0x10A3, 0x10A3, 0x5AEC,
  0xFFFF, 0xFFFF, 0xF79E, 0xFFFF, 0xFFFF, 0xF7DE, 0xF7DE, 0xFFDF, 0xEF7D, 0xFFFF, 0xA534, 0x10A3,
  0x6B6D, 0xFFFF, 0xEF7D, 0xF7BE, 0xFFFF, 0xF7BE, 0xEF9E, 0xEF9E, 0xF7BE, 0xFFFF, 0xF7BE, 0xEF9D,
  0xFFFF, 0x52AB, 0x10A3, 0x10C3, 0x10A3, 0xC659, 0xFFFF, 0xEF9D, 0xEF9E, 0xF7BE, 0xEF9D, 0x2986,
  0x10A3, 0x10A3, 0x2145, 0xE75D, 0xF7BE, 0xEF9E, 0xFFDF, 0xF7DF, 0xEF9E, 0xEF9E, 0xF7BE, 0xFFFF,
  0xF7DE, 0xEF7D, 0xFFFF, 0xA534, 0x10A3, 0x9CF3, 0xFFFF, 0xEF9D, 0xEF9E, 0xEF9E, 0xF7DF, 0xFFFF,
  0xFFFF, 0xF7DE, 0xF7BE, 0xFFFF, 0xA555, 0x10A3, 0x10A3, 0x10A3, 0x10A3, 0x1904, 0xC659, 0xFFFF,
  0xF79E, 0xF7DF, 0xFFFF, 0xFFFF, 0xFFFF, 0xF7DE, 0xF7BE, 0xFFFF, 0xA555, 0x10A3, 0x10A3, 0x7C10,
  0xFFFF, 0xEF9D, 0xEF9E, 0xEF9D, 0xFFFF, 0x6B6E, 0x10A3, 0x10A3, 0x31C7, 0xFFDF, 0xF7DE, 0xEF9E,
  0xEF9E, 0xF7BE, 0xFFFF, 0x4249, 0x10A3, 0x2145, 0xE73C, 0xF7BE, 0xF7BE, 0x39E8, 0x10A3, 0x10A3,
  0x94D3, 0xFFFF, 0xF7BE, 0xF7DE, 0xFFFF, 0xFFFF, 0xFFFF, 0xF7DF, 0xF79E, 0xFFFF, 0xD6BA, 0x2145,
  0xEF9E, 0xEF9E, 0xEF9E, 0xD6BA, 0xD6DB, 0xF7BE, 0xF7BE, 0xEF9E, 0xD69A, 0xDF1C, 0xEF9D, 0xFFDF,
  0xA555, 0x10A3, 0x31C7, 0xF7BE, 0xF79E, 0xF7DF, 0xEF7D, 0xD6BA, 0xD6BA, 0xD69A, 0xD6DA, 0xFFDF,
  0xEF9D, 0xFFFF, 0xAD96, 0x10A3, 0x18E4, 0xDEFB, 0xFFDF, 0xF7BE, 0xEF9D, 0xBDF7, 0xBDF7, 0xE71C,
  0xFFFF, 0xEF9E, 0xEF7D, 0xFFDF, 0xA534, 0x10A3, 0x634D, 0xFFDF, 0xEF9D, 0xEF5D, 0xCE9A, 0xE75C,
  0xF7BE, 0xF7BE, 0xE73C, 0xD69A, 0xEF7D, 0xEF9D, 0xFFDF, 0x52AB, 0x10A3, 0x10A3, 0x31C7, 0xF7BE,
  0xF7BE, 0xF7BE, 0xF7DE, 0xEF9D, 0xFFFF, 0x6B6D, 0x10A3, 0x10A3, 0x2145, 0xE75C, 0xF7BE, 0xEF9D,
  0xD6BA, 0xDEFB, 0xF7BE, 0xF7BE, 0xEF9D, 0xD69A, 0xE71C, 0xEF9D, 0xFFDF, 0xA514, 0x10A3, 0x8430,
  0xDEFB, 0xEF9D, 0xF7BE, 0xF7BE, 0xD6DB, 0xD69A, 0xD69A, 0xE73C, 0xFFFF, 0xEF7D, 0xFFFF, 0x634D,
  0x10A3, 0x10C3, 0x10A3, 0x7C10, 0xFFFF, 0xEF7D, 0xFFFF, 0xDEFB, 0xCE9A, 0xD6BA, 0xD69A, 0xE73C,
  0xFFFF, 0xEF9D, 0xFFFF, 0x5AEC, 0x10A3, 0x6B8E, 0xDEDB, 0xEF7D, 0xF7BE, 0xF79E, 0xF7BE, 0xEF5D,
  0x2166, 0x10A3, 0x31A6, 0xCE9A, 0xE73C, 0xF7BE, 0xF7BE, 0xE75C, 0xD6DB, 0x3A08, 0x10A3, 0x2145,
  0xE73C, 0xF7DF, 0xF7DE, 0x3A08, 0x10A3, 0x4A6A, 0xFFFF, 0xEF9D, 0xFFFF, 0xE73C, 0xD69A, 0xD6BA,
  0xD69A, 0xDEDB, 0xFFFF, 0xEF9D, 0xFFFF, 0x9CF3, 0xFFFF, 0xFFFF, 0xFFFF, 0x31A7, 0x4229, 0xFFFF,
  0xFFDF, 0xDEFB, 0x10A3, 0x8471, 0xFFFF, 0xFFFF, 0xB5D7, 0x10A3, 0x7BEF, 0xFFFF, 0xF7BE, 0xDEFB,
  0x31A7, 0x10A3, 0x10C3, 0x10C3, 0x10C3, 0x73AF, 0xFFFF, 0xF7BE, 0xEF7D, 0x18E4, 0x3A08, 0xFFFF,
  0xF7BE, 0xEF9D, 0x4249, 0x10A3, 0x10A3, 0x2125, 0x8C92, 0xFFFF, 0xFFFF, 0xFFFF, 0xAD96, 0x10A3,
  0x6B8E, 0xFFFF, 0xFFFF, 0xD6BA, 0x10A3, 0xA514, 0xFFFF, 0xFFFF, 0x8C72, 0x10A3, 0xE73C, 0xFFFF,
  0xFFFF, 0x5AEC, 0x10A3, 0x10A3, 0x73AF, 0xFFFF, 0xFFDF, 0xCE9A, 0xB5B6, 0xFFDF, 0xFFFF, 0xAD96,
  0x10A3, 0x10A3, 0x2165, 0xFFDF, 0xFFFF, 0xFFFF, 0x2966, 0x4A6A, 0xFFFF, 0xFFFF, 0xD6DA, 0x10A3,
  0x94B2, 0xFFFF, 0xFFFF, 0xAD75, 0x10A3, 0x10A3, 0x2125, 0xE73C, 0xF7DF, 0xF7DE, 0x3A08, 0x10A3,
  0x10C3, 0x2145, 0xB5D7, 0xFFDF, 0xFFDF, 0xBE18, 0x10A3, 0x10C3, 0x10A3, 0xCE79, 0xFFDF, 0xFFFF,
  0x9CF4, 0x18E4, 0x10C3, 0x10A3, 0x10C3, 0x2125, 0xBDF7, 0xFFDF, 0xFFFF, 0xA555, 0x10A3, 0x10C3,
  0x10C3, 0xD6BA, 0xFFFF, 0xF79E, 0xEF9D, 0xFFFF, 0xA555, 0x10A3, 0x10C3, 0x10A3, 0x8C72, 0xFFFF,
  0xFFFF, 0x9D34, 0x10A3, 0x10C3, 0x10A3, 0x2125, 0xE73C, 0xF7DF, 0xF7DE, 0x3A08, 0x10A3, 0x94D3,
  0xFFFF, 0xF7DE, 0xCE59, 0x2165, 0x10C3, 0x10A3, 0x10C3, 0x10E4, 0x8C92, 0xFFDF, 0xEF9E, 0xE73C,
  0x73CF, 0x73CF, 0x7C10, 0x1904, 0x4249, 0xFFFF, 0xFFDF, 0xDEFB, 0x10A3, 0x4229, 0x7C10, 0x7BF0,
  0x5AEB, 0x10A3, 0x8C92, 0xFFFF, 0xFFFF, 0x9D14, 0x10A3, 0x10C3, 0x10A3, 0x10A3, 0x10A3, 0x1924,
  0xEF7D, 0xF7DE, 0xF7BE, 0x2966, 0x3A08, 0xFFFF, 0xF7BE, 0xE73C, 0x10E4, 0x10A3, 0x10A3, 0x10A3,
  0x10A3, 0x632D, 0x7BF0, 0x7BF0, 0x52CB, 0x10A3, 0x39E7, 0x7BF0, 0x7BEF, 0x634D, 0x10A3, 0x9D14,
  0xFFFF, 0xFFFF, 0x8C72, 0x10A3, 0x6B6E, 0x7BEF, 0x7BF0, 0x29A6, 0x10A3, 0x10A3, 0xB5D6, 0xFFFF,
  0xFFFF, 0x8C92, 0x52AB, 0xFFFF, 0xF7BE, 0xE73C, 0x1924, 0x10A3, 0x18E4, 0x73AE, 0x7BEF, 0x7BEF,
  0x18E4, 0x4A8A, 0xFFFF, 0xFFFF, 0xD6BA, 0x10A3, 0x4249, 0x7C10, 0x7BF0, 0x52AB, 0x10A3, 0x10A3,
  0x1924, 0xE73C, 0xF7DF, 0xF7DE, 0x3A08, 0x10C3, 0x18E4, 0x10A3, 0x4249, 0xFFFF, 0xF7DF, 0xD6DB,
  0x10C3, 0x10A3, 0x10C3, 0xD6DB, 0xFFDF, 0xFFFF, 0x4249, 0x10A3, 0x10C3, 0x10A3, 0x10C3, 0x10A3,
  0x6B8E, 0xFFFF, 0xFFFF, 0xBDD7, 0x10A3, 0x10A3, 0x10A3, 0xD6BA, 0xFFFF, 0xF79E, 0xF7BE, 0xEF9E,
  0xFFFF, 0x52AB, 0x10A3, 0x10A3, 0x8C71, 0xFFFF, 0xFFFF, 0x9D34, 0x10A3, 0x10C3, 0x10A3, 0x2125,
  0xE73C, 0xF7DF, 0xF7DE, 0x3A08, 0x10A3, 0xAD75, 0xFFFF, 0xFFFF, 0x7C10, 0x10A3, 0x10C3, 0x10A3,
  0x10A3, 0x10A3, 0x31C7, 0xFFFF, 0xFFFF, 0xFFFF, 0x10A3, 0x10A3, 0x10A3, 0x10A3, 0x4A8A, 0xFFFF,
  0xFFDF, 0xD6DB, 0x10C3, 0x10A3, 0x10A3, 0x10A3, 0x10A3, 0x10A3, 0x8C71, 0xFFFF, 0xFFFF, 0x9D14,
  0x10A3, 0x10C3, 0x10A3, 0x10A3, 0x10A3, 0x2165, 0xEF5D, 0xF7DE, 0xF7BE, 0x2986, 0x1904, 0xEF9D,
  0xF7BE, 0xFFDF, 0xC659, 0x5AEB, 0x2166, 0x10A3, 0x10A3, 0x10A3, 0x10A3, 0x10A3, 0x10A3, 0x10A3,
  0x10A3, 0x10A3, 0x10A3, 0x10A3, 0x10A3, 0x9D14, 0xFFFF, 0xFFFF, 0x8C92, 0x10A3, 0x10A3, 0x10A3,
  0x10A3, 0x10A3, 0x10A3, 0x2145, 0xEF5D, 0xF7BE, 0xFFFF, 0x52CB, 0x1904, 0xEF9E, 0xF7BE, 0xFFFF,
  0x52CB, 0x10A3, 0x10A3, 0x10A3, 0x10A3, 0x10A3, 0x10A3, 0x52AB, 0xFFFF, 0xFFFF, 0xD6BA, 0x10C3,
  0x10A3, 0x10A3, 0x10A3, 0x10A3, 0x10A3, 0x10A3, 0x2125, 0xE73C, 0xF7DF, 0xF7DE, 0x31A7, 0x10A3,
  0x10A3, 0x10A3, 0x6B8E, 0xFFFF, 0xF7DF, 0xD6BA, 0x10C3, 0x10A3, 0x10C3, 0xD6DB, 0xFFDF, 0xFFFF,
  0x4A6A, 0x10A3, 0x10C3, 0x10A3, 0x10C3, 0x10A3, 0x73AE, 0xFFFF, 0xFFFF, 0xBDD7, 0x10A3, 0x10A3,
  0x10C3, 0xD6BA, 0xFFFF, 0xEF9E, 0xEF9E, 0xF7BE, 0xF7DF, 0xD6DB, 0x1904, 0x10A3, 0x8C72, 0xFFFF,
  0xFFFF, 0x9D34, 0x10A3, 0x10C3, 0x10A3, 0x2125, 0xE73C, 0xF7DF, 0xF7DE, 0x3A08, 0x10A3, 0xAD75,
  0xFFFF, 0xFFFF, 0x8430, 0x10A3, 0x10C3, 0x10A3, 0x10A3, 0x10A3, 0x1904, 0x4A6A, 0x4A6A, 0x4A6A,
  0x10C3, 0x10C3, 0x10C3, 0x10A3, 0x4A6A, 0xFFFF, 0xFFDF, 0xD6DB, 0x10C3, 0x10A3, 0x10C3, 0x10C3,
  0x10C3, 0x10A3, 0x8C71, 0xFFFF, 0xFFFF, 0x9D14, 0x10A3, 0x10C3, 0x10A3, 0x10A3, 0x10A3, 0x2145,
  0xEF5D, 0xF7DE, 0xF7BE, 0x31C7, 0x10A3, 0x94B2, 0xFFFF, 0xEF9D, 0xFFFF, 0xFFFF, 0xE75D, 0xCE9A,
  0xA534, 0x5B0C, 0x10C3, 0x10A3, 0x10C3, 0x10A3, 0x10A3, 0x10C3, 0x10C3, 0x10C3, 0x10A3, 0x9D14,
  0xFFFF, 0xFFFF, 0x8C92, 0x10A3, 0x10C3, 0x10C3, 0x10C3, 0x10C3, 0x10A3, 0x5B0C, 0xFFFF, 0xF7DE,
  0xDEFB, 0x10A3, 0x10A3, 0xAD75, 0xFFFF, 0xFFFF, 0x94D3, 0x10A3, 0x10C3, 0x10C3, 0x10C3, 0x10C3,
  0x10A3, 0x52AB, 0xFFFF, 0xFFFF, 0xD6BA, 0x10A3, 0x10A3, 0x10C3, 0x10C3, 0x10C3, 0x10A3, 0x10A3,
  0x1924, 0xE73C, 0xF7DF, 0xF7DE, 0x7BF0, 0x5B0C, 0x5B0C, 0x7C10, 0xEF7D, 0xF79E, 0xFFFF, 0x9D14,
  0x10A3, 0x10A3, 0x10C3, 0xD6DB, 0xFFDF, 0xFFFF, 0x4A6A, 0x10A3, 0x10C3, 0x10A3, 0x10C3, 0x10A3,
  0x6B8E, 0xFFFF, 0xFFFF, 0xBDD7, 0x10A3, 0x10A3, 0x10A3, 0xD6BA, 0xFFFF, 0xF7BE, 0x8451, 0xEF7D,
  0xF79E, 0xFFFF, 0x94B2, 0x10A3, 0x8C92, 0xFFFF, 0xFFFF, 0x9D34, 0x10A3, 0x10C3, 0x10A3, 0x2125,
  0xE73C, 0xF7DF, 0xF7DE, 0x3A08, 0x10A3, 0xAD75, 0xFFFF, 0xFFFF, 0x8430, 0x10A3, 0x10C3, 0x10A3,
  0x10A3, 0x10A3, 0x10A3, 0x10A3, 0x10A3, 0x10A3, 0x10A3, 0x10A3, 0x10C3, 0x10A3, 0x4A6A, 0xFFFF,
  0xFFDF, 0xD6DB, 0x10C3, 0x10A3, 0x10A3, 0x10A3, 0x10C3, 0x10A3, 0x8C71, 0xFFFF, 0xFFFF, 0x9D14,
  0x10A3, 0x10C3, 0x10A3, 0x10A3, 0x10A3, 0x2145, 0xEF5D, 0xF7DE, 0xF7BE, 0x31C7, 0x10A3, 0x10C3,
  0x9CF3, 0xFFFF, 0xFFFF, 0xF7DE, 0xF7DE, 0xFFFF, 0xFFFF, 0xFFFF, 0xC638, 0x31A7, 0x10A3, 0x10A3,
  0x10A3, 0x10A3, 0x10A3, 0x10C3, 0x10A3, 0x9D14, 0xFFFF, 0xFFFF, 0x8C92, 0x10A3, 0x10C3, 0x10A3,
  0x10A3, 0x10C3, 0x10A3, 0xA534, 0xFFFF, 0xF7DF, 0xCE79, 0x6B6D, 0x6B6E, 0xAD75, 0xFFDF, 0xFFFF,
  0xD6BA, 0x10C3, 0x10A3, 0x10A3, 0x10A3, 0x10C3, 0x10A3, 0x52AB, 0xFFFF, 0xFFFF, 0xD6BA, 0x10A3,
  0x10A3, 0x10A3, 0x10A3, 0x10A3, 0x10A3, 0x10A3, 0x1924, 0xE73C, 0xF7DF, 0xF7BE, 0xFFFF, 0xFFFF,
  0xFFFF, 0xFFFF, 0xF7DE, 0xF7BE, 0xEF9E, 0x31C7, 0x10A3, 0x10A3, 0x10C3, 0xD6DB, 0xFFDF, 0xFFFF,
  0x4A6A, 0x10A3, 0x10C3, 0x10A3, 0x10C3, 0x10A3, 0x6B8E, 0xFFFF, 0xFFFF, 0xBDD7, 0x10A3, 0x10A3,
  0x10A3, 0xD6BA, 0xFFFF, 0xFFFF, 0x4229, 0x8430, 0xFFFF, 0xEF9D, 0xFFDF, 0x31A6, 0x7C10, 0xFFFF,
  0xFFFF, 0x9D34, 0x10A3, 0x10C3, 0x10A3, 0x2125, 0xE73C, 0xF7DF, 0xF7DE, 0x3A08, 0x10A3, 0xAD75,
  0xFFFF, 0xFFFF, 0x8430, 0x10A3, 0x10C3, 0x10A3, 0x10A3, 0x10A3, 0x10A3, 0x10C3, 0x10C3, 0x10C3,
  0x10A3, 0x10A3, 0x10C3, 0x10A3, 0x4A6A, 0xFFFF, 0xFFDF, 0xD6DB, 0x10C3, 0x10A3, 0x10A3, 0x10A3,
  0x10C3, 0x10A3, 0x8C71, 0xFFFF, 0xFFFF, 0x9D14, 0x10A3, 0x10C3, 0x10A3, 0x10A3, 0x10A3, 0x2145,
  0xEF5D, 0xF7DE, 0xF7BE, 0x31C7, 0x10A3, 0x10C3, 0x10A3, 0x52AB, 0xAD96, 0xDF1C, 0xF7DE, 0xFFFF,
  0xFFFF, 0xEF9D, 0xFFFF, 0xDF1C, 0x2966, 0x10A3, 0x10A3, 0x10A3, 0x10A3, 0x10C3, 0x10A3, 0x9D14,
  0xFFFF, 0xFFFF, 0x8C92, 0x10A3, 0x10C3, 0x10A3, 0x10A3, 0x10A3, 0x18E4, 0xDEFB, 0xFFFF, 0xEF9E,
  0xF7BE, 0xFFFF, 0xFFFF, 0xFFFF, 0xEF9E, 0xF7BE, 0xFFDF, 0x4229, 0x10A3, 0x10C3, 0x10A3, 0x10C3,
  0x10A3, 0x52AB, 0xFFFF, 0xFFFF, 0xD6BA, 0x10A3, 0x10A3, 0x10A3, 0x10A3, 0x10A3, 0x10A3, 0x10A3,
  0x1924, 0xE73C, 0xF7DF, 0xF7BE, 0xFFFF, 0xFFFF, 0xFFFF, 0xEF9E, 0xEF9E, 0xFFDF, 0x5AEC, 0x10A3,
  0x10C3, 0x10A3, 0x10C3, 0xD6DB, 0xFFDF, 0xFFFF, 0x4A6A, 0x10A3, 0x10C3, 0x10A3, 0x10C3, 0x10A3,
  0x6B8E, 0xFFFF, 0xFFFF, 0xBDD7, 0x10A3, 0x10A3, 0x10A3, 0xD6BA, 0xFFFF, 0xFFFF, 0x52AA, 0x10C3,
  0xDEFB, 0xF7BE, 0xFFFF, 0xB5B6, 0x8471, 0xFFFF, 0xFFFF, 0x9D34, 0x10A3, 0x10C3, 0x10A3, 0x2125,
  0xE73C, 0xF7DF, 0xF7DE, 0x3A08, 0x10A3, 0xAD75, 0xFFFF, 0xFFFF, 0x8430, 0x10A3, 0x10C3, 0x10A3,
  0x10A3, 0x10A3, 0x10A3, 0x10A3, 0x10A3, 0x10A3, 0x10A3, 0x10A3, 0x10C3, 0x10A3, 0x4A6A, 0xFFFF,
  0xFFDF, 0xD6DB, 0x10C3, 0x10A3, 0x10A3, 0x10A3, 0x10C3, 0x10A3, 0x8C71, 0xFFFF, 0xFFFF, 0x9D14,
  0x10A3, 0x10C3, 0x10A3, 0x10A3, 0x10A3, 0x2145, 0xEF5D, 0xF7DE, 0xF7BE, 0x31C7, 0x10A3, 0x10A3,
  0x10A3, 0x10A3, 0x10A3, 0x1924, 0x3A08, 0x634D, 0xB5B6, 0xFFFF, 0xEF7D, 0xFFFF, 0x9CF3, 0x10A3,
  0x10C3, 0x10A3, 0x10A3, 0x10C3, 0x10A3, 0x9D14, 0xFFFF, 0xFFFF, 0x8C92, 0x10A3, 0x10C3, 0x10A3,
  0x10C3, 0x10A3, 0x4A6A, 0xFFFF, 0xEF9E, 0xF7DF, 0xFFFF, 0xFFFF, 0xFFFF, 0xFFFF, 0xFFFF, 0xEF9D,
  0xFFFF, 0x8430, 0x10A3, 0x10C3, 0x10A3, 0x10C3, 0x10A3, 0x52AB, 0xFFFF, 0xFFFF, 0xD6BA, 0x10A3,
  0x10A3, 0x10A3, 0x10A3, 0x10A3, 0x10A3, 0x10A3, 0x1924, 0xE73C, 0xF7DF, 0xF7BE, 0xCE9A, 0xC638,
  0xC658, 0xF79E, 0xF79E, 0xFFFF, 0x73CF, 0x10A3, 0x10C3, 0x10A3, 0x10C3, 0xD6DB, 0xFFDF, 0xFFFF,
  0x4A6A, 0x10A3, 0x10C3, 0x10A3, 0x10C3, 0x10A3, 0x73AE, 0xFFFF, 0xFFFF, 0xBDD7, 0x10A3, 0x10A3,
  0x10A3, 0xD6BA, 0xFFFF, 0xFFFF, 0x52CB, 0x10A3, 0x5AEB, 0xFFFF, 0xF79E, 0xF7BE, 0xE71C, 0xF79E,
  0xFFFF, 0x9D34, 0x10A3, 0x10C3, 0x10A3, 0x2125, 0xE73C, 0xF7DF, 0xF7DE, 0x3A08, 0x10A3, 0xAD75,
  0xFFFF, 0xFFFF, 0x8430, 0x10A3, 0x10C3, 0x10A3, 0x10A3, 0x10A3, 0x10C3, 0x2145, 0x2145, 0x2145,
  0x10A3, 0x10A3, 0x10C3, 0x10A3, 0x4A6A, 0xFFFF, 0xFFDF, 0xD6DB, 0x10C3, 0x10A3, 0x10A3, 0x10A3,
  0x10C3, 0x10A3, 0x8C72, 0xFFFF, 0xFFFF, 0x9CF3, 0x10A3, 0x10C3, 0x10C3, 0x10C3, 0x10C3, 0x2125,
  0xE75D, 0xF7DE, 0xF7BE, 0x31C7, 0x10C3, 0x4A6A, 0x4A6A, 0x4A8A, 0x18E4, 0x10A3, 0x10A3, 0x10A3,
  0x10A3, 0x7C10, 0xFFFF, 0xF7DE, 0xD6BA, 0x10C3, 0x10A3, 0x10A3, 0x10A3, 0x10C3, 0x10A3, 0x9D14,
  0xFFFF, 0xFFFF, 0x8C92, 0x10A3, 0x10C3, 0x10A3, 0x10C3, 0x10A3, 0x8C71, 0xFFFF, 0xF7BE, 0xE71C,
  0xBDF7, 0xBDF7, 0xBDF7, 0xBDF7, 0xD6BA, 0xF7BE, 0xFFFF, 0xC638, 0x10A3, 0x10A3, 0x10A3, 0x10C3,
  0x10A3, 0x52AB, 0xFFFF, 0xFFFF, 0xD6BA, 0x10A3, 0x10A3, 0x10A3, 0x10A3, 0x10A3, 0x10A3, 0x10A3,
  0x2125, 0xE73C, 0xF7DF, 0xF7DE, 0x39E8, 0x10A3, 0x10A3, 0x9CF3, 0xFFFF, 0xF7BE, 0xEF9E, 0x2986,
  0x10C3, 0x10A3, 0x10C3, 0xD6DB, 0xFFDF, 0xFFFF, 0x4249, 0x10A3, 0x10C3, 0x10C3, 0x10C3, 0x10A3,
  0x6B6E, 0xFFFF, 0xFFFF, 0xBDF7, 0x10A3, 0x10A3, 0x10C3, 0xD6BA, 0xFFFF, 0xFFFF, 0x52CB, 0x10C3,
  0x10A3, 0xAD75, 0xFFFF, 0xEF9E, 0xF7DF, 0xEF9E, 0xFFFF, 0x9D34, 0x10A3, 0x10C3, 0x10A3, 0x2125,
  0xE73C, 0xF7DF, 0xF7DE, 0x3A08, 0x10A3, 0xAD75, 0xFFFF, 0xFFFF, 0x7C10, 0x10A3, 0x10C3, 0x10C3,
  0x10C3, 0x10A3, 0x31C7, 0xEF7D, 0xE75D, 0xE75D, 0x10A3, 0x10A3, 0x10C3, 0x10A3, 0x4A6A, 0xFFFF,
  0xFFDF, 0xD6DB, 0x10C3, 0x10A3, 0x10A3, 0x10A3, 0x10C3, 0x10A3, 0x7C10, 0xFFFF, 0xF7DE, 0xCE79,
  0x10C3, 0x10A3, 0x10A3, 0x10A3, 0x10A3, 0x52CB, 0xF7DF, 0xF7BE, 0xEF9D, 0x2125, 0x2165, 0xFFFF,
  0xFFFF, 0xFFFF, 0xC618, 0x2986, 0x10A3, 0x10A3, 0x10A3, 0x52AB, 0xFFFF, 0xF7DE, 0xDEFB, 0x10E4,
  0x10A3, 0x10A3, 0x10A3, 0x10C3, 0x10A3, 0x9D14, 0xFFFF, 0xFFFF, 0x8C92, 0x10A3, 0x10C3, 0x10A3,
  0x10A3, 0x10A3, 0xCE79, 0xFFFF, 0xFFFF, 0x7BEF, 0x10A3, 0x10A3, 0x10A3, 0x10A3, 0x4228, 0xFFFF,
  0xF7BE, 0xF79E, 0x2986, 0x10A3, 0x10A3, 0x10C3, 0x10A3, 0x52AB, 0xFFFF, 0xFFFF, 0xD6BA, 0x10A3,
  0x10A3, 0x10A3, 0x10A3, 0x10A3, 0x10A3, 0x10A3, 0x10C3, 0xE73C, 0xF7DF, 0xF7DE, 0x31A7, 0x10A3,
  0x10A3, 0x10E4, 0xDEFB, 0xF7BE, 0xFFFF, 0xA555, 0x10A3, 0x10A3, 0x10A3, 0xCE9A, 0xF7DF, 0xFFFF,
  0x7C10, 0x10A3, 0x10A3, 0x10A3, 0x10A3, 0x10A3, 0xA534, 0xFFFF, 0xFFFF, 0xAD96, 0x10A3, 0x10A3,
  0x10A3, 0xCE9A, 0xFFFF, 0xFFFF, 0x4A69, 0x10A3, 0x10A3, 0x2966, 0xEF7D, 0xF7BE, 0xF79E, 0xEF9E,
  0xFFFF, 0x9D34, 0x10A3, 0x10C3, 0x10A3, 0x2125, 0xE73C, 0xF7DF, 0xF7DE, 0x3A08, 0x10A3, 0x9D14,
  0xFFFF, 0xFFDF, 0xB5B6, 0x10A3, 0x10A3, 0x10A3, 0x10A3, 0x10A3, 0x6B8E, 0xFFFF, 0xF7DE, 0xEF9D,
  0x10A3, 0x10A3, 0x10C3, 0x10A3, 0x4A6A, 0xFFFF, 0xFFDF, 0xD6DB, 0x10C3, 0x10A3, 0x10A3, 0x10A3,
  0x10C3, 0x10A3, 0x4229, 0xFFFF, 0xEF9D, 0xFFFF, 0xCE99, 0xAD75, 0xAD75, 0xAD75, 0xAD96, 0xEF7D,
  0xF79E, 0xFFFF, 0xC638, 0x10A3, 0x2986, 0xEF7D, 0xF7BE, 0xEF9D, 0xFFFF, 0xEF5D, 0xA555, 0x8C71,
  0x9CF3, 0xE75D, 0xF79E, 0xFFFF, 0xBDF7, 0x10A3, 0x10A3, 0x10A3, 0x10A3, 0x10C3, 0x10A3, 0x9D14,
  0xFFFF, 0xFFFF, 0x8C92, 0x10A3, 0x10C3, 0x10A3, 0x10A3, 0x31C7, 0xF7BE, 0xF7BE, 0xF7BE, 0x39E8,
  0x10A3, 0x10C3, 0x10A3, 0x10A3, 0x10C3, 0xD6DA, 0xF7DF, 0xFFFF, 0x6B6E, 0x10A3, 0x10C3, 0x10C3,
  0x10A3, 0x52AB, 0xFFFF, 0xFFFF, 0xD6BA, 0x10A3, 0x10A3, 0x10A3, 0x10A3, 0x10C3, 0x10A3, 0x6B6D,
  0xB5B6, 0xEF7D, 0xF7BE, 0xF7BE, 0xBE18, 0x8430, 0x10A3, 0x8C71, 0xDEFB, 0xF7DE, 0xF7BE, 0xF79E,
  0xB5D7, 0x632C, 0x10A3, 0x9CF3, 0xFFFF, 0xEF9D, 0xF7BE, 0xB5D7, 0xAD75, 0xAD75, 0xA555, 0xBE18,
  0xFFDF, 0xEF7D, 0xFFFF, 0x6B8E, 0x10A3, 0x5AEC, 0xB596, 0xE75C, 0xF7DE, 0xF7BE, 0xC638, 0x9492,
  0x10C3, 0x10A3, 0x6B8E, 0xFFFF, 0xEF9E, 0xEF9E, 0xFFFF, 0x9D34, 0x10A3, 0x10C3, 0x10A3, 0x2125,
  0xE73C, 0xF7DF, 0xF7DE, 0x3A08, 0x10A3, 0x5B0C, 0xFFFF, 0xEF9D, 0xFFFF, 0xC638, 0xA555, 0xAD75,
  0xAD75, 0xB5B6, 0xEF9E, 0xEF9E, 0xFFFF, 0xB5B6, 0x10A3, 0x10A3, 0x10C3, 0x10A3, 0x4A6A, 0xF7DF,
  0xF7BE, 0xD6BA, 0x10C3, 0x10A3, 0x10A3, 0x10A3, 0x10A3, 0x10A3, 0x10A3, 0x9D14, 0xFFFF, 0xEF9E,
  0xF7DF, 0xFFFF, 0xFFFF, 0xFFFF, 0xFFFF, 0xF79E, 0xFFDF, 0xFFFF, 0x4A6A, 0x10A3, 0x2986, 0xEF7D,
  0xF79E, 0xEF9E, 0xF7BE, 0xF7BE, 0xFFFF, 0xFFFF, 0xFFFF, 0xF7BE, 0xF7DF, 0xFFFF, 0x4A6A, 0x10A3,
  0x10C3, 0x10A3, 0x10A3, 0x10C3, 0x10A3, 0x9CF4, 0xFFDF, 0xFFDF, 0x8C71, 0x10A3, 0x10C3, 0x10C3,
  0x10A3, 0x73AE, 0xFFDF, 0xF7BE, 0xCE9A, 0x10C3, 0x10A3, 0x10A3, 0x10A3, 0x10C3, 0x10A3, 0x9CF3,
  0xFFDF, 0xFFDF, 0xAD75, 0x10A3, 0x10C3, 0x10C3, 0x10A3, 0x52AB, 0xFFDF, 0xF7BE, 0xCE9A, 0x10A3,
  0x10A3, 0x10A3, 0x10A3, 0x10C3, 0x10A3, 0x9CF3, 0xFFFF, 0xEF7D, 0xEF9E, 0xEF7D, 0xFFFF, 0xC638,
  0x10A3, 0xD6BA, 0xFFFF, 0xEF7D, 0xEF9E, 0xEF7D, 0xFFFF, 0x8C92, 0x10A3, 0x2986, 0xE73C, 0xFFFF,
  0xEF9E, 0xFFFF, 0xFFFF, 0xFFFF, 0xFFFF, 0xFFFF, 0xEF9D, 0xFFFF, 0xC659, 0x18E4, 0x10A3, 0x8410,
  0xFFFF, 0xEF9D, 0xEF9E, 0xEF7D, 0xFFFF, 0xDEDB, 0x10A3, 0x10C3, 0x10A3, 0xBE18, 0xFFFF, 0xEF5D,
  0xFFDF, 0x9D14, 0x10A3, 0x10C3, 0x10A3, 0x2125, 0xDF1C, 0xF7BE, 0xF79E, 0x39E8, 0x10A3, 0x10C3,
  0xBDF7, 0xFFFF, 0xEF9D, 0xFFFF, 0xFFFF, 0xFFFF, 0xFFFF, 0xFFFF, 0xEF9D, 0xFFFF, 0xEF7D, 0x31C7,
  0x10A3, 0x10A3, 0x10C3, 0x10A3, 0x4AAA, 0xFFFF, 0xFFFF, 0xE75C, 0x10C3, 0x10A3, 0x10A3, 0x10A3,
  0x10A3, 0x10A3, 0x10A3, 0x10C3, 0x9CF4, 0xFFDF, 0xFFFF, 0xFFFF, 0xFFFF, 0xFFFF, 0xFFFF, 0xFFFF,
  0xE73C, 0x5AEB, 0x10A3, 0x10A3, 0x2986, 0xFFFF, 0xFFFF, 0xFFFF, 0xE75D, 0xFFFF, 0xFFFF, 0xFFFF,
  0xFFFF, 0xFFFF, 0xE75D, 0x632C, 0x10A3, 0x10A3, 0x10A3, 0x10A3, 0x10A3, 0x10C3, 0x10A3, 0xAD75,
  0xFFFF, 0xFFFF, 0x94D3, 0x10A3, 0x10C3, 0x10A3, 0x10A3, 0xC679, 0xFFFF, 0xFFFF, 0x94D3, 0x10A3,
  0x10C3, 0x10A3, 0x10A3, 0x10C3, 0x10A3, 0x52CB, 0xFFFF, 0xFFFF, 0xF7DE, 0x2145, 0x10A3, 0x10C3,
  0x10A3, 0x5ACB, 0xFFFF, 0xFFFF, 0xDF1C, 0x10A3, 0x10A3, 0x10A3, 0x10A3, 0x10C3, 0x10A3, 0x9CF3,
  0xFFFF, 0xFFFF, 0xFFFF, 0xFFFF, 0xFFFF, 0xC658, 0x10A3, 0xD6BA, 0xFFFF, 0xFFFF, 0xFFFF, 0xFFFF,
  0xFFFF, 0x8C72, 0x10A3, 0x10A3, 0x3A08, 0xCE9A, 0xFFFF, 0xFFFF, 0xFFFF, 0xFFFF, 0xFFFF, 0xFFFF,
  0xFFFF, 0xBDD7, 0x2165, 0x10A3, 0x10A3, 0x8430, 0xFFFF, 0xFFFF, 0xFFFF, 0xFFFF, 0xFFFF, 0xDEFB,
  0x10A3, 0x10A3, 0x10A3, 0x39E8, 0xFFFF, 0xFFFF, 0xFFFF, 0xAD75, 0x10A3, 0x10C3, 0x10A3, 0x2125,
  0xF7BE, 0xFFFF, 0xFFFF, 0x3A08, 0x10A3, 0x10A3, 0x2125, 0xAD96, 0xFFFF, 0xFFFF, 0xFFFF, 0xFFFF,
  0xFFFF, 0xFFFF, 0xFFFF, 0xD6DB, 0x4249, 0x10A3, 0x10A3, 0x10A3, 0x10A3, 0x10A3, 0x2986, 0x8430,
  0x8430, 0x73AE, 0x10C3, 0x10A3, 0x10A3, 0x10A3, 0x10A3, 0x10A3, 0x10A3, 0x10A3, 0x10A3, 0x3A08,
  0x73AE, 0x7C10, 0x7C10, 0x7C10, 0x7C10, 0x632C, 0x1924, 0x10A3, 0x10C3, 0x10A3, 0x1904, 0x7BF0,
  0x8430, 0x7BEF, 0x2986, 0x5B0C, 0x8C92, 0xA514, 0x9CF3, 0x6B8E, 0x2145, 0x10A3, 0x10A3, 0x10A3,
  0x10A3, 0x10A3, 0x10A3, 0x10A3, 0x10A3, 0x52CB, 0x8431, 0x8431, 0x4A8A, 0x10A3, 0x10A3, 0x10A3,
  0x10C3, 0x73CF, 0x8430, 0x8451, 0x31C7, 0x10A3, 0x10A3, 0x10A3, 0x10A3, 0x10A3, 0x10A3, 0x1904,
  0x7C10, 0x7C10, 0x8431, 0x2986, 0x10A3, 0x10C3, 0x10A3, 0x31A7, 0x8431, 0x8430, 0x6B8E, 0x10A3,
  0x10A3, 0x10A3, 0x10A3, 0x10A3, 0x10A3, 0x4AAA, 0x8431, 0x7C10, 0x7C10, 0x7C10, 0x8431, 0x632D,
  0x10A3, 0x6B6D, 0x8431, 0x7C10, 0x7C10, 0x7C10, 0x8431, 0x4A6A, 0x10A3, 0x10C3, 0x10A3, 0x10C3,
  0x52CB, 0x7BF0, 0x7C10, 0x7C10, 0x7C10, 0x7BCF, 0x4A6A, 0x10A3, 0x10A3, 0x10C3, 0x10A3, 0x4249,
  0x8431, 0x7C10, 0x7C10, 0x7C10, 0x8430, 0x6B8E, 0x10A3, 0x10A3, 0x10A3, 0x10A3, 0x5AEC, 0x8431,
  0x8431, 0x52CB, 0x10A3, 0x10A3, 0x10A3, 0x18E4, 0x73CF, 0x8410, 0x7C10, 0x2145, 0x10A3, 0x10A3,
  0x10A3, 0x10A3, 0x4249, 0x73CF, 0x7C10, 0x7C10, 0x7C10, 0x7BF0, 0x5AEB, 0x10E4, 0x10A3, 0x10A3,
  0x10A3, 0x10A3, 0x10A3, 0x10A3, 0x10A3, 0x10A3, 0x10A3, 0x10A3, 0x10A3, 0x10A3, 0x10A3, 0x10A3,
  0x10A3, 0x10A3, 0x10A3, 0x10A3, 0x10A3, 0x10A3, 0x10A3, 0x10A3, 0x10A3, 0x10A3, 0x10A3, 0x10A3,
  0x10A3, 0x10C3, 0x10A3, 0x10A3, 0x10A3, 0x10A3, 0x10A3, 0x10A3, 0x10A3, 0x10A3, 0x10A3, 0x10A3,
  0x10A3, 0x10A3, 0x10A3, 0x10C3, 0x10A3, 0x10A3, 0x10A3, 0x10A3, 0x10A3, 0x10A3, 0x10A3, 0x10A3,
  0x10A3, 0x10A3, 0x10A3, 0x10A3, 0x10A3, 0x10A3, 0x10A3, 0x10A3, 0x10A3, 0x10A3, 0x10A3, 0x10A3,
  0x10A3, 0x10A3, 0x10A3, 0x10A3, 0x10A3, 0x10A3, 0x10A3, 0x10A3, 0x10A3, 0x10A3, 0x10A3, 0x10A3,
  0x10A3, 0x10A3, 0x10A3, 0x10A3, 0x10A3, 0x10A3, 0x10A3, 0x10A3, 0x10A3, 0x10A3, 0x10A3, 0x10A3,
  0x10A3, 0x10A3, 0x10A3, 0x10A3, 0x10A3, 0x10A3, 0x10A3, 0x10A3, 0x10A3, 0x10A3, 0x10A3, 0x10A3,
  0x10A3, 0x10A3, 0x10A3, 0x10A3, 0x10A3, 0x10A3, 0x10A3, 0x10A3, 0x10A3, 0x10A3, 0x10A3, 0x10A3,
  0x10A3, 0x10A3, 0x10A3, 0x10A3, 0x10A3, 0x10A3, 0x10A3, 0x10A3, 0x10A3, 0x10A3, 0x10A3, 0x10A3,
  0x10A3, 0x10A3, 0x10A3, 0x10A3, 0x10A3, 0x10A3, 0x10A3, 0x10A3, 0x10A3, 0x10A3, 0x10A3, 0x10A3,
  0x10A3, 0x10A3, 0x10A3, 0x10A3, 0x10A3, 0x10A3, 0x10A3, 0x10A3, 0x10A3, 0x10A3, 0x10A3, 0x10A3,
  0x10A3, 0x10A3, 0x10A3, 0x10A3, 0x10A3, 0x10A3, 0x10A3, 0x10A3, 0x10A3, 0x10A3, 0x10A3, 0x10C3,
  0x10C3, 0x10C3, 0x10A3, 0x10A3, 0x10A3, 0x10A3, 0x10A3, 0x10A3, 0x10A3, 0x10A3, 0x10A3, 0x10A3,
  0x10C3, 0x10C3, 0x10C3, 0x10C3, 0x10C3, 0x10C3, 0x10A3, 0x10A3, 0x10A3, 0x10A3, 0x10A3, 0x10C3,
  0x10C3, 0x10C3, 0x10A3, 0x10C3, 0x10C3, 0x10C3, 0x10C3, 0x10C3, 0x10A3, 0x10A3, 0x10A3, 0x10A3,
  0x10A3, 0x10A3, 0x10A3, 0x10A3, 0x10A3, 0x10C3, 0x10C3, 0x10C3, 0x10A3, 0x10A3, 0x10A3, 0x10A3,
  0x10C3, 0x10C3, 0x10E4, 0x10C3, 0x10A3, 0x10A3, 0x10A3, 0x10A3, 0x10A3, 0x10A3, 0x10A3, 0x10C3,
  0x10C3, 0x10C3, 0x10C3, 0x10A3, 0x10A3, 0x10A3, 0x10A3, 0x10A3, 0x10C3, 0x10C3, 0x10C3, 0x10A3,
  0x10A3, 0x10A3, 0x10C3, 0x10C3, 0x10A3, 0x10C3, 0x10C3, 0x10C3, 0x10C3, 0x10C3, 0x10C3, 0x10C3,
  0x10A3, 0x10C3, 0x10C3, 0x10C3, 0x10C3, 0x10C3, 0x10C3, 0x10A3, 0x10A3, 0x10A3, 0x10A3, 0x10A3,
  0x10C3, 0x10C3, 0x10C3, 0x10C3, 0x10C3, 0x10C3, 0x10C3, 0x10A3, 0x10A3, 0x10A3, 0x10A3, 0x10A3,
  0x10C3, 0x10C3, 0x10C3, 0x10C3, 0x10C3, 0x10C3, 0x10A3, 0x10A3, 0x10A3, 0x10A3, 0x10C3, 0x10C3,
  0x10C3, 0x10C3, 0x10A3, 0x10A3, 0x10A3, 0x10A3, 0x10C3, 0x10C3, 0x10C3, 0x10A3, 0x10A3, 0x10A3,
  0x10A3, 0x10A3, 0x10C3, 0x10C3, 0x10C3, 0x10C3, 0x10C3, 0x10C3, 0x10C3, 0x10A3, 0x10A3, 0x10A3,
  0x10A3, 0x10A3, 0x10A3, 0x10A3, 0x10A3, 0x10A3, 0x10A3, 0x10A3, 0x10A3, 0x10A3, 0x10A3, 0x10A3,
  0x10A3, 0x10A3, 0x10A3, 0x10A3, 0x10A3, 0x10A3, 0x10A3, 0x10A3, 0x10A3, 0x10A3, 0x10A3, 0x10A3,
  0x10A3, 0x10A3, 0x10A3, 0x10A3, 0x10A3, 0x10A3, 0x10A3, 0x10A3, 0x10A3, 0x10A3, 0x10A3, 0x10A3,
  0x10A3, 0x10A3, 0x10A3, 0x10A3, 0x10A3, 0x10A3, 0x10A3, 0x10A3, 0x10A3, 0x10A3, 0x10A3, 0x10A3,
  0x10A3, 0x10A3, 0x10A3, 0x10A3, 0x10A3, 0x10A3, 0x10A3, 0x10A3, 0x10A3, 0x10A3, 0x10A3, 0x10A3,
  0x10A3, 0x10A3, 0x10A3, 0x10A3, 0x10A3, 0x10A3, 0x10A3, 0x10A3, 0x10A3, 0x10A3, 0x10A3, 0x10A3,
  0x10A3, 0x10A3, 0x10A3, 0x10A3, 0x10A3, 0x10A3, 0x10A3, 0x10A3, 0x10A3, 0x10A3, 0x10A3, 0x10A3,
  0x10A3, 0x10A3, 0x10A3, 0x10A3, 0x10A3, 0x10A3, 0x10A3, 0x10A3, 0x10A3, 0x10A3, 0x10A3, 0x10A3,
  0x10C3, 0x10A3, 0x10A3, 0x10A3, 0x10A3, 0x10A3, 0x10A3, 0x10A3, 0x10A3, 0x10A3, 0x10A3, 0x10A3,
  0x10A3, 0x10A3, 0x10A3, 0x10A3, 0x10A3, 0x10A3, 0x10A3, 0x10A3, 0x10A3, 0x10A3, 0x10A3, 0x10A3,
  0x10A3, 0x10A3, 0x10A3, 0x10A3, 0x10A3, 0x10A3, 0x10A3, 0x10A3, 0x10A3, 0x10A3, 0x10A3, 0x10A3,
  0x10A3, 0x10A3, 0x10A3, 0x10A3, 0x10A3, 0x10A3, 0x10A3, 0x10A3, 0x10A3, 0x10A3, 0x10A3, 0x10A3,
  0x10A3, 0x10A3, 0x10A3, 0x10A3, 0x10A3, 0x10A3, 0x10A3, 0x10A3, 0x10A3, 0x10A3, 0x10A3, 0x10A3,
  0x10A3, 0x10A3, 0x10A3, 0x10A3, 0x10A3, 0x10A3, 0x10A3, 0x10A3, 0x10A3, 0x10A3, 0x10A3, 0x10A3,
  0x10A3, 0x10A3, 0x10A3, 0x10A3, 0x10A3, 0x10A3, 0x10A3, 0x10A3, 0x10A3, 0x10A3, 0x10A3, 0x10A3,
  0x10A3, 0x10A3, 0x10A3, 0x10A3, 0x10A3, 0x10A3, 0x10A3, 0x10A3, 0x10A3, 0x10A3, 0x10A3, 0x10A3,
  0x10A3, 0x10A3, 0x10A3, 0x10A3, 0x10A3, 0x10A3, 0x10A3, 0x10A3, 0x10A3, 0x10A3, 0x10A3, 0x10C3,
  0x4A8A, 0x6B6D, 0x634D, 0x4A6A, 0x10E4, 0x10A3, 0x10A3, 0x10A3, 0x10A3, 0x18E4, 0x39E8, 0x3A08,
  0x1904, 0x10A3, 0x10A3, 0x2145, 0x3A08, 0x31C7, 0x10A3, 0x10A3, 0x10A3, 0x10A3, 0x10A3, 0x10A3,
  0x10A3, 0x4228, 0x634D, 0x632D, 0x31C7, 0x10A3, 0x10A3, 0x10A3, 0x10A3, 0x10A3, 0x10A3, 0x10A3,
  0x2966, 0x3A08, 0x39E8, 0x39E7, 0x39E8, 0x2125, 0x10A3, 0x10A3, 0x10A3, 0x10A3, 0x10A3, 0x10A3,
  0x10A3, 0x10A3, 0x10A3, 0x10A3, 0x10A3, 0x10A3, 0x10A3, 0x10A3, 0x10A3, 0x10A3, 0x10A3, 0x10A3,
  0x10A3, 0x10A3, 0x10A3, 0x10A3, 0x10A3, 0x10A3, 0x10A3, 0x10A3, 0x10A3, 0x10A3, 0x10A3, 0x10A3,
  0x10A3, 0x10A3, 0x10A3, 0x10A3, 0x10A3, 0x10A3, 0x10A3, 0x10A3, 0x10A3, 0x10A3, 0x10A3, 0x10A3,
  0x10A3, 0x10A3, 0x10A3, 0x10A3, 0x10A3, 0x10A3, 0x10A3, 0x10A3, 0x10A3, 0x10A3, 0x10A3, 0x10A3,
  0x10A3, 0x10A3, 0x10A3, 0x10A3, 0x10A3, 0x10A3, 0x10A3, 0x10A3, 0x10A3, 0x10A3, 0x10A3, 0x10A3,
  0x10A3, 0x10A3, 0x10A3, 0x10A3, 0x10A3, 0x10A3, 0x10A3, 0x10A3, 0x10A3, 0x10A3, 0x10A3, 0x10A3,
  0x10A3, 0x10A3, 0x10A3, 0x10A3, 0x10A3, 0x10A3, 0x10A3, 0x10A3, 0x10A3, 0x10A3, 0x10A3, 0x10A3,
  0x10A3, 0x10A3, 0x10A3, 0x10A3, 0x10A3, 0x10A3, 0x10A3, 0x10A3, 0x10A3, 0x10A3, 0x10A3, 0x10A3,
  0x10A3, 0x10A3, 0x10A3, 0x10A3, 0x39E8, 0xD6BA, 0xFFFF, 0xFFFF, 0xFFFF, 0xFFFF, 0xDEFB, 0x31A6,
  0x10A3, 0x10C3, 0x10A3, 0x3A08, 0xFFDF, 0xFFFF, 0x52CB, 0x10A3, 0x10A3, 0x8C72, 0xFFFF, 0xDF1B,
  0x18E4, 0x10A3, 0x10A3, 0x10A3, 0x10A3, 0x2165, 0xB5D7, 0xFFDF, 0xFFFF, 0xFFFF, 0xF7BE, 0x9D14,
  0x18E4, 0x10A3, 0x10A3, 0x10A3, 0x10C3, 0x10A3, 0x94B2, 0xFFFF, 0xF7BE, 0xFFFF, 0xFFFF, 0xE75C,
  0x8430, 0x10A3, 0x10A3, 0x10A3, 0x10A3, 0x10A3, 0x10A3, 0x10A3, 0x10A3, 0x10A3, 0x10A3, 0x10A3,
  0x10A3, 0x10A3, 0x10A3, 0x10A3, 0x10A3, 0x10A3, 0x10A3, 0x10A3, 0x10A3, 0x10A3, 0x10A3, 0x10A3,
  0x10A3, 0x10A3, 0x10A3, 0x10A3, 0x10A3, 0x10A3, 0x10A3, 0x10A3, 0x10A3, 0x10A3, 0x10A3, 0x10A3,
  0x10A3, 0x10A3, 0x10A3, 0x10A3, 0x10A3, 0x10A3, 0x10A3, 0x10A3, 0x10A3, 0x10A3, 0x10A3, 0x10A3,
  0x10A3, 0x10A3, 0x10A3, 0x10A3, 0x10A3, 0x10A3, 0x10A3, 0x10A3, 0x10A3, 0x10A3, 0x10A3, 0x10A3,
  0x10A3, 0x10A3, 0x10A3, 0x10A3, 0x10A3, 0x10A3, 0x10A3, 0x10A3, 0x10A3, 0x10A3, 0x10A3, 0x10A3,
  0x10A3, 0x10A3, 0x10A3, 0x10A3, 0x10A3, 0x10A3, 0x10A3, 0x10A3, 0x10A3, 0x10A3, 0x10A3, 0x10A3,
  0x10A3, 0x10A3, 0x10A3, 0x10A3, 0x10A3, 0x10A3, 0x10A3, 0x10A3, 0x10A3, 0x10A3, 0x10A3, 0x10A3,
  0x10A3, 0x10A3, 0x10A3, 0x10A3, 0x10A3, 0x10A3, 0x10A3, 0x10A3, 0x10A3, 0x10A3, 0xBE18, 0xFFFF,
  0xD6BA, 0xA534, 0xB5D7, 0xF7DF, 0xC638, 0x10C3, 0x10A3, 0x10C3, 0x10A3, 0x3A08, 0xF7DE, 0xFFFF,
  0x52CB, 0x10A3, 0x10A3, 0x8C71, 0xFFFF, 0xDEFB, 0x18E4, 0x10A3, 0x10A3, 0x10A3, 0x1904, 0xCE9A,
  0xFFFF, 0xFFFF, 0xD6BA, 0xDEFB, 0xFFFF, 0xFFFF, 0xAD96, 0x10A3, 0x10A3, 0x10A3, 0x10C3, 0x10A3,
  0x9492, 0xFFFF, 0xEF7D, 0xC679, 0xD6BA, 0xFFFF, 0xFFFF, 0x6B6D, 0x10A3, 0x10C3, 0x10A3, 0x10A3,
  0x10A3, 0x10A3, 0x10A3, 0x10A3, 0x10A3, 0x10A3, 0x10A3, 0x10A3, 0x10A3, 0x10A3, 0x10A3, 0x10A3,
  0x10A3, 0x10A3, 0x10A3, 0x10A3, 0x10A3, 0x10A3, 0x10A3, 0x10A3, 0x10A3, 0x10A3, 0x10A3, 0x10A3,
  0x10A3, 0x10A3, 0x10A3, 0x10A3, 0x10A3, 0x10A3, 0x10A3, 0x10A3, 0x10A3, 0x10A3, 0x10A3, 0x10A3,
  0x10A3, 0x10A3, 0x10A3, 0x10A3, 0x10A3, 0x10A3, 0x10A3, 0x10A3, 0x10A3, 0x10A3, 0x10A3, 0x10A3,
  0x10A3, 0x10A3, 0x10A3, 0x10A3, 0x10A3, 0x10A3, 0x10A3, 0x10A3, 0x10A3, 0x10A3, 0x10A3, 0x10A3,
  0x10A3, 0x10A3, 0x10A3, 0x10A3, 0x10A3, 0x10A3, 0x10A3, 0x10A3, 0x10A3, 0x10A3, 0x10A3, 0x10A3,
  0x10A3, 0x10A3, 0x10A3, 0x10A3, 0x10A3, 0x10A3, 0x10A3, 0x10A3, 0x10A3, 0x10A3, 0x10A3, 0x10A3,
  0x10A3, 0x10A3, 0x10A3, 0x10A3, 0x10A3, 0x10A3, 0x10A3, 0x10A3, 0x10A3, 0x10A3, 0x10A3, 0x10A3,
  0x10A3, 0x10A3, 0x10A3, 0x1904, 0xE73C, 0xFFDF, 0xA534, 0x10C3, 0x10A3, 0x2145, 0x2145, 0x10A3,
  0x10A3, 0x10A3, 0x10A3, 0x3A08, 0xF7DE, 0xFFFF, 0x4A8A, 0x10A3, 0x10A3, 0x8451, 0xFFFF, 0xDEFB,
  0x18E4, 0x10A3, 0x10C3, 0x10A3, 0x7BEF, 0xFFFF, 0xF7BE, 0x6B8E, 0x10C3, 0x1904, 0x8C92, 0xF7DF,
  0xFFFF, 0x52CB, 0x10A3, 0x10C3, 0x10C3, 0x10A3, 0x8C92, 0xFFFF, 0xCE99, 0x10A3, 0x10A3, 0xBE18,
  0xFFFF, 0xB5B6, 0x10A3, 0x10C3, 0x10A3, 0x10A3, 0x10A3, 0x10A3, 0x10A3, 0x10A3, 0x10A3, 0x10A3,
  0x10A3, 0x10A3, 0x10A3, 0x10A3, 0x10A3, 0x10A3, 0x10A3, 0x10A3, 0x10A3, 0x10A3, 0x10A3, 0x10A3,
  0x10A3, 0x10A3, 0x10A3, 0x10A3, 0x10A3, 0x10A3, 0x10A3, 0x10A3, 0x10A3, 0x10A3, 0x10A3, 0x10A3,
  0x10A3, 0x10A3, 0x10A3, 0x10A3, 0x10A3, 0x10A3, 0x10A3, 0x10A3, 0x10A3, 0x10A3, 0x10A3, 0x10A3,
  0x10A3, 0x10A3, 0x10A3, 0x10A3, 0x10A3, 0x10A3, 0x10A3, 0x10A3, 0x10A3, 0x10A3, 0x10A3, 0x10A3,
  0x10A3, 0x10A3, 0x10A3, 0x10A3, 0x10A3, 0x10A3, 0x10A3, 0x10A3, 0x10A3, 0x10A3, 0x10A3, 0x10A3,
  0x10A3, 0x10A3, 0x10A3, 0x10A3, 0x10A3, 0x10A3, 0x10A3, 0x10A3, 0x10A3, 0x10A3, 0x10A3, 0x10A3,
  0x10A3, 0x10A3, 0x10A3, 0x10A3, 0x10A3, 0x10A3, 0x10A3, 0x10A3, 0x10A3, 0x10A3, 0x10A3, 0x10A3,
  0x10A3, 0x10A3, 0x10A3, 0x10A3, 0x10A3, 0x10A3, 0x10A3, 0x10A3, 0x10A3, 0x10A3, 0xC659, 0xFFFF,
  0xF7DE, 0xE73C, 0xBDF7, 0x7BEF, 0x2145, 0x10A3, 0x10A3, 0x10A3, 0x10A3, 0x3A08, 0xF7DF, 0xF7BE,
  0xCE79, 0xBDF7, 0xBDF7, 0xD6DB, 0xFFFF, 0xDF1B, 0x18E4, 0x10A3, 0x10C3, 0x10A3, 0xBDF7, 0xFFFF,
  0xAD96, 0x10A3, 0x10A3, 0x10A3, 0x10A3, 0xCE9A, 0xFFFF, 0x9CF3, 0x10A3, 0x10C3, 0x10C3, 0x10A3,
  0x9492, 0xFFFF, 0xDEDB, 0x4AAA, 0x5B0C, 0xD6DB, 0xFFFF, 0xA535, 0x10A3, 0x10C3, 0x10A3, 0x10A3,
  0x10A3, 0x10A3, 0x10A3, 0x10A3, 0x10A3, 0x10A3, 0x10A3, 0x10A3, 0x10A3, 0x10A3, 0x10A3, 0x10A3,
  0x10A3, 0x10A3, 0x10A3, 0x10A3, 0x10A3, 0x10A3, 0x10A3, 0x10A3, 0x10A3, 0x10A3, 0x10A3, 0x10A3,
  0x10A3, 0x10A3, 0x10A3, 0x10A3, 0x10A3, 0x10A3, 0x10A3, 0x10A3, 0x10A3, 0x10A3, 0x10A3, 0x10A3,
  0x10A3, 0x10A3, 0x10A3, 0x10A3, 0x10A3, 0x10A3, 0x10A3, 0x10A3, 0x10A3, 0x10A3, 0x10A3, 0x10A3,
  0x10A3, 0x10A3, 0x10A3, 0x10A3, 0x10A3, 0x10A3, 0x10A3, 0x10A3, 0x10A3, 0x10A3, 0x10A3, 0x10A3,
  0x10A3, 0x10A3, 0x10A3, 0x10A3, 0x10A3, 0x10A3, 0x10A3, 0x10A3, 0x10A3, 0x10A3, 0x10A3, 0x10A3,
  0x10A3, 0x10A3, 0x10A3, 0x10A3, 0x10A3, 0x10A3, 0x10A3, 0x10A3, 0x10A3, 0x10A3, 0x10A3, 0x10A3,
  0x10A3, 0x10A3, 0x10A3, 0x10A3, 0x10A3, 0x10A3, 0x10A3, 0x10A3, 0x10A3, 0x10A3, 0x10A3, 0x10A3,
  0x10A3, 0x10A3, 0x10A3, 0x10A3, 0x39E8, 0xCE59, 0xF7DF, 0xFFFF, 0xFFFF, 0xFFFF, 0xEF5D, 0x3A08,
  0x10A3, 0x10C3, 0x10A3, 0x3A08, 0xFFDF, 0xF79E, 0xFFFF, 0xFFFF, 0xFFFF, 0xFFFF, 0xFFFF, 0xDF1B,
  0x18E4, 0x10A3, 0x10A3, 0x10A3, 0xC658, 0xFFFF, 0x8C92, 0x10A3, 0x10E4, 0x10C3, 0x10A3, 0xB5B6,
  0xFFFF, 0xA555, 0x10A3, 0x10C3, 0x10C3, 0x10A3, 0x94B2, 0xFFFF, 0xF7BE, 0xFFFF, 0xFFFF, 0xFFFF,
  0xF7BE, 0x4229, 0x10A3, 0x10A3, 0x10A3, 0x10A3, 0x10A3, 0x10A3, 0x10A3, 0x10A3, 0x10A3, 0x10A3,
  0x10A3, 0x10A3, 0x10A3, 0x10A3, 0x10A3, 0x10A3, 0x10A3, 0x10A3, 0x10A3, 0x10A3, 0x10A3, 0x10A3,
  0x10A3, 0x10A3, 0x10A3, 0x10A3, 0x10A3, 0x10A3, 0x10A3, 0x10A3, 0x10A3, 0x10A3, 0x10A3, 0x10A3,
  0x10A3, 0x10A3, 0x10A3, 0x10A3, 0x10A3, 0x10A3, 0x10A3, 0x10A3, 0x10A3, 0x10A3, 0x10A3, 0x10A3,
  0x10A3, 0x10A3, 0x10A3, 0x10A3, 0x10A3, 0x10A3, 0x10A3, 0x10A3, 0x10A3, 0x10A3, 0x10A3, 0x10A3,
  0x10A3, 0x10A3, 0x10A3, 0x10A3, 0x10A3, 0x10A3, 0x10A3, 0x10A3, 0x10A3, 0x10A3, 0x10A3, 0x10A3,
  0x10A3, 0x10A3, 0x10A3, 0x10A3, 0x10A3, 0x10A3, 0x10A3, 0x10A3, 0x10A3, 0x10A3, 0x10A3, 0x10A3,
  0x10A3, 0x10A3, 0x10A3, 0x10A3, 0x10A3, 0x10A3, 0x10A3, 0x10A3, 0x10A3, 0x10A3, 0x10A3, 0x10A3,
  0x10A3, 0x10A3, 0x10A3, 0x10A3, 0x10A3, 0x10A3, 0x10A3, 0x10A3, 0x10A3, 0x10A3, 0x10A3, 0x10A3,
  0x2986, 0x632C, 0x9CF3, 0xE75D, 0xFFFF, 0x9CF3, 0x10A3, 0x10C3, 0x10A3, 0x3A08, 0xF7DE, 0xFFDF,
  0x8C92, 0x632C, 0x632C, 0xAD96, 0xFFFF, 0xDEFB, 0x18E4, 0x10A3, 0x10C3, 0x10A3, 0xAD75, 0xFFFF,
  0xCE9A, 0x10C3, 0x10A3, 0x10A3, 0x2966, 0xE73C, 0xFFFF, 0x8451, 0x10A3, 0x10C3, 0x10C3, 0x10A3,
  0x94B2, 0xFFFF, 0xEF7D, 0xDEFB, 0xDEFB, 0xC618, 0x4A6A, 0x10A3, 0x10A3, 0x10A3, 0x10A3, 0x10A3,
  0x10A3, 0x10A3, 0x10A3, 0x10A3, 0x10A3, 0x10A3, 0x10A3, 0x10A3, 0x10A3, 0x10A3, 0x10A3, 0x10A3,
  0x10A3, 0x10A3, 0x10A3, 0x10A3, 0x10A3, 0x10A3, 0x10A3, 0x10A3, 0x10A3, 0x10A3, 0x10A3, 0x10A3,
  0x10A3, 0x10A3, 0x10A3, 0x10A3, 0x10A3, 0x10A3, 0x10A3, 0x10A3, 0x10A3, 0x10A3, 0x10A3, 0x10A3,
  0x10A3, 0x10A3, 0x10A3, 0x10A3, 0x10A3, 0x10A3, 0x10A3, 0x10A3, 0x10A3, 0x10A3, 0x10A3, 0x10A3,
  0x10A3, 0x10A3, 0x10A3, 0x10A3, 0x10A3, 0x10A3, 0x10A3, 0x10A3, 0x10A3, 0x10A3, 0x10A3, 0x10A3,
  0x10A3, 0x10A3, 0x10A3, 0x10A3, 0x10A3, 0x10A3, 0x10A3, 0x10A3, 0x10A3, 0x10A3, 0x10A3, 0x10A3,
  0x10A3, 0x10A3, 0x10A3, 0x10A3, 0x10A3, 0x10A3, 0x10A3, 0x10A3, 0x10A3, 0x10A3, 0x10A3, 0x10A3,
  0x10A3, 0x10A3, 0x10A3, 0x10A3, 0x10A3, 0x10A3, 0x10A3, 0x10A3, 0x10A3, 0x10A3, 0x10A3, 0x10A3,
  0x10A3, 0x10A3, 0x10A3, 0x10A3, 0x39E7, 0x9CF3, 0x3A28, 0x18E4, 0x2145, 0xD6DB, 0xFFFF, 0xA534,
  0x10A3, 0x10C3, 0x10A3, 0x3A08, 0xF7BE, 0xFFFF, 0x4A6A, 0x10A3, 0x10A3, 0x8430, 0xFFFF, 0xD6DB,
  0x18E4, 0x10A3, 0x10C3, 0x10A3, 0x52AB, 0xFFFF, 0xFFFF, 0xBDF7, 0x52CB, 0x5B2C, 0xCE99, 0xFFFF,
  0xF7BE, 0x31A7, 0x10A3, 0x10A3, 0x10C3, 0x10A3, 0x8C92, 0xFFFF, 0xC658, 0x1904, 0x18E4, 0x10A3,
  0x10A3, 0x10A3, 0x10A3, 0x10A3, 0x10A3, 0x10A3, 0x10A3, 0x10A3, 0x10A3, 0x10A3, 0x10A3, 0x10A3,
  0x10A3, 0x10A3, 0x10A3, 0x10A3, 0x10A3, 0x10A3, 0x10A3, 0x10A3, 0x10A3, 0x10A3, 0x10A3, 0x10A3,
  0x10A3, 0x10A3, 0x10A3, 0x10A3, 0x10A3, 0x10A3, 0x10A3, 0x10A3, 0x10A3, 0x10A3, 0x10A3, 0x10A3,
  0x10A3, 0x10A3, 0x10A3, 0x10A3, 0x10A3, 0x10A3, 0x10A3, 0x10A3, 0x10A3, 0x10A3, 0x10A3, 0x10A3,
  0x10A3, 0x10A3, 0x10A3, 0x10A3, 0x10A3, 0x10A3, 0x10A3, 0x10A3, 0x10A3, 0x10A3, 0x10A3, 0x10A3,
  0x10A3, 0x10A3, 0x10A3, 0x10A3, 0x10A3, 0x10A3, 0x10A3, 0x10A3, 0x10A3, 0x10A3, 0x10A3, 0x10A3,
  0x10A3, 0x10A3, 0x10A3, 0x10A3, 0x10A3, 0x10A3, 0x10A3, 0x10A3, 0x10A3, 0x10A3, 0x10A3, 0x10A3,
  0x10A3, 0x10A3, 0x10A3, 0x10A3, 0x10A3, 0x10A3, 0x10A3, 0x10A3, 0x10A3, 0x10A3, 0x10A3, 0x10A3,
  0x10A3, 0x10A3, 0x10A3, 0x10A3, 0x10A3, 0x10A3, 0x10A3, 0x10A3, 0x10A3, 0x10C3, 0xBE18, 0xFFFF,
  0xFFFF, 0xEF9D, 0xF7BE, 0xFFFF, 0xFFFF, 0x52AB, 0x10A3, 0x10C3, 0x10A3, 0x4228, 0xFFFF, 0xFFFF,
  0x5AEB, 0x10C3, 0x10C3, 0x94B2, 0xFFFF, 0xE73C, 0x18E4, 0x10A3, 0x10A3, 0x10A3, 0x10A3, 0x8C71,
  0xFFFF, 0xFFFF, 0xFFFF, 0xFFFF, 0xFFFF, 0xF7DE, 0x6B6D, 0x10A3, 0x10A3, 0x10A3, 0x10C3, 0x10A3,
  0x94B2, 0xFFFF, 0xCE79, 0x10A3, 0x10A3, 0x10A3, 0x10A3, 0x10A3, 0x10A3, 0x10A3, 0x10A3, 0x10A3,
  0x10A3, 0x10A3, 0x10A3, 0x10A3, 0x10A3, 0x10A3, 0x10A3, 0x10A3, 0x10A3, 0x10A3, 0x10A3, 0x10A3,
  0x10A3, 0x10A3, 0x10A3, 0x10A3, 0x10A3, 0x10A3, 0x10A3, 0x10A3, 0x10A3, 0x10A3, 0x10A3, 0x10A3,
  0x10A3, 0x10A3, 0x10A3, 0x10A3, 0x10A3, 0x10A3, 0x10A3, 0x10A3, 0x10A3, 0x10A3, 0x10A3, 0x10A3,
  0x10A3, 0x10A3, 0x10A3, 0x10A3, 0x10A3, 0x10A3, 0x10A3, 0x10A3, 0x10A3, 0x10A3, 0x10A3, 0x10A3,
  0x10A3, 0x10A3, 0x10A3, 0x10A3, 0x10A3, 0x10A3, 0x10A3, 0x10A3, 0x10A3, 0x10A3, 0x10A3, 0x10A3,
  0x10A3, 0x10A3, 0x10A3, 0x10A3, 0x10A3, 0x10A3, 0x10A3, 0x10A3, 0x10A3, 0x10A3, 0x10A3, 0x10A3,
  0x10A3, 0x10A3, 0x10A3, 0x10A3, 0x10A3, 0x10A3, 0x10A3, 0x10A3, 0x10A3, 0x10A3, 0x10A3, 0x10A3,
  0x10A3, 0x10A3, 0x10A3, 0x10A3, 0x10A3, 0x10A3, 0x10A3, 0x10A3, 0x10A3, 0x10A3, 0x10A3, 0x10A3,
  0x10A3, 0x10A3, 0x10A3, 0x10C3, 0x6B6E, 0xBDD7, 0xE73C, 0xF7BE, 0xEF7D, 0xCE79, 0x5B0C, 0x10A3,
  0x10A3, 0x10A3, 0x10A3, 0x31C7, 0xC638, 0xCE59, 0x4249, 0x10A3, 0x10A3, 0x6B8E, 0xCE59, 0xAD75,
  0x10E4, 0x10A3, 0x10A3, 0x10A3, 0x10A3, 0x10A3, 0x634D, 0xCE79, 0xEF9D, 0xEF7D, 0xC618, 0x4AAA,
  0x10A3, 0x10A3, 0x10A3, 0x10A3, 0x10C3, 0x10A3, 0x73AE, 0xCE59, 0x9D13, 0x10A3, 0x10A3, 0x10A3,
  0x10A3, 0x10A3, 0x10A3, 0x10A3, 0x10A3, 0x10A3, 0x10A3, 0x10A3, 0x10A3, 0x10A3, 0x10A3, 0x10A3,
  0x10A3, 0x10A3, 0x10A3, 0x10A3, 0x10A3, 0x10A3, 0x10A3, 0x10A3, 0x10A3, 0x10A3, 0x10A3, 0x10A3,
  0x10A3, 0x10A3, 0x10A3, 0x10A3, 0x10A3, 0x10A3, 0x10A3, 0x10A3, 0x10A3, 0x10A3, 0x10A3, 0x10A3,
  0x10A3, 0x10A3, 0x10A3, 0x10A3, 0x10A3, 0x10A3, 0x10A3, 0x10A3, 0x10A3, 0x10A3, 0x10A3, 0x10A3,
  0x10A3, 0x10A3, 0x10A3, 0x10A3, 0x10A3, 0x10A3,
};
